Workbook

Sheet PassiveSkillData
A1: id | B1: 技能总称 | D1: 技能名 | E1: buffId列表 | F1: 效果id列表 | G1: 冷却时间
A2: id | B2: 技能总称 | C2: 备注 | D2: name | F2: effectIdListStr | G2: CD | I2: 1 | K2: 2 | M2: 3 | O2: 4 | P2: 5 | R2: 6
A3: =VLOOKUP(D3,Sheet3!$C:$AP,40,0) -> 2010101 | B3: 天涯月明章 | C3: 朔独还 | D3: 朔独还 | F3: =I3&K3&M3 -> 201010100;201010101; | G3: 0 | H3: =B3&C3&$I$2 -> 天涯月明章朔独还1 | I3: =IF(IFERROR(INDEX(EffectData!$G:$G,MATCH(H3,EffectData!$C:$C,0)),"")&";"=";","",IFERROR(INDEX(EffectData!$G:$G,MATCH(H3,EffectData!$C:$C,0)),"")&";") -> 201010100; | J3: =B3&C3&$K$2 -> 天涯月明章朔独还2 | K3: =IF(IFERROR(INDEX(EffectData!$G:$G,MATCH(J3,EffectData!$C:$C,0)),"")&";"=";","",IFERROR(INDEX(EffectData!$G:$G,MATCH(J3,EffectData!$C:$C,0)),"")&";") -> 201010101; | L3: =B3&C3&$M$2 -> 天涯月明章朔独还3 | N3: =B3&C3&$O$2 -> 天涯月明章朔独还4 | O3: =IFERROR(INDEX(EffectData!$G:$G,MATCH(O2,EffectData!$C:$C,0)),"")
A4: =VLOOKUP(D4,Sheet3!$C:$AP,40,0) -> 2010102 | B4: 天涯月明章 | C4: 执无言 | D4: 执无言 | F4: =I4&K4&M4 -> 201010200; | G4: 0 | H4: =B4&C4&$I$2 -> 天涯月明章执无言1 | I4: =IF(IFERROR(INDEX(EffectData!$G:$G,MATCH(H4,EffectData!$C:$C,0)),"")&";"=";","",IFERROR(INDEX(EffectData!$G:$G,MATCH(H4,EffectData!$C:$C,0)),"")&";") -> 201010200; | J4: =B4&C4&$K$2 -> 天涯月明章执无言2 | L4: =B4&C4&$M$2 -> 天涯月明章执无言3 | N4: =B4&C4&$O$2 -> 天涯月明章执无言4
A5: =VLOOKUP(D5,Sheet3!$C:$AP,40,0) -> 2010103 | B5: 天涯月明章 | C5: 涯无书 | D5: 涯无书 | F5: =I5&K5&M5 -> 201010300; | G5: 0 | H5: =B5&C5&$I$2 -> 天涯月明章涯无书1 | I5: =IF(IFERROR(INDEX(EffectData!$G:$G,MATCH(H5,EffectData!$C:$C,0)),"")&";"=";","",IFERROR(INDEX(EffectData!$G:$G,MATCH(H5,EffectData!$C:$C,0)),"")&";") -> 201010300; | J5: =B5&C5&$K$2 -> 天涯月明章涯无书2 | L5: =B5&C5&$M$2 -> 天涯月明章涯无书3 | N5: =B5&C5&$O$2 -> 天涯月明章涯无书4
A6: =VLOOKUP(D6,Sheet3!$C:$AP,40,0) -> 2010104 | B6: 天涯月明章 | C6: 晓月残星 | D6: 晓月残星 | F6: =I6&K6&M6&O6 -> 201010401;201010402;201010403; | G6: 0 | H6: =B6&C6&$I$2 -> 天涯月明章晓月残星1 | J6: =B6&C6&$K$2 -> 天涯月明章晓月残星2 | K6: =IF(IFERROR(INDEX(EffectData!$G:$G,MATCH(J6,EffectData!$C:$C,0)),"")&";"=";","",IFERROR(INDEX(EffectData!$G:$G,MATCH(J6,EffectData!$C:$C,0)),"")&";") -> 201010401; | L6: =B6&C6&$M$2 -> 天涯月明章晓月残星3 | M6: =IF(IFERROR(INDEX(EffectData!$G:$G,MATCH(L6,EffectData!$C:$C,0)),"")&";"=";","",IFERROR(INDEX(EffectData!$G:$G,MATCH(L6,EffectData!$C:$C,0)),"")&";") -> 201010402; | N6: =B6&C6&$O$2 -> 天涯月明章晓月残星4 | O6: =IF(IFERROR(INDEX(EffectData!$G:$G,MATCH(N6,EffectData!$C:$C,0)),"")&";"=";","",IFERROR(INDEX(EffectData!$G:$G,MATCH(N6,EffectData!$C:$C,0)),"")&";") -> 201010403;
A7: =VLOOKUP(D7,Sheet3!$C:$AP,40,0) -> 2010105 | B7: 天涯月明章 | C7: 人踟躇 | D7: 人踟躇 | F7: =I7&K7&M7&O7 -> 201010500; | G7: 0 | H7: =B7&C7&$I$2 -> 天涯月明章人踟躇1 | I7: =IF(IFERROR(INDEX(EffectData!$G:$G,MATCH(H7,EffectData!$C:$C,0)),"")&";"=";","",IFERROR(INDEX(EffectData!$G:$G,MATCH(H7,EffectData!$C:$C,0)),"")&";") -> 201010500; | J7: =B7&C7&$K$2 -> 天涯月明章人踟躇2 | K7: =IF(IFERROR(INDEX(EffectData!$G:$G,MATCH(J7,EffectData!$C:$C,0)),"")&";"=";","",IFERROR(INDEX(EffectData!$G:$G,MATCH(J7,EffectData!$C:$C,0)),"")&";") | L7: =B7&C7&$M$2 -> 天涯月明章人踟躇3 | M7: =IF(IFERROR(INDEX(EffectData!$G:$G,MATCH(L7,EffectData!$C:$C,0)),"")&";"=";","",IFERROR(INDEX(EffectData!$G:$G,MATCH(L7,EffectData!$C:$C,0)),"")&";") | N7: =B7&C7&$O$2 -> 天涯月明章人踟躇4 | O7: =IF(IFERROR(INDEX(EffectData!$G:$G,MATCH(N7,EffectData!$C:$C,0)),"")&";"=";","",IFERROR(INDEX(EffectData!$G:$G,MATCH(N7,EffectData!$C:$C,0)),"")&";")
A8: =VLOOKUP(D8,Sheet3!$C:$AP,40,0) -> 2010106 | B8: 天涯月明章 | C8: 携吴钩 | D8: 携吴钩 | F8: =I8&K8&M8 -> 201010600;201010601;201010602; | G8: 0 | H8: =B8&C8&$I$2 -> 天涯月明章携吴钩1 | I8: =IF(IFERROR(INDEX(EffectData!$G:$G,MATCH(H8,EffectData!$C:$C,0)),"")&";"=";","",IFERROR(INDEX(EffectData!$G:$G,MATCH(H8,EffectData!$C:$C,0)),"")&";") -> 201010600; | J8: =B8&C8&$K$2 -> 天涯月明章携吴钩2 | K8: =IF(IFERROR(INDEX(EffectData!$G:$G,MATCH(J8,EffectData!$C:$C,0)),"")&";"=";","",IFERROR(INDEX(EffectData!$G:$G,MATCH(J8,EffectData!$C:$C,0)),"")&";") -> 201010601; | L8: =B8&C8&$M$2 -> 天涯月明章携吴钩3 | M8: =IF(IFERROR(INDEX(EffectData!$G:$G,MATCH(L8,EffectData!$C:$C,0)),"")&";"=";","",IFERROR(INDEX(EffectData!$G:$G,MATCH(L8,EffectData!$C:$C,0)),"")&";") -> 201010602; | N8: =B8&C8&$O$2 -> 天涯月明章携吴钩4 | O8: =IFERROR(INDEX(EffectData!$G:$G,MATCH(O4,EffectData!$C:$C,0)),"")
A9: =VLOOKUP(D9,Sheet3!$C:$AP,40,0) -> 2010107 | B9: 天涯月明章 | C9: 折桂枝 | D9: 折桂枝 | F9: =I9&K9&M9&O9 -> 201010701;201010702;201010703; | G9: 0 | H9: =B9&C9&$I$2 -> 天涯月明章折桂枝1 | J9: =B9&C9&$K$2 -> 天涯月明章折桂枝2 | K9: =IF(IFERROR(INDEX(EffectData!$G:$G,MATCH(J9,EffectData!$C:$C,0)),"")&";"=";","",IFERROR(INDEX(EffectData!$G:$G,MATCH(J9,EffectData!$C:$C,0)),"")&";") -> 201010701; | L9: =B9&C9&$M$2 -> 天涯月明章折桂枝3 | M9: =IF(IFERROR(INDEX(EffectData!$G:$G,MATCH(L9,EffectData!$C:$C,0)),"")&";"=";","",IFERROR(INDEX(EffectData!$G:$G,MATCH(L9,EffectData!$C:$C,0)),"")&";") -> 201010702; | N9: =B9&C9&$O$2 -> 天涯月明章折桂枝4 | O9: =IF(IFERROR(INDEX(EffectData!$G:$G,MATCH(N9,EffectData!$C:$C,0)),"")&";"=";","",IFERROR(INDEX(EffectData!$G:$G,MATCH(N9,EffectData!$C:$C,0)),"")&";") -> 201010703;
A10: =VLOOKUP(D10,Sheet3!$C:$AP,40,0) -> 2010109 | B10: 天涯月明章 | C10: 共此时 | D10: 共此时 | F10: =I10&K10&M10&O10 -> 201010900; | G10: 0 | H10: =B10&C10&$I$2 -> 天涯月明章共此时1 | I10: =IF(IFERROR(INDEX(EffectData!$G:$G,MATCH(H10,EffectData!$C:$C,0)),"")&";"=";","",IFERROR(INDEX(EffectData!$G:$G,MATCH(H10,EffectData!$C:$C,0)),"")&";") -> 201010900; | J10: =B10&C10&$K$2 -> 天涯月明章共此时2 | L10: =B10&C10&$M$2 -> 天涯月明章共此时3 | M10: =IF(IFERROR(INDEX(EffectData!$G:$G,MATCH(L10,EffectData!$C:$C,0)),"")&";"=";","",IFERROR(INDEX(EffectData!$G:$G,MATCH(L10,EffectData!$C:$C,0)),"")&";") | N10: =B10&C10&$O$2 -> 天涯月明章共此时4 | O10: =IF(IFERROR(INDEX(EffectData!$G:$G,MATCH(N10,EffectData!$C:$C,0)),"")&";"=";","",IFERROR(INDEX(EffectData!$G:$G,MATCH(N10,EffectData!$C:$C,0)),"")&";") | P10: =B10&C10&$P$2 -> 天涯月明章共此时5 | Q10: =IFERROR(INDEX(EffectData!$G:$G,MATCH(P10,EffectData!$C:$C,0)),"")&";" -> ;
A11: =VLOOKUP(D11,Sheet3!$C:$AP,40,0) -> 2010201 | B11: 嗤魔祭血真经 | C11: 嗤魔万化 | D11: 嗤魔万化 | F11: =I11&K11&M11 -> 201020100;201020101; | H11: =B11&C11&$I$2 -> 嗤魔祭血真经嗤魔万化1 | I11: =IF(IFERROR(INDEX(EffectData!$G:$G,MATCH(H11,EffectData!$C:$C,0)),"")&";"=";","",IFERROR(INDEX(EffectData!$G:$G,MATCH(H11,EffectData!$C:$C,0)),"")&";") -> 201020100; | J11: =B11&C11&$K$2 -> 嗤魔祭血真经嗤魔万化2 | K11: =IF(IFERROR(INDEX(EffectData!$G:$G,MATCH(J11,EffectData!$C:$C,0)),"")&";"=";","",IFERROR(INDEX(EffectData!$G:$G,MATCH(J11,EffectData!$C:$C,0)),"")&";") -> 201020101;
A12: =VLOOKUP(D12,Sheet3!$C:$AP,40,0) -> 2010202 | B12: 嗤魔祭血真经 | C12: 鬼哭阴嚎 | D12: 鬼哭阴嚎 | F12: =I12&K12&M12 -> 201020200; | H12: =B12&C12&$I$2 -> 嗤魔祭血真经鬼哭阴嚎1 | I12: =IF(IFERROR(INDEX(EffectData!$G:$G,MATCH(H12,EffectData!$C:$C,0)),"")&";"=";","",IFERROR(INDEX(EffectData!$G:$G,MATCH(H12,EffectData!$C:$C,0)),"")&";") -> 201020200; | J12: =B12&C12&$K$2 -> 嗤魔祭血真经鬼哭阴嚎2 | K12: =IF(IFERROR(INDEX(EffectData!$G:$G,MATCH(J12,EffectData!$C:$C,0)),"")&";"=";","",IFERROR(INDEX(EffectData!$G:$G,MATCH(J12,EffectData!$C:$C,0)),"")&";")
A13: =VLOOKUP(D13,Sheet3!$C:$AP,40,0) -> 2010203 | B13: 嗤魔祭血真经 | C13: 附疽黄泉 | D13: 附疽黄泉 | F13: =I13&K13&M13 -> 201020300;201020301; | H13: =B13&C13&$I$2 -> 嗤魔祭血真经附疽黄泉1 | I13: =IF(IFERROR(INDEX(EffectData!$G:$G,MATCH(H13,EffectData!$C:$C,0)),"")&";"=";","",IFERROR(INDEX(EffectData!$G:$G,MATCH(H13,EffectData!$C:$C,0)),"")&";") -> 201020300; | J13: =B13&C13&$K$2 -> 嗤魔祭血真经附疽黄泉2 | K13: =IF(IFERROR(INDEX(EffectData!$G:$G,MATCH(J13,EffectData!$C:$C,0)),"")&";"=";","",IFERROR(INDEX(EffectData!$G:$G,MATCH(J13,EffectData!$C:$C,0)),"")&";") -> 201020301;
A14: =VLOOKUP(D14,Sheet3!$C:$AP,40,0) -> 2010204 | B14: 嗤魔祭血真经 | C14: 幽魂出窍 | D14: 幽魂出窍 | F14: =I14&K14&M14 -> 201020400;201020401; | H14: =B14&C14&$I$2 -> 嗤魔祭血真经幽魂出窍1 | I14: =IF(IFERROR(INDEX(EffectData!$G:$G,MATCH(H14,EffectData!$C:$C,0)),"")&";"=";","",IFERROR(INDEX(EffectData!$G:$G,MATCH(H14,EffectData!$C:$C,0)),"")&";") -> 201020400; | J14: =B14&C14&$K$2 -> 嗤魔祭血真经幽魂出窍2 | K14: =IF(IFERROR(INDEX(EffectData!$G:$G,MATCH(J14,EffectData!$C:$C,0)),"")&";"=";","",IFERROR(INDEX(EffectData!$G:$G,MATCH(J14,EffectData!$C:$C,0)),"")&";") -> 201020401;
A15: =VLOOKUP(D15,Sheet3!$C:$AP,40,0) -> 2010205 | B15: 嗤魔祭血真经 | C15: 残恶两生咒 | D15: 残恶两生咒 | F15: =I15&K15&M15 -> 201020500; | H15: =B15&C15&$I$2 -> 嗤魔祭血真经残恶两生咒1 | I15: =IF(IFERROR(INDEX(EffectData!$G:$G,MATCH(H15,EffectData!$C:$C,0)),"")&";"=";","",IFERROR(INDEX(EffectData!$G:$G,MATCH(H15,EffectData!$C:$C,0)),"")&";") -> 201020500; | J15: =B15&C15&$K$2 -> 嗤魔祭血真经残恶两生咒2 | K15: =IF(IFERROR(INDEX(EffectData!$G:$G,MATCH(J15,EffectData!$C:$C,0)),"")&";"=";","",IFERROR(INDEX(EffectData!$G:$G,MATCH(J15,EffectData!$C:$C,0)),"")&";")
A16: =VLOOKUP(D16,Sheet3!$C:$AP,40,0) -> 2010206 | B16: 嗤魔祭血真经 | C16: 恶鬼争食 | D16: 恶鬼争食 | F16: =I16&K16&M16 -> 201020600; | H16: =B16&C16&$I$2 -> 嗤魔祭血真经恶鬼争食1 | I16: =IF(IFERROR(INDEX(EffectData!$G:$G,MATCH(H16,EffectData!$C:$C,0)),"")&";"=";","",IFERROR(INDEX(EffectData!$G:$G,MATCH(H16,EffectData!$C:$C,0)),"")&";") -> 201020600; | J16: =B16&C16&$K$2 -> 嗤魔祭血真经恶鬼争食2 | K16: =IF(IFERROR(INDEX(EffectData!$G:$G,MATCH(J16,EffectData!$C:$C,0)),"")&";"=";","",IFERROR(INDEX(EffectData!$G:$G,MATCH(J16,EffectData!$C:$C,0)),"")&";")
A17: =VLOOKUP(D17,Sheet3!$C:$AP,40,0) -> 2010207 | B17: 嗤魔祭血真经 | C17: 瘟啼无间 | D17: 瘟啼无间 | F17: =I17&K17&M17 -> 201020700;201020701; | H17: =B17&C17&$I$2 -> 嗤魔祭血真经瘟啼无间1 | I17: =IF(IFERROR(INDEX(EffectData!$G:$G,MATCH(H17,EffectData!$C:$C,0)),"")&";"=";","",IFERROR(INDEX(EffectData!$G:$G,MATCH(H17,EffectData!$C:$C,0)),"")&";") -> 201020700; | J17: =B17&C17&$K$2 -> 嗤魔祭血真经瘟啼无间2 | K17: =IF(IFERROR(INDEX(EffectData!$G:$G,MATCH(J17,EffectData!$C:$C,0)),"")&";"=";","",IFERROR(INDEX(EffectData!$G:$G,MATCH(J17,EffectData!$C:$C,0)),"")&";") -> 201020701;
A18: =VLOOKUP(D18,Sheet3!$C:$AP,40,0) -> 2010209 | B18: 嗤魔祭血真经 | C18: 残躯转 | D18: 残躯转 | F18: =I18&K18&M18&O18 -> 201020900; | G18: 0 | H18: =B18&C18&$I$2 -> 嗤魔祭血真经残躯转1 | I18: =IF(IFERROR(INDEX(EffectData!$G:$G,MATCH(H18,EffectData!$C:$C,0)),"")&";"=";","",IFERROR(INDEX(EffectData!$G:$G,MATCH(H18,EffectData!$C:$C,0)),"")&";") -> 201020900; | J18: =B18&C18&$K$2 -> 嗤魔祭血真经残躯转2 | L18: =B18&C18&$M$2 -> 嗤魔祭血真经残躯转3 | M18: =IF(IFERROR(INDEX(EffectData!$G:$G,MATCH(L18,EffectData!$C:$C,0)),"")&";"=";","",IFERROR(INDEX(EffectData!$G:$G,MATCH(L18,EffectData!$C:$C,0)),"")&";") | N18: =B18&C18&$O$2 -> 嗤魔祭血真经残躯转4 | O18: =IF(IFERROR(INDEX(EffectData!$G:$G,MATCH(N18,EffectData!$C:$C,0)),"")&";"=";","",IFERROR(INDEX(EffectData!$G:$G,MATCH(N18,EffectData!$C:$C,0)),"")&";") | P18: =B18&C18&$P$2 -> 嗤魔祭血真经残躯转5 | Q18: =IFERROR(INDEX(EffectData!$G:$G,MATCH(P18,EffectData!$C:$C,0)),"")&";" -> ;
A19: =VLOOKUP(D19,Sheet3!$C:$AP,40,0) -> 2010301 | B19: 连珏天璧法 | C19: 璧碎珠沉 | D19: 璧碎珠沉 | F19: =I19&K19&M19 -> 201030100;201030101; | G19: 0 | H19: =B19&C19&$I$2 -> 连珏天璧法璧碎珠沉1 | I19: =IF(IFERROR(INDEX(EffectData!$G:$G,MATCH(H19,EffectData!$C:$C,0)),"")&";"=";","",IFERROR(INDEX(EffectData!$G:$G,MATCH(H19,EffectData!$C:$C,0)),"")&";") -> 201030100; | J19: =B19&C19&$K$2 -> 连珏天璧法璧碎珠沉2 | K19: =IF(IFERROR(INDEX(EffectData!$G:$G,MATCH(J19,EffectData!$C:$C,0)),"")&";"=";","",IFERROR(INDEX(EffectData!$G:$G,MATCH(J19,EffectData!$C:$C,0)),"")&";") -> 201030101; | L19: =B19&C19&$M$2 -> 连珏天璧法璧碎珠沉3 | N19: =B19&C19&$O$2 -> 连珏天璧法璧碎珠沉4 | O19: =IFERROR(INDEX(EffectData!$G:$G,MATCH(O9,EffectData!$C:$C,0)),"")
A20: =VLOOKUP(D20,Sheet3!$C:$AP,40,0) -> 2010302 | B20: 连珏天璧法 | C20: 圭角无痕 | D20: 圭角无痕 | F20: =I20&K20&M20 -> 201030200; | G20: 0 | H20: =B20&C20&$I$2 -> 连珏天璧法圭角无痕1 | I20: =IF(IFERROR(INDEX(EffectData!$G:$G,MATCH(H20,EffectData!$C:$C,0)),"")&";"=";","",IFERROR(INDEX(EffectData!$G:$G,MATCH(H20,EffectData!$C:$C,0)),"")&";") -> 201030200; | J20: =B20&C20&$K$2 -> 连珏天璧法圭角无痕2 | L20: =B20&C20&$M$2 -> 连珏天璧法圭角无痕3
A21: =VLOOKUP(D21,Sheet3!$C:$AP,40,0) -> 2010303 | B21: 连珏天璧法 | C21: 璞玉浑金 | D21: 璞玉浑金 | F21: =I21&K21&M21 -> 201030300; | G21: 0 | H21: =B21&C21&$I$2 -> 连珏天璧法璞玉浑金1 | I21: =IF(IFERROR(INDEX(EffectData!$G:$G,MATCH(H21,EffectData!$C:$C,0)),"")&";"=";","",IFERROR(INDEX(EffectData!$G:$G,MATCH(H21,EffectData!$C:$C,0)),"")&";") -> 201030300; | J21: =B21&C21&$K$2 -> 连珏天璧法璞玉浑金2 | L21: =B21&C21&$M$2 -> 连珏天璧法璞玉浑金3
A22: =VLOOKUP(D22,Sheet3!$C:$AP,40,0) -> 2010304 | B22: 连珏天璧法 | C22: 乱琼碎玉 | D22: 乱琼碎玉 | F22: =I22&K22&M22 -> 201030400;201030401; | G22: 0 | H22: =B22&C22&$I$2 -> 连珏天璧法乱琼碎玉1 | I22: =IF(IFERROR(INDEX(EffectData!$G:$G,MATCH(H22,EffectData!$C:$C,0)),"")&";"=";","",IFERROR(INDEX(EffectData!$G:$G,MATCH(H22,EffectData!$C:$C,0)),"")&";") -> 201030400; | J22: =B22&C22&$K$2 -> 连珏天璧法乱琼碎玉2 | K22: =IF(IFERROR(INDEX(EffectData!$G:$G,MATCH(J22,EffectData!$C:$C,0)),"")&";"=";","",IFERROR(INDEX(EffectData!$G:$G,MATCH(J22,EffectData!$C:$C,0)),"")&";") -> 201030401; | L22: =B22&C22&$M$2 -> 连珏天璧法乱琼碎玉3 | N22: =B22&C22&$O$2 -> 连珏天璧法乱琼碎玉4 | O22: =IFERROR(INDEX(EffectData!$G:$G,MATCH(O19,EffectData!$C:$C,0)),"")
A23: =VLOOKUP(D23,Sheet3!$C:$AP,40,0) -> 2010305 | B23: 连珏天璧法 | C23: 白璧无瑕 | D23: 白璧无瑕 | F23: =I23&K23&M23 -> 201030500; | G23: 0 | H23: =B23&C23&$I$2 -> 连珏天璧法白璧无瑕1 | I23: =IF(IFERROR(INDEX(EffectData!$G:$G,MATCH(H23,EffectData!$C:$C,0)),"")&";"=";","",IFERROR(INDEX(EffectData!$G:$G,MATCH(H23,EffectData!$C:$C,0)),"")&";") -> 201030500; | J23: =B23&C23&$K$2 -> 连珏天璧法白璧无瑕2
A24: =VLOOKUP(D24,Sheet3!$C:$AP,40,0) -> 2010306 | B24: 连珏天璧法 | C24: 金枝菩树 | D24: 金枝菩树 | F24: =I24&K24&M24 -> 201030600; | G24: 0 | H24: =B24&C24&$I$2 -> 连珏天璧法金枝菩树1 | I24: =IF(IFERROR(INDEX(EffectData!$G:$G,MATCH(H24,EffectData!$C:$C,0)),"")&";"=";","",IFERROR(INDEX(EffectData!$G:$G,MATCH(H24,EffectData!$C:$C,0)),"")&";") -> 201030600; | J24: =B24&C24&$K$2 -> 连珏天璧法金枝菩树2 | L24: =B24&C24&$M$2 -> 连珏天璧法金枝菩树3 | N24: =B24&C24&$O$2 -> 连珏天璧法金枝菩树4 | O24: =IFERROR(INDEX(EffectData!$G:$G,MATCH(O21,EffectData!$C:$C,0)),"")
A25: =VLOOKUP(D25,Sheet3!$C:$AP,40,0) -> 2010307 | B25: 连珏天璧法 | C25: 珠联璧合 | D25: 珠联璧合 | F25: =I25&K25&M25 -> 201030700;201030701; | G25: 0 | H25: =B25&C25&$I$2 -> 连珏天璧法珠联璧合1 | I25: =IF(IFERROR(INDEX(EffectData!$G:$G,MATCH(H25,EffectData!$C:$C,0)),"")&";"=";","",IFERROR(INDEX(EffectData!$G:$G,MATCH(H25,EffectData!$C:$C,0)),"")&";") -> 201030700; | J25: =B25&C25&$K$2 -> 连珏天璧法珠联璧合2 | K25: =IF(IFERROR(INDEX(EffectData!$G:$G,MATCH(J25,EffectData!$C:$C,0)),"")&";"=";","",IFERROR(INDEX(EffectData!$G:$G,MATCH(J25,EffectData!$C:$C,0)),"")&";") -> 201030701; | L25: =B25&C25&$M$2 -> 连珏天璧法珠联璧合3 | N25: =B25&C25&$O$2 -> 连珏天璧法珠联璧合4 | O25: =IFERROR(INDEX(EffectData!$G:$G,MATCH(O22,EffectData!$C:$C,0)),"")
A26: =VLOOKUP(D26,Sheet3!$C:$AP,40,0) -> 2010308 | B26: 连珏天璧法 | C26: 完璧不破 | D26: 完璧不破 | F26: =I26&K26&M26 -> 201030800; | G26: 0 | H26: =B26&C26&$I$2 -> 连珏天璧法完璧不破1 | I26: =IF(IFERROR(INDEX(EffectData!$G:$G,MATCH(H26,EffectData!$C:$C,0)),"")&";"=";","",IFERROR(INDEX(EffectData!$G:$G,MATCH(H26,EffectData!$C:$C,0)),"")&";") -> 201030800; | J26: =B26&C26&$K$2 -> 连珏天璧法完璧不破2
A27: =VLOOKUP(D27,Sheet3!$C:$AP,40,0) -> 2010309 | B27: 连珏天璧法 | C27: 不破壁 | D27: 不破壁 | F27: =I27&K27&M27&O27 -> 201030900; | G27: 0 | H27: =B27&C27&$I$2 -> 连珏天璧法不破壁1 | I27: =IF(IFERROR(INDEX(EffectData!$G:$G,MATCH(H27,EffectData!$C:$C,0)),"")&";"=";","",IFERROR(INDEX(EffectData!$G:$G,MATCH(H27,EffectData!$C:$C,0)),"")&";") -> 201030900; | J27: =B27&C27&$K$2 -> 连珏天璧法不破壁2 | L27: =B27&C27&$M$2 -> 连珏天璧法不破壁3 | M27: =IF(IFERROR(INDEX(EffectData!$G:$G,MATCH(L27,EffectData!$C:$C,0)),"")&";"=";","",IFERROR(INDEX(EffectData!$G:$G,MATCH(L27,EffectData!$C:$C,0)),"")&";") | N27: =B27&C27&$O$2 -> 连珏天璧法不破壁4 | O27: =IF(IFERROR(INDEX(EffectData!$G:$G,MATCH(N27,EffectData!$C:$C,0)),"")&";"=";","",IFERROR(INDEX(EffectData!$G:$G,MATCH(N27,EffectData!$C:$C,0)),"")&";") | P27: =B27&C27&$P$2 -> 连珏天璧法不破壁5 | Q27: =IFERROR(INDEX(EffectData!$G:$G,MATCH(P27,EffectData!$C:$C,0)),"")&";" -> ;
A28: =VLOOKUP(D28,Sheet3!$C:$AP,40,0) -> 2010401 | B28: 玄黎蛊瘴 | C28: 赤蛛织心 | D28: 赤蛛织心 | F28: =I28&K28&M28&O28 -> 201040100;201040101; | G28: 0 | H28: =B28&C28&$I$2 -> 玄黎蛊瘴赤蛛织心1 | I28: =IF(IFERROR(INDEX(EffectData!$G:$G,MATCH(H28,EffectData!$C:$C,0)),"")&";"=";","",IFERROR(INDEX(EffectData!$G:$G,MATCH(H28,EffectData!$C:$C,0)),"")&";") -> 201040100; | J28: =B28&C28&$K$2 -> 玄黎蛊瘴赤蛛织心2 | K28: =IF(IFERROR(INDEX(EffectData!$G:$G,MATCH(J28,EffectData!$C:$C,0)),"")&";"=";","",IFERROR(INDEX(EffectData!$G:$G,MATCH(J28,EffectData!$C:$C,0)),"")&";") -> 201040101; | L28: =B28&C28&$M$2 -> 玄黎蛊瘴赤蛛织心3 | M28: =IF(IFERROR(INDEX(EffectData!$G:$G,MATCH(L28,EffectData!$C:$C,0)),"")&";"=";","",IFERROR(INDEX(EffectData!$G:$G,MATCH(L28,EffectData!$C:$C,0)),"")&";") | N28: =B28&C28&$O$2 -> 玄黎蛊瘴赤蛛织心4 | O28: =IF(IFERROR(INDEX(EffectData!$G:$G,MATCH(N28,EffectData!$C:$C,0)),"")&";"=";","",IFERROR(INDEX(EffectData!$G:$G,MATCH(N28,EffectData!$C:$C,0)),"")&";")
A29: =VLOOKUP(D29,Sheet3!$C:$AP,40,0) -> 2010402 | B29: 玄黎蛊瘴 | C29: 天龙披山 | D29: 天龙披山 | F29: =I29&K29&M29 -> 201040200; | G29: 0 | H29: =B29&C29&$I$2 -> 玄黎蛊瘴天龙披山1 | I29: =IF(IFERROR(INDEX(EffectData!$G:$G,MATCH(H29,EffectData!$C:$C,0)),"")&";"=";","",IFERROR(INDEX(EffectData!$G:$G,MATCH(H29,EffectData!$C:$C,0)),"")&";") -> 201040200; | J29: =B29&C29&$K$2 -> 玄黎蛊瘴天龙披山2 | L29: =B29&C29&$M$2 -> 玄黎蛊瘴天龙披山3
A30: =VLOOKUP(D30,Sheet3!$C:$AP,40,0) -> 2010403 | B30: 玄黎蛊瘴 | C30: 撩蝎剔骨 | D30: 撩蝎剔骨 | F30: =I30&K30&M30 -> 201040300; | G30: 0 | H30: =B30&C30&$I$2 -> 玄黎蛊瘴撩蝎剔骨1 | I30: =IF(IFERROR(INDEX(EffectData!$G:$G,MATCH(H30,EffectData!$C:$C,0)),"")&";"=";","",IFERROR(INDEX(EffectData!$G:$G,MATCH(H30,EffectData!$C:$C,0)),"")&";") -> 201040300; | J30: =B30&C30&$K$2 -> 玄黎蛊瘴撩蝎剔骨2 | L30: =B30&C30&$M$2 -> 玄黎蛊瘴撩蝎剔骨3
A31: =VLOOKUP(D31,Sheet3!$C:$AP,40,0) -> 2010404 | B31: 玄黎蛊瘴 | C31: 仙蛛缠月 | D31: 仙蛛缠月 | F31: =I31&K31&M31 -> 201040400;201040402; | G31: 0 | H31: =B31&C31&$I$2 -> 玄黎蛊瘴仙蛛缠月1 | I31: =IF(IFERROR(INDEX(EffectData!$G:$G,MATCH(H31,EffectData!$C:$C,0)),"")&";"=";","",IFERROR(INDEX(EffectData!$G:$G,MATCH(H31,EffectData!$C:$C,0)),"")&";") -> 201040400; | J31: =B31&C31&$K$2 -> 玄黎蛊瘴仙蛛缠月2 | L31: =B31&C31&$M$2 -> 玄黎蛊瘴仙蛛缠月3 | M31: =IF(IFERROR(INDEX(EffectData!$G:$G,MATCH(L31,EffectData!$C:$C,0)),"")&";"=";","",IFERROR(INDEX(EffectData!$G:$G,MATCH(L31,EffectData!$C:$C,0)),"")&";") -> 201040402;
A32: =VLOOKUP(D32,Sheet3!$C:$AP,40,0) -> 2010405 | B32: 玄黎蛊瘴 | C32: 灵蛇淬骨 | D32: 灵蛇淬骨 | F32: =I32&K32&M32 -> 201040500;201040501; | G32: 0 | H32: =B32&C32&$I$2 -> 玄黎蛊瘴灵蛇淬骨1 | I32: =IF(IFERROR(INDEX(EffectData!$G:$G,MATCH(H32,EffectData!$C:$C,0)),"")&";"=";","",IFERROR(INDEX(EffectData!$G:$G,MATCH(H32,EffectData!$C:$C,0)),"")&";") -> 201040500; | J32: =B32&C32&$K$2 -> 玄黎蛊瘴灵蛇淬骨2 | K32: =IF(IFERROR(INDEX(EffectData!$G:$G,MATCH(J32,EffectData!$C:$C,0)),"")&";"=";","",IFERROR(INDEX(EffectData!$G:$G,MATCH(J32,EffectData!$C:$C,0)),"")&";") -> 201040501; | L32: =B32&C32&$M$2 -> 玄黎蛊瘴灵蛇淬骨3
A33: =VLOOKUP(D33,Sheet3!$C:$AP,40,0) -> 2010407 | B33: 玄黎蛊瘴 | C33: 金蟾宝衣 | D33: 金蟾宝衣 | F33: =I33&K33&M33 -> 201040700; | G33: 0 | H33: =B33&C33&$I$2 -> 玄黎蛊瘴金蟾宝衣1 | I33: =IF(IFERROR(INDEX(EffectData!$G:$G,MATCH(H33,EffectData!$C:$C,0)),"")&";"=";","",IFERROR(INDEX(EffectData!$G:$G,MATCH(H33,EffectData!$C:$C,0)),"")&";") -> 201040700; | J33: =B33&C33&$K$2 -> 玄黎蛊瘴金蟾宝衣2 | L33: =B33&C33&$M$2 -> 玄黎蛊瘴金蟾宝衣3 | M33: =IF(IFERROR(INDEX(EffectData!$G:$G,MATCH(L33,EffectData!$C:$C,0)),"")&";"=";","",IFERROR(INDEX(EffectData!$G:$G,MATCH(L33,EffectData!$C:$C,0)),"")&";")
A34: =VLOOKUP(D34,Sheet3!$C:$AP,40,0) -> 2010408 | B34: 玄黎蛊瘴 | C34: 玄黎蛊体 | D34: 玄黎蛊体 | F34: =I34&K34&M34 -> 201040800; | G34: 0 | H34: =B34&C34&$I$2 -> 玄黎蛊瘴玄黎蛊体1 | I34: =IF(IFERROR(INDEX(EffectData!$G:$G,MATCH(H34,EffectData!$C:$C,0)),"")&";"=";","",IFERROR(INDEX(EffectData!$G:$G,MATCH(H34,EffectData!$C:$C,0)),"")&";") -> 201040800; | J34: =B34&C34&$K$2 -> 玄黎蛊瘴玄黎蛊体2 | L34: =B34&C34&$M$2 -> 玄黎蛊瘴玄黎蛊体3 | M34: =IF(IFERROR(INDEX(EffectData!$G:$G,MATCH(L34,EffectData!$C:$C,0)),"")&";"=";","",IFERROR(INDEX(EffectData!$G:$G,MATCH(L34,EffectData!$C:$C,0)),"")&";")
A35: =VLOOKUP(D35,Sheet3!$C:$AP,40,0) -> 2010409 | B35: 玄黎蛊瘴 | C35: 蚩尤身 | D35: 蚩尤身 | F35: =I35&K35&M35 -> 201040900; | G35: 0 | H35: =B35&C35&$I$2 -> 玄黎蛊瘴蚩尤身1 | I35: =IF(IFERROR(INDEX(EffectData!$G:$G,MATCH(H35,EffectData!$C:$C,0)),"")&";"=";","",IFERROR(INDEX(EffectData!$G:$G,MATCH(H35,EffectData!$C:$C,0)),"")&";") -> 201040900; | J35: =B35&C35&$K$2 -> 玄黎蛊瘴蚩尤身2 | L35: =B35&C35&$M$2 -> 玄黎蛊瘴蚩尤身3 | M35: =IF(IFERROR(INDEX(EffectData!$G:$G,MATCH(L35,EffectData!$C:$C,0)),"")&";"=";","",IFERROR(INDEX(EffectData!$G:$G,MATCH(L35,EffectData!$C:$C,0)),"")&";")
A36: =VLOOKUP(D36,Sheet3!$C:$AP,40,0) -> 2010501 | B36: 三昧阿修罗道 | C36: 罗睺忿身相 | D36: 罗睺忿身相 | F36: =I36&K36&M36&O36 -> 201050100; | G36: 0 | H36: =B36&C36&$I$2 -> 三昧阿修罗道罗睺忿身相1 | I36: =IF(IFERROR(INDEX(EffectData!$G:$G,MATCH(H36,EffectData!$C:$C,0)),"")&";"=";","",IFERROR(INDEX(EffectData!$G:$G,MATCH(H36,EffectData!$C:$C,0)),"")&";") -> 201050100; | J36: =B36&C36&$K$2 -> 三昧阿修罗道罗睺忿身相2 | K36: =IF(IFERROR(INDEX(EffectData!$G:$G,MATCH(J36,EffectData!$C:$C,0)),"")&";"=";","",IFERROR(INDEX(EffectData!$G:$G,MATCH(J36,EffectData!$C:$C,0)),"")&";") | L36: =B36&C36&$M$2 -> 三昧阿修罗道罗睺忿身相3 | N36: =B36&C36&$O$2 -> 三昧阿修罗道罗睺忿身相4 | O36: =IFERROR(INDEX(EffectData!$G:$G,MATCH(O32,EffectData!$C:$C,0)),"")
A37: =VLOOKUP(D37,Sheet3!$C:$AP,40,0) -> 2010502 | B37: 三昧阿修罗道 | C37: 广纳障孽 | D37: 广纳障孽 | F37: =I37&K37&M37&O37 -> 201050200;201050201; | G37: 0 | H37: =B37&C37&$I$2 -> 三昧阿修罗道广纳障孽1 | I37: =IF(IFERROR(INDEX(EffectData!$G:$G,MATCH(H37,EffectData!$C:$C,0)),"")&";"=";","",IFERROR(INDEX(EffectData!$G:$G,MATCH(H37,EffectData!$C:$C,0)),"")&";") -> 201050200; | J37: =B37&C37&$K$2 -> 三昧阿修罗道广纳障孽2 | K37: =IF(IFERROR(INDEX(EffectData!$G:$G,MATCH(J37,EffectData!$C:$C,0)),"")&";"=";","",IFERROR(INDEX(EffectData!$G:$G,MATCH(J37,EffectData!$C:$C,0)),"")&";") -> 201050201; | L37: =B37&C37&$M$2 -> 三昧阿修罗道广纳障孽3 | N37: =B37&C37&$O$2 -> 三昧阿修罗道广纳障孽4 | O37: =IFERROR(INDEX(EffectData!$G:$G,MATCH(O32,EffectData!$C:$C,0)),"")
A38: =VLOOKUP(D38,Sheet3!$C:$AP,40,0) -> 2010503 | B38: 三昧阿修罗道 | C38: 刹鬼缚身 | D38: 刹鬼缚身 | F38: =I38&K38&M38&O38 -> 201050300; | G38: 0 | H38: =B38&C38&$I$2 -> 三昧阿修罗道刹鬼缚身1 | I38: =IF(IFERROR(INDEX(EffectData!$G:$G,MATCH(H38,EffectData!$C:$C,0)),"")&";"=";","",IFERROR(INDEX(EffectData!$G:$G,MATCH(H38,EffectData!$C:$C,0)),"")&";") -> 201050300; | J38: =B38&C38&$K$2 -> 三昧阿修罗道刹鬼缚身2 | L38: =B38&C38&$M$2 -> 三昧阿修罗道刹鬼缚身3 | N38: =B38&C38&$O$2 -> 三昧阿修罗道刹鬼缚身4 | O38: =IFERROR(INDEX(EffectData!$G:$G,MATCH(O32,EffectData!$C:$C,0)),"")
A39: =VLOOKUP(D39,Sheet3!$C:$AP,40,0) -> 2010504 | B39: 三昧阿修罗道 | C39: 黑绳众狱 | D39: 黑绳众狱 | F39: =I39&K39&M39&O39 -> 201050400; | G39: 0 | H39: =B39&C39&$I$2 -> 三昧阿修罗道黑绳众狱1 | I39: =IF(IFERROR(INDEX(EffectData!$G:$G,MATCH(H39,EffectData!$C:$C,0)),"")&";"=";","",IFERROR(INDEX(EffectData!$G:$G,MATCH(H39,EffectData!$C:$C,0)),"")&";") -> 201050400; | J39: =B39&C39&$K$2 -> 三昧阿修罗道黑绳众狱2 | L39: =B39&C39&$M$2 -> 三昧阿修罗道黑绳众狱3 | N39: =B39&C39&$O$2 -> 三昧阿修罗道黑绳众狱4 | O39: =IFERROR(INDEX(EffectData!$G:$G,MATCH(O33,EffectData!$C:$C,0)),"")
A40: =VLOOKUP(D40,Sheet3!$C:$AP,40,0) -> 2010505 | B40: 三昧阿修罗道 | C40: 明王身 | D40: 明王身 | F40: =I40&K40&M40&O40 -> 201050500;201050501; | G40: 0 | H40: =B40&C40&$I$2 -> 三昧阿修罗道明王身1 | I40: =IF(IFERROR(INDEX(EffectData!$G:$G,MATCH(H40,EffectData!$C:$C,0)),"")&";"=";","",IFERROR(INDEX(EffectData!$G:$G,MATCH(H40,EffectData!$C:$C,0)),"")&";") -> 201050500; | J40: =B40&C40&$K$2 -> 三昧阿修罗道明王身2 | K40: =IF(IFERROR(INDEX(EffectData!$G:$G,MATCH(J40,EffectData!$C:$C,0)),"")&";"=";","",IFERROR(INDEX(EffectData!$G:$G,MATCH(J40,EffectData!$C:$C,0)),"")&";") -> 201050501; | L40: =B40&C40&$M$2 -> 三昧阿修罗道明王身3 | N40: =B40&C40&$O$2 -> 三昧阿修罗道明王身4 | O40: =IFERROR(INDEX(EffectData!$G:$G,MATCH(O36,EffectData!$C:$C,0)),"")
A41: =VLOOKUP(D41,Sheet3!$C:$AP,40,0) -> 2010506 | B41: 三昧阿修罗道 | C41: 势至怒法 | D41: 势至怒法 | F41: =I41&K41&M41&O41 -> 201050600; | G41: 0 | H41: =B41&C41&$I$2 -> 三昧阿修罗道势至怒法1 | I41: =IF(IFERROR(INDEX(EffectData!$G:$G,MATCH(H41,EffectData!$C:$C,0)),"")&";"=";","",IFERROR(INDEX(EffectData!$G:$G,MATCH(H41,EffectData!$C:$C,0)),"")&";") -> 201050600; | J41: =B41&C41&$K$2 -> 三昧阿修罗道势至怒法2 | L41: =B41&C41&$M$2 -> 三昧阿修罗道势至怒法3 | N41: =B41&C41&$O$2 -> 三昧阿修罗道势至怒法4 | O41: =IFERROR(INDEX(EffectData!$G:$G,MATCH(O37,EffectData!$C:$C,0)),"")
A42: =VLOOKUP(D42,Sheet3!$C:$AP,40,0) -> 2010507 | B42: 三昧阿修罗道 | C42: 五浊恶时 | D42: 五浊恶时 | F42: =I42&K42&M42&O42 -> 201050700;201050701; | G42: 0 | H42: =B42&C42&$I$2 -> 三昧阿修罗道五浊恶时1 | I42: =IF(IFERROR(INDEX(EffectData!$G:$G,MATCH(H42,EffectData!$C:$C,0)),"")&";"=";","",IFERROR(INDEX(EffectData!$G:$G,MATCH(H42,EffectData!$C:$C,0)),"")&";") -> 201050700; | J42: =B42&C42&$K$2 -> 三昧阿修罗道五浊恶时2 | K42: =IF(IFERROR(INDEX(EffectData!$G:$G,MATCH(J42,EffectData!$C:$C,0)),"")&";"=";","",IFERROR(INDEX(EffectData!$G:$G,MATCH(J42,EffectData!$C:$C,0)),"")&";") -> 201050701; | L42: =B42&C42&$M$2 -> 三昧阿修罗道五浊恶时3 | N42: =B42&C42&$O$2 -> 三昧阿修罗道五浊恶时4 | O42: =IFERROR(INDEX(EffectData!$G:$G,MATCH(O38,EffectData!$C:$C,0)),"")
A43: =VLOOKUP(D43,Sheet3!$C:$AP,40,0) -> 2010509 | B43: 三昧阿修罗道 | C43: 离三昧 | D43: 离三昧 | F43: =I43&K43&M43&O43 -> 201050900; | G43: 0 | H43: =B43&C43&$I$2 -> 三昧阿修罗道离三昧1 | I43: =IF(IFERROR(INDEX(EffectData!$G:$G,MATCH(H43,EffectData!$C:$C,0)),"")&";"=";","",IFERROR(INDEX(EffectData!$G:$G,MATCH(H43,EffectData!$C:$C,0)),"")&";") -> 201050900; | J43: =B43&C43&$K$2 -> 三昧阿修罗道离三昧2 | K43: =IF(IFERROR(INDEX(EffectData!$G:$G,MATCH(J43,EffectData!$C:$C,0)),"")&";"=";","",IFERROR(INDEX(EffectData!$G:$G,MATCH(J43,EffectData!$C:$C,0)),"")&";") | L43: =B43&C43&$M$2 -> 三昧阿修罗道离三昧3 | N43: =B43&C43&$O$2 -> 三昧阿修罗道离三昧4 | O43: =IFERROR(INDEX(EffectData!$G:$G,MATCH(O39,EffectData!$C:$C,0)),"")
A44: =VLOOKUP(D44,Sheet3!$C:$AP,40,0) -> 2010601 | B44: 太素灵枢篇 | C44: 神农百草诀 | D44: 神农百草诀 | F44: =I44&K44&M44&O44 -> 201060100; | G44: 0 | H44: =B44&C44&$I$2 -> 太素灵枢篇神农百草诀1 | I44: =IF(IFERROR(INDEX(EffectData!$G:$G,MATCH(H44,EffectData!$C:$C,0)),"")&";"=";","",IFERROR(INDEX(EffectData!$G:$G,MATCH(H44,EffectData!$C:$C,0)),"")&";") -> 201060100; | J44: =B44&C44&$K$2 -> 太素灵枢篇神农百草诀2 | L44: =B44&C44&$M$2 -> 太素灵枢篇神农百草诀3 | N44: =B44&C44&$O$2 -> 太素灵枢篇神农百草诀4 | O44: =IFERROR(INDEX(EffectData!$G:$G,MATCH(N44,EffectData!$C:$C,0)),"")
A45: =VLOOKUP(D45,Sheet3!$C:$AP,40,0) -> 2010602 | B45: 太素灵枢篇 | C45: 丹脉庇身 | D45: 丹脉庇身 | F45: =I45&K45&M45&O45 -> 201060200; | G45: 0 | H45: =B45&C45&$I$2 -> 太素灵枢篇丹脉庇身1 | I45: =IF(IFERROR(INDEX(EffectData!$G:$G,MATCH(H45,EffectData!$C:$C,0)),"")&";"=";","",IFERROR(INDEX(EffectData!$G:$G,MATCH(H45,EffectData!$C:$C,0)),"")&";") -> 201060200; | J45: =B45&C45&$K$2 -> 太素灵枢篇丹脉庇身2 | L45: =B45&C45&$M$2 -> 太素灵枢篇丹脉庇身3 | N45: =B45&C45&$O$2 -> 太素灵枢篇丹脉庇身4 | O45: =IFERROR(INDEX(EffectData!$G:$G,MATCH(N45,EffectData!$C:$C,0)),"")
A46: =VLOOKUP(D46,Sheet3!$C:$AP,40,0) -> 2010603 | B46: 太素灵枢篇 | C46: 转经驱脉 | D46: 转经驱脉 | F46: =I46&K46&M46&O46 -> 201060300; | G46: 0 | H46: =B46&C46&$I$2 -> 太素灵枢篇转经驱脉1 | I46: =IF(IFERROR(INDEX(EffectData!$G:$G,MATCH(H46,EffectData!$C:$C,0)),"")&";"=";","",IFERROR(INDEX(EffectData!$G:$G,MATCH(H46,EffectData!$C:$C,0)),"")&";") -> 201060300; | J46: =B46&C46&$K$2 -> 太素灵枢篇转经驱脉2 | L46: =B46&C46&$M$2 -> 太素灵枢篇转经驱脉3 | N46: =B46&C46&$O$2 -> 太素灵枢篇转经驱脉4 | O46: =IFERROR(INDEX(EffectData!$G:$G,MATCH(N46,EffectData!$C:$C,0)),"")
A47: =VLOOKUP(D47,Sheet3!$C:$AP,40,0) -> 2010605 | B47: 太素灵枢篇 | C47: 五禽杖 | D47: 五禽杖 | F47: =I47&K47&M47&O47 -> 201060500; | G47: 0 | H47: =B47&C47&$I$2 -> 太素灵枢篇五禽杖1 | I47: =IF(IFERROR(INDEX(EffectData!$G:$G,MATCH(H47,EffectData!$C:$C,0)),"")&";"=";","",IFERROR(INDEX(EffectData!$G:$G,MATCH(H47,EffectData!$C:$C,0)),"")&";") -> 201060500; | J47: =B47&C47&$K$2 -> 太素灵枢篇五禽杖2 | L47: =B47&C47&$M$2 -> 太素灵枢篇五禽杖3 | N47: =B47&C47&$O$2 -> 太素灵枢篇五禽杖4 | O47: =IFERROR(INDEX(EffectData!$G:$G,MATCH(N47,EffectData!$C:$C,0)),"")
A48: =VLOOKUP(D48,Sheet3!$C:$AP,40,0) -> 2010606 | B48: 太素灵枢篇 | C48: 五禽健佑 | D48: 五禽健佑 | F48: =I48&K48&M48&O48 -> 201060600;201060601; | G48: 0 | H48: =B48&C48&$I$2 -> 太素灵枢篇五禽健佑1 | I48: =IF(IFERROR(INDEX(EffectData!$G:$G,MATCH(H48,EffectData!$C:$C,0)),"")&";"=";","",IFERROR(INDEX(EffectData!$G:$G,MATCH(H48,EffectData!$C:$C,0)),"")&";") -> 201060600; | J48: =B48&C48&$K$2 -> 太素灵枢篇五禽健佑2 | K48: =IF(IFERROR(INDEX(EffectData!$G:$G,MATCH(J48,EffectData!$C:$C,0)),"")&";"=";","",IFERROR(INDEX(EffectData!$G:$G,MATCH(J48,EffectData!$C:$C,0)),"")&";") -> 201060601; | L48: =B48&C48&$M$2 -> 太素灵枢篇五禽健佑3 | N48: =B48&C48&$O$2 -> 太素灵枢篇五禽健佑4 | O48: =IFERROR(INDEX(EffectData!$G:$G,MATCH(N48,EffectData!$C:$C,0)),"")
A49: =VLOOKUP(D49,Sheet3!$C:$AP,40,0) -> 2010604 | B49: 太素灵枢篇 | C49: 净辟苏息 | D49: 净辟苏息 | F49: =I49&K49&M49&O49 -> 201060400; | G49: 0 | H49: =B49&C49&$I$2 -> 太素灵枢篇净辟苏息1 | I49: =IF(IFERROR(INDEX(EffectData!$G:$G,MATCH(H49,EffectData!$C:$C,0)),"")&";"=";","",IFERROR(INDEX(EffectData!$G:$G,MATCH(H49,EffectData!$C:$C,0)),"")&";") -> 201060400; | J49: =B49&C49&$K$2 -> 太素灵枢篇净辟苏息2 | L49: =B49&C49&$M$2 -> 太素灵枢篇净辟苏息3 | N49: =B49&C49&$O$2 -> 太素灵枢篇净辟苏息4 | O49: =IFERROR(INDEX(EffectData!$G:$G,MATCH(N49,EffectData!$C:$C,0)),"")
A50: =VLOOKUP(D50,Sheet3!$C:$AP,40,0) -> 2010607 | B50: 太素灵枢篇 | C50: 寸草寒香 | D50: 寸草寒香 | F50: =I50&K50&M50&O50 -> 201060700;201060701; | G50: 0 | H50: =B50&C50&$I$2 -> 太素灵枢篇寸草寒香1 | I50: =IF(IFERROR(INDEX(EffectData!$G:$G,MATCH(H50,EffectData!$C:$C,0)),"")&";"=";","",IFERROR(INDEX(EffectData!$G:$G,MATCH(H50,EffectData!$C:$C,0)),"")&";") -> 201060700; | J50: =B50&C50&$K$2 -> 太素灵枢篇寸草寒香2 | K50: =IF(IFERROR(INDEX(EffectData!$G:$G,MATCH(J50,EffectData!$C:$C,0)),"")&";"=";","",IFERROR(INDEX(EffectData!$G:$G,MATCH(J50,EffectData!$C:$C,0)),"")&";") -> 201060701; | L50: =B50&C50&$M$2 -> 太素灵枢篇寸草寒香3 | N50: =B50&C50&$O$2 -> 太素灵枢篇寸草寒香4 | O50: =IFERROR(INDEX(EffectData!$G:$G,MATCH(N50,EffectData!$C:$C,0)),"")
A51: =VLOOKUP(D51,Sheet3!$C:$AP,40,0) -> 2010608 | B51: 太素灵枢篇 | C51: 灵枢妙手 | D51: 灵枢妙手 | F51: =I51&K51&M51&O51 -> 201060800;201060801; | G51: 0 | H51: =B51&C51&$I$2 -> 太素灵枢篇灵枢妙手1 | I51: =IF(IFERROR(INDEX(EffectData!$G:$G,MATCH(H51,EffectData!$C:$C,0)),"")&";"=";","",IFERROR(INDEX(EffectData!$G:$G,MATCH(H51,EffectData!$C:$C,0)),"")&";") -> 201060800; | J51: =B51&C51&$K$2 -> 太素灵枢篇灵枢妙手2 | K51: =IF(IFERROR(INDEX(EffectData!$G:$G,MATCH(J51,EffectData!$C:$C,0)),"")&";"=";","",IFERROR(INDEX(EffectData!$G:$G,MATCH(J51,EffectData!$C:$C,0)),"")&";") -> 201060801; | L51: =B51&C51&$M$2 -> 太素灵枢篇灵枢妙手3 | N51: =B51&C51&$O$2 -> 太素灵枢篇灵枢妙手4 | O51: =IFERROR(INDEX(EffectData!$G:$G,MATCH(N51,EffectData!$C:$C,0)),"")
A52: =VLOOKUP(D52,Sheet3!$C:$AP,40,0) -> 2010609 | B52: 太素灵枢篇 | C52: 顺脉通贯 | D52: 顺脉通贯 | F52: =I52&K52&M52&O52 -> 201060900; | G52: 0 | H52: =B52&C52&$I$2 -> 太素灵枢篇顺脉通贯1 | I52: =IF(IFERROR(INDEX(EffectData!$G:$G,MATCH(H52,EffectData!$C:$C,0)),"")&";"=";","",IFERROR(INDEX(EffectData!$G:$G,MATCH(H52,EffectData!$C:$C,0)),"")&";") -> 201060900; | J52: =B52&C52&$K$2 -> 太素灵枢篇顺脉通贯2 | K52: =IF(IFERROR(INDEX(EffectData!$G:$G,MATCH(J52,EffectData!$C:$C,0)),"")&";"=";","",IFERROR(INDEX(EffectData!$G:$G,MATCH(J52,EffectData!$C:$C,0)),"")&";") | L52: =B52&C52&$M$2 -> 太素灵枢篇顺脉通贯3 | N52: =B52&C52&$O$2 -> 太素灵枢篇顺脉通贯4 | O52: =IFERROR(INDEX(EffectData!$G:$G,MATCH(N52,EffectData!$C:$C,0)),"")
A53: =VLOOKUP(D53,Sheet3!$C:$AP,40,0) -> 2010702 | B53: 太玄混元经 | C53: 道法合和 | D53: 道法合和 | F53: =I53&K53&M53&O53 -> 201070200;201070201; | G53: 0 | H53: =B53&C53&$I$2 -> 太玄混元经道法合和1 | I53: =IF(IFERROR(INDEX(EffectData!$G:$G,MATCH(H53,EffectData!$C:$C,0)),"")&";"=";","",IFERROR(INDEX(EffectData!$G:$G,MATCH(H53,EffectData!$C:$C,0)),"")&";") -> 201070200; | J53: =B53&C53&$K$2 -> 太玄混元经道法合和2 | K53: =IF(IFERROR(INDEX(EffectData!$G:$G,MATCH(J53,EffectData!$C:$C,0)),"")&";"=";","",IFERROR(INDEX(EffectData!$G:$G,MATCH(J53,EffectData!$C:$C,0)),"")&";") -> 201070201; | L53: =B53&C53&$M$2 -> 太玄混元经道法合和3 | N53: =B53&C53&$O$2 -> 太玄混元经道法合和4 | O53: =IFERROR(INDEX(EffectData!$G:$G,MATCH(O50,EffectData!$C:$C,0)),"")
A54: =VLOOKUP(D54,Sheet3!$C:$AP,40,0) -> 2010704 | B54: 太玄混元经 | C54: 洞玄纳真 | D54: 洞玄纳真 | F54: =I54&K54&M54&O54 -> 201070401; | G54: 0 | H54: =B54&C54&$I$2 -> 太玄混元经洞玄纳真1 | J54: =B54&C54&$K$2 -> 太玄混元经洞玄纳真2 | K54: =IF(IFERROR(INDEX(EffectData!$G:$G,MATCH(J54,EffectData!$C:$C,0)),"")&";"=";","",IFERROR(INDEX(EffectData!$G:$G,MATCH(J54,EffectData!$C:$C,0)),"")&";") -> 201070401; | L54: =B54&C54&$M$2 -> 太玄混元经洞玄纳真3 | N54: =B54&C54&$O$2 -> 太玄混元经洞玄纳真4 | O54: =IFERROR(INDEX(EffectData!$G:$G,MATCH(O50,EffectData!$C:$C,0)),"")
A55: =VLOOKUP(D55,Sheet3!$C:$AP,40,0) -> 2010705 | B55: 太玄混元经 | C55: 乾卦昇 | D55: 乾卦昇 | F55: =I55&K55&M55&O55 -> 201070500; | G55: 0 | H55: =B55&C55&$I$2 -> 太玄混元经乾卦昇1 | I55: =IF(IFERROR(INDEX(EffectData!$G:$G,MATCH(H55,EffectData!$C:$C,0)),"")&";"=";","",IFERROR(INDEX(EffectData!$G:$G,MATCH(H55,EffectData!$C:$C,0)),"")&";") -> 201070500; | J55: =B55&C55&$K$2 -> 太玄混元经乾卦昇2 | L55: =B55&C55&$M$2 -> 太玄混元经乾卦昇3 | N55: =B55&C55&$O$2 -> 太玄混元经乾卦昇4 | O55: =IFERROR(INDEX(EffectData!$G:$G,MATCH(O50,EffectData!$C:$C,0)),"")
A56: =VLOOKUP(D56,Sheet3!$C:$AP,40,0) -> 2010706 | B56: 太玄混元经 | C56: 列冲纯阳 | D56: 列冲纯阳 | F56: =I56&K56&M56&O56 -> 201070600; | G56: 0 | H56: =B56&C56&$I$2 -> 太玄混元经列冲纯阳1 | I56: =IF(IFERROR(INDEX(EffectData!$G:$G,MATCH(H56,EffectData!$C:$C,0)),"")&";"=";","",IFERROR(INDEX(EffectData!$G:$G,MATCH(H56,EffectData!$C:$C,0)),"")&";") -> 201070600; | J56: =B56&C56&$K$2 -> 太玄混元经列冲纯阳2 | L56: =B56&C56&$M$2 -> 太玄混元经列冲纯阳3 | N56: =B56&C56&$O$2 -> 太玄混元经列冲纯阳4 | O56: =IFERROR(INDEX(EffectData!$G:$G,MATCH(O51,EffectData!$C:$C,0)),"")
A57: =VLOOKUP(D57,Sheet3!$C:$AP,40,0) -> 2010707 | B57: 太玄混元经 | C57: 坤卦载 | D57: 坤卦载 | F57: =I57&K57&M57&O57 -> 201070700;201070701; | G57: 0 | H57: =B57&C57&$I$2 -> 太玄混元经坤卦载1 | I57: =IF(IFERROR(INDEX(EffectData!$G:$G,MATCH(H57,EffectData!$C:$C,0)),"")&";"=";","",IFERROR(INDEX(EffectData!$G:$G,MATCH(H57,EffectData!$C:$C,0)),"")&";") -> 201070700; | J57: =B57&C57&$K$2 -> 太玄混元经坤卦载2 | K57: =IF(IFERROR(INDEX(EffectData!$G:$G,MATCH(J57,EffectData!$C:$C,0)),"")&";"=";","",IFERROR(INDEX(EffectData!$G:$G,MATCH(J57,EffectData!$C:$C,0)),"")&";") -> 201070701; | L57: =B57&C57&$M$2 -> 太玄混元经坤卦载3 | N57: =B57&C57&$O$2 -> 太玄混元经坤卦载4 | O57: =IFERROR(INDEX(EffectData!$G:$G,MATCH(#REF!,EffectData!$C:$C,0)),"")
A58: =VLOOKUP(D58,Sheet3!$C:$AP,40,0) -> 2010708 | B58: 太玄混元经 | C58: 太和清气 | D58: 太和清气 | F58: =I58&K58&M58&O58 -> 201070800; | G58: 0 | H58: =B58&C58&$I$2 -> 太玄混元经太和清气1 | I58: =IF(IFERROR(INDEX(EffectData!$G:$G,MATCH(H58,EffectData!$C:$C,0)),"")&";"=";","",IFERROR(INDEX(EffectData!$G:$G,MATCH(H58,EffectData!$C:$C,0)),"")&";") -> 201070800; | J58: =B58&C58&$K$2 -> 太玄混元经太和清气2 | K58: =IF(IFERROR(INDEX(EffectData!$G:$G,MATCH(J58,EffectData!$C:$C,0)),"")&";"=";","",IFERROR(INDEX(EffectData!$G:$G,MATCH(J58,EffectData!$C:$C,0)),"")&";") | L58: =B58&C58&$M$2 -> 太玄混元经太和清气3 | N58: =B58&C58&$O$2 -> 太玄混元经太和清气4 | O58: =IFERROR(INDEX(EffectData!$G:$G,MATCH(#REF!,EffectData!$C:$C,0)),"")
A59: =VLOOKUP(D59,Sheet3!$C:$AP,40,0) -> 2010709 | B59: 太玄混元经 | C59: 玄远意 | D59: 玄远意 | F59: =I59&K59&M59&O59 -> 201070900; | G59: 0 | H59: =B59&C59&$I$2 -> 太玄混元经玄远意1 | I59: =IF(IFERROR(INDEX(EffectData!$G:$G,MATCH(H59,EffectData!$C:$C,0)),"")&";"=";","",IFERROR(INDEX(EffectData!$G:$G,MATCH(H59,EffectData!$C:$C,0)),"")&";") -> 201070900; | J59: =B59&C59&$K$2 -> 太玄混元经玄远意2 | K59: =IF(IFERROR(INDEX(EffectData!$G:$G,MATCH(J59,EffectData!$C:$C,0)),"")&";"=";","",IFERROR(INDEX(EffectData!$G:$G,MATCH(J59,EffectData!$C:$C,0)),"")&";") | L59: =B59&C59&$M$2 -> 太玄混元经玄远意3 | N59: =B59&C59&$O$2 -> 太玄混元经玄远意4 | O59: =IFERROR(INDEX(EffectData!$G:$G,MATCH(#REF!,EffectData!$C:$C,0)),"")
A60: =VLOOKUP(D60,Sheet3!$C:$AP,40,0) -> 2010802 | B60: 悟玄参契 | C60: 用晦而明 | D60: 用晦而明 | F60: =I60&K60&M60 -> 201080200; | G60: 0 | H60: =B60&C60&$I$2 -> 悟玄参契用晦而明1 | I60: =IF(IFERROR(INDEX(EffectData!$G:$G,MATCH(H60,EffectData!$C:$C,0)),"")&";"=";","",IFERROR(INDEX(EffectData!$G:$G,MATCH(H60,EffectData!$C:$C,0)),"")&";") -> 201080200; | J60: =B60&C60&$K$2 -> 悟玄参契用晦而明2
A61: =VLOOKUP(D61,Sheet3!$C:$AP,40,0) -> 2010803 | B61: 悟玄参契 | C61: 倒果为因 | D61: 倒果为因 | F61: =I61&K61&M61 -> 201080300; | G61: 0 | H61: =B61&C61&$I$2 -> 悟玄参契倒果为因1 | I61: =IF(IFERROR(INDEX(EffectData!$G:$G,MATCH(H61,EffectData!$C:$C,0)),"")&";"=";","",IFERROR(INDEX(EffectData!$G:$G,MATCH(H61,EffectData!$C:$C,0)),"")&";") -> 201080300; | J61: =B61&C61&$K$2 -> 悟玄参契倒果为因2
A62: =VLOOKUP(D62,Sheet3!$C:$AP,40,0) -> 2010804 | B62: 悟玄参契 | C62: 同乘同体 | D62: 同乘同体 | F62: =I62&K62&M62 -> 201080400; | G62: 0 | H62: =B62&C62&$I$2 -> 悟玄参契同乘同体1 | I62: =IF(IFERROR(INDEX(EffectData!$G:$G,MATCH(H62,EffectData!$C:$C,0)),"")&";"=";","",IFERROR(INDEX(EffectData!$G:$G,MATCH(H62,EffectData!$C:$C,0)),"")&";") -> 201080400; | J62: =B62&C62&$K$2 -> 悟玄参契同乘同体2
A63: =VLOOKUP(D63,Sheet3!$C:$AP,40,0) -> 2010805 | B63: 悟玄参契 | C63: 阙少围多 | D63: 阙少围多 | F63: =I63&K63&M63 -> 201080500; | G63: 0 | H63: =B63&C63&$I$2 -> 悟玄参契阙少围多1 | I63: =IF(IFERROR(INDEX(EffectData!$G:$G,MATCH(H63,EffectData!$C:$C,0)),"")&";"=";","",IFERROR(INDEX(EffectData!$G:$G,MATCH(H63,EffectData!$C:$C,0)),"")&";") -> 201080500; | J63: =B63&C63&$K$2 -> 悟玄参契阙少围多2
A64: =VLOOKUP(D64,Sheet3!$C:$AP,40,0) -> 2010806 | B64: 悟玄参契 | C64: 熄命燃性 | D64: 熄命燃性 | F64: =I64&K64&M64 -> 201080600; | G64: 0 | H64: =B64&C64&$I$2 -> 悟玄参契熄命燃性1 | I64: =IF(IFERROR(INDEX(EffectData!$G:$G,MATCH(H64,EffectData!$C:$C,0)),"")&";"=";","",IFERROR(INDEX(EffectData!$G:$G,MATCH(H64,EffectData!$C:$C,0)),"")&";") -> 201080600; | J64: =B64&C64&$K$2 -> 悟玄参契熄命燃性2
A65: =VLOOKUP(D65,Sheet3!$C:$AP,40,0) -> 2010807 | B65: 悟玄参契 | C65: 真始玄篇 | D65: 真始玄篇 | F65: =I65&K65&M65 -> 201080700; | G65: 0 | H65: =B65&C65&$I$2 -> 悟玄参契真始玄篇1 | I65: =IF(IFERROR(INDEX(EffectData!$G:$G,MATCH(H65,EffectData!$C:$C,0)),"")&";"=";","",IFERROR(INDEX(EffectData!$G:$G,MATCH(H65,EffectData!$C:$C,0)),"")&";") -> 201080700; | J65: =B65&C65&$K$2 -> 悟玄参契真始玄篇2
A66: =VLOOKUP(D66,Sheet3!$C:$AP,40,0) -> 2010808 | B66: 悟玄参契 | C66: 敛羽化生势 | D66: 敛羽化生势 | F66: =I66&K66&M66 -> 201080800;201080801; | G66: 0 | H66: =B66&C66&$I$2 -> 悟玄参契敛羽化生势1 | I66: =IF(IFERROR(INDEX(EffectData!$G:$G,MATCH(H66,EffectData!$C:$C,0)),"")&";"=";","",IFERROR(INDEX(EffectData!$G:$G,MATCH(H66,EffectData!$C:$C,0)),"")&";") -> 201080800; | J66: =B66&C66&$K$2 -> 悟玄参契敛羽化生势2 | K66: =IF(IFERROR(INDEX(EffectData!$G:$G,MATCH(J66,EffectData!$C:$C,0)),"")&";"=";","",IFERROR(INDEX(EffectData!$G:$G,MATCH(J66,EffectData!$C:$C,0)),"")&";") -> 201080801;
A67: =VLOOKUP(D67,Sheet3!$C:$AP,40,0) -> 2010809 | B67: 悟玄参契 | C67: 入北冥 | D67: 入北冥 | F67: =I67&K67&M67 -> 201080900; | G67: 0 | H67: =B67&C67&$I$2 -> 悟玄参契入北冥1 | I67: =IF(IFERROR(INDEX(EffectData!$G:$G,MATCH(H67,EffectData!$C:$C,0)),"")&";"=";","",IFERROR(INDEX(EffectData!$G:$G,MATCH(H67,EffectData!$C:$C,0)),"")&";") -> 201080900; | J67: =B67&C67&$K$2 -> 悟玄参契入北冥2 | K67: =IF(IFERROR(INDEX(EffectData!$G:$G,MATCH(J67,EffectData!$C:$C,0)),"")&";"=";","",IFERROR(INDEX(EffectData!$G:$G,MATCH(J67,EffectData!$C:$C,0)),"")&";")
A68: =VLOOKUP(D68,Sheet3!$C:$AP,40,0) -> 2010901 | B68: 吸星噬寰图 | C68: 噬寰吞鸿 | D68: 噬寰吞鸿 | F68: =I68&K68&M68 -> 201090100;201090102; | G68: 0 | H68: =B68&C68&$I$2 -> 吸星噬寰图噬寰吞鸿1 | I68: =IF(IFERROR(INDEX(EffectData!$G:$G,MATCH(H68,EffectData!$C:$C,0)),"")&";"=";","",IFERROR(INDEX(EffectData!$G:$G,MATCH(H68,EffectData!$C:$C,0)),"")&";") -> 201090100; | J68: =B68&C68&$K$2 -> 吸星噬寰图噬寰吞鸿2 | L68: =B68&C68&$M$2 -> 吸星噬寰图噬寰吞鸿3 | M68: =IF(IFERROR(INDEX(EffectData!$G:$G,MATCH(L68,EffectData!$C:$C,0)),"")&";"=";","",IFERROR(INDEX(EffectData!$G:$G,MATCH(L68,EffectData!$C:$C,0)),"")&";") -> 201090102; | N68: =B68&C68&$O$2 -> 吸星噬寰图噬寰吞鸿4 | O68: =IFERROR(INDEX(EffectData!$G:$G,MATCH(O63,EffectData!$C:$C,0)),"")
A69: =VLOOKUP(D69,Sheet3!$C:$AP,40,0) -> 2010902 | B69: 吸星噬寰图 | C69: 气荡瀚斗 | D69: 气荡瀚斗 | F69: =I69&K69&M69 -> 201090200; | G69: 0 | H69: =B69&C69&$I$2 -> 吸星噬寰图气荡瀚斗1 | I69: =IF(IFERROR(INDEX(EffectData!$G:$G,MATCH(H69,EffectData!$C:$C,0)),"")&";"=";","",IFERROR(INDEX(EffectData!$G:$G,MATCH(H69,EffectData!$C:$C,0)),"")&";") -> 201090200; | J69: =B69&C69&$K$2 -> 吸星噬寰图气荡瀚斗2 | K69: =IF(IFERROR(INDEX(EffectData!$G:$G,MATCH(J69,EffectData!$C:$C,0)),"")&";"=";","",IFERROR(INDEX(EffectData!$G:$G,MATCH(J69,EffectData!$C:$C,0)),"")&";") | L69: =B69&C69&$M$2 -> 吸星噬寰图气荡瀚斗3 | M69: =IF(IFERROR(INDEX(EffectData!$G:$G,MATCH(L69,EffectData!$C:$C,0)),"")&";"=";","",IFERROR(INDEX(EffectData!$G:$G,MATCH(L69,EffectData!$C:$C,0)),"")&";") | N69: =B69&C69&$O$2 -> 吸星噬寰图气荡瀚斗4 | O69: =IFERROR(INDEX(EffectData!$G:$G,MATCH(O64,EffectData!$C:$C,0)),"")
A70: =VLOOKUP(D70,Sheet3!$C:$AP,40,0) -> 2010903 | B70: 吸星噬寰图 | C70: 枯髓钻脉 | D70: 枯髓钻脉 | F70: =I70&K70&M70 -> 201090300; | G70: 0 | H70: =B70&C70&$I$2 -> 吸星噬寰图枯髓钻脉1 | I70: =IF(IFERROR(INDEX(EffectData!$G:$G,MATCH(H70,EffectData!$C:$C,0)),"")&";"=";","",IFERROR(INDEX(EffectData!$G:$G,MATCH(H70,EffectData!$C:$C,0)),"")&";") -> 201090300; | J70: =B70&C70&$K$2 -> 吸星噬寰图枯髓钻脉2 | K70: =IF(IFERROR(INDEX(EffectData!$G:$G,MATCH(J70,EffectData!$C:$C,0)),"")&";"=";","",IFERROR(INDEX(EffectData!$G:$G,MATCH(J70,EffectData!$C:$C,0)),"")&";") | L70: =B70&C70&$M$2 -> 吸星噬寰图枯髓钻脉3 | M70: =IF(IFERROR(INDEX(EffectData!$G:$G,MATCH(L70,EffectData!$C:$C,0)),"")&";"=";","",IFERROR(INDEX(EffectData!$G:$G,MATCH(L70,EffectData!$C:$C,0)),"")&";") | N70: =B70&C70&$O$2 -> 吸星噬寰图枯髓钻脉4 | O70: =IFERROR(INDEX(EffectData!$G:$G,MATCH(O66,EffectData!$C:$C,0)),"")
A71: =VLOOKUP(D71,Sheet3!$C:$AP,40,0) -> 2010904 | B71: 吸星噬寰图 | C71: 搜山检海 | D71: 搜山检海 | F71: =I71&K71&M71 -> 201090400; | G71: 0 | H71: =B71&C71&$I$2 -> 吸星噬寰图搜山检海1 | I71: =IF(IFERROR(INDEX(EffectData!$G:$G,MATCH(H71,EffectData!$C:$C,0)),"")&";"=";","",IFERROR(INDEX(EffectData!$G:$G,MATCH(H71,EffectData!$C:$C,0)),"")&";") -> 201090400; | J71: =B71&C71&$K$2 -> 吸星噬寰图搜山检海2 | K71: =IF(IFERROR(INDEX(EffectData!$G:$G,MATCH(J71,EffectData!$C:$C,0)),"")&";"=";","",IFERROR(INDEX(EffectData!$G:$G,MATCH(J71,EffectData!$C:$C,0)),"")&";") | L71: =B71&C71&$M$2 -> 吸星噬寰图搜山检海3 | M71: =IF(IFERROR(INDEX(EffectData!$G:$G,MATCH(L71,EffectData!$C:$C,0)),"")&";"=";","",IFERROR(INDEX(EffectData!$G:$G,MATCH(L71,EffectData!$C:$C,0)),"")&";") | N71: =B71&C71&$O$2 -> 吸星噬寰图搜山检海4 | O71: =IFERROR(INDEX(EffectData!$G:$G,MATCH(O68,EffectData!$C:$C,0)),"")
A72: =VLOOKUP(D72,Sheet3!$C:$AP,40,0) -> 2010905 | B72: 吸星噬寰图 | C72: 九窍俱裂 | D72: 九窍俱裂 | F72: =I72&K72&M72 -> 201090500; | G72: 0 | H72: =B72&C72&$I$2 -> 吸星噬寰图九窍俱裂1 | I72: =IF(IFERROR(INDEX(EffectData!$G:$G,MATCH(H72,EffectData!$C:$C,0)),"")&";"=";","",IFERROR(INDEX(EffectData!$G:$G,MATCH(H72,EffectData!$C:$C,0)),"")&";") -> 201090500; | J72: =B72&C72&$K$2 -> 吸星噬寰图九窍俱裂2 | K72: =IF(IFERROR(INDEX(EffectData!$G:$G,MATCH(J72,EffectData!$C:$C,0)),"")&";"=";","",IFERROR(INDEX(EffectData!$G:$G,MATCH(J72,EffectData!$C:$C,0)),"")&";") | L72: =B72&C72&$M$2 -> 吸星噬寰图九窍俱裂3 | M72: =IF(IFERROR(INDEX(EffectData!$G:$G,MATCH(L72,EffectData!$C:$C,0)),"")&";"=";","",IFERROR(INDEX(EffectData!$G:$G,MATCH(L72,EffectData!$C:$C,0)),"")&";") | N72: =B72&C72&$O$2 -> 吸星噬寰图九窍俱裂4 | O72: =IFERROR(INDEX(EffectData!$G:$G,MATCH(O66,EffectData!$C:$C,0)),"")
A73: =VLOOKUP(D73,Sheet3!$C:$AP,40,0) -> 2010906 | B73: 吸星噬寰图 | C73: 玄冥天渊 | D73: 玄冥天渊 | F73: =I73&K73&M73 -> 201090600; | G73: 0 | H73: =B73&C73&$I$2 -> 吸星噬寰图玄冥天渊1 | I73: =IF(IFERROR(INDEX(EffectData!$G:$G,MATCH(H73,EffectData!$C:$C,0)),"")&";"=";","",IFERROR(INDEX(EffectData!$G:$G,MATCH(H73,EffectData!$C:$C,0)),"")&";") -> 201090600; | J73: =B73&C73&$K$2 -> 吸星噬寰图玄冥天渊2 | K73: =IF(IFERROR(INDEX(EffectData!$G:$G,MATCH(J73,EffectData!$C:$C,0)),"")&";"=";","",IFERROR(INDEX(EffectData!$G:$G,MATCH(J73,EffectData!$C:$C,0)),"")&";") | L73: =B73&C73&$M$2 -> 吸星噬寰图玄冥天渊3 | M73: =IF(IFERROR(INDEX(EffectData!$G:$G,MATCH(L73,EffectData!$C:$C,0)),"")&";"=";","",IFERROR(INDEX(EffectData!$G:$G,MATCH(L73,EffectData!$C:$C,0)),"")&";") | N73: =B73&C73&$O$2 -> 吸星噬寰图玄冥天渊4 | O73: =IFERROR(INDEX(EffectData!$G:$G,MATCH(O68,EffectData!$C:$C,0)),"")
A74: =VLOOKUP(D74,Sheet3!$C:$AP,40,0) -> 2010907 | B74: 吸星噬寰图 | C74: 浑天碎穹 | D74: 浑天碎穹 | F74: =I74&K74&M74 -> 201090700; | G74: 0 | H74: =B74&C74&$I$2 -> 吸星噬寰图浑天碎穹1 | I74: =IF(IFERROR(INDEX(EffectData!$G:$G,MATCH(H74,EffectData!$C:$C,0)),"")&";"=";","",IFERROR(INDEX(EffectData!$G:$G,MATCH(H74,EffectData!$C:$C,0)),"")&";") -> 201090700; | J74: =B74&C74&$K$2 -> 吸星噬寰图浑天碎穹2 | K74: =IF(IFERROR(INDEX(EffectData!$G:$G,MATCH(J74,EffectData!$C:$C,0)),"")&";"=";","",IFERROR(INDEX(EffectData!$G:$G,MATCH(J74,EffectData!$C:$C,0)),"")&";") | L74: =B74&C74&$M$2 -> 吸星噬寰图浑天碎穹3 | M74: =IF(IFERROR(INDEX(EffectData!$G:$G,MATCH(L74,EffectData!$C:$C,0)),"")&";"=";","",IFERROR(INDEX(EffectData!$G:$G,MATCH(L74,EffectData!$C:$C,0)),"")&";") | N74: =B74&C74&$O$2 -> 吸星噬寰图浑天碎穹4 | O74: =IFERROR(INDEX(EffectData!$G:$G,MATCH(O69,EffectData!$C:$C,0)),"")
A75: =VLOOKUP(D75,Sheet3!$C:$AP,40,0) -> 2010908 | B75: 吸星噬寰图 | C75: 星衍万曜 | D75: 星衍万曜 | G75: 0 | H75: =B75&C75&$I$2 -> 吸星噬寰图星衍万曜1 | I75: =IF(IFERROR(INDEX(EffectData!$G:$G,MATCH(H75,EffectData!$C:$C,0)),"")&";"=";","",IFERROR(INDEX(EffectData!$G:$G,MATCH(H75,EffectData!$C:$C,0)),"")&";") -> 201090800; | J75: =B75&C75&$K$2 -> 吸星噬寰图星衍万曜2 | K75: =IF(IFERROR(INDEX(EffectData!$G:$G,MATCH(J75,EffectData!$C:$C,0)),"")&";"=";","",IFERROR(INDEX(EffectData!$G:$G,MATCH(J75,EffectData!$C:$C,0)),"")&";") | L75: =B75&C75&$M$2 -> 吸星噬寰图星衍万曜3 | M75: =IF(IFERROR(INDEX(EffectData!$G:$G,MATCH(L75,EffectData!$C:$C,0)),"")&";"=";","",IFERROR(INDEX(EffectData!$G:$G,MATCH(L75,EffectData!$C:$C,0)),"")&";") | N75: =B75&C75&$O$2 -> 吸星噬寰图星衍万曜4 | O75: =IFERROR(INDEX(EffectData!$G:$G,MATCH(O70,EffectData!$C:$C,0)),"")
A76: =VLOOKUP(D76,Sheet3!$C:$AP,40,0) -> 2010909 | B76: 吸星噬寰图 | C76: 化躯 | D76: 化躯 | F76: =I76&K76&M76 -> 201090900; | G76: 0 | H76: =B76&C76&$I$2 -> 吸星噬寰图化躯1 | I76: =IF(IFERROR(INDEX(EffectData!$G:$G,MATCH(H76,EffectData!$C:$C,0)),"")&";"=";","",IFERROR(INDEX(EffectData!$G:$G,MATCH(H76,EffectData!$C:$C,0)),"")&";") -> 201090900; | J76: =B76&C76&$K$2 -> 吸星噬寰图化躯2 | K76: =IF(IFERROR(INDEX(EffectData!$G:$G,MATCH(J76,EffectData!$C:$C,0)),"")&";"=";","",IFERROR(INDEX(EffectData!$G:$G,MATCH(J76,EffectData!$C:$C,0)),"")&";") | L76: =B76&C76&$M$2 -> 吸星噬寰图化躯3 | M76: =IF(IFERROR(INDEX(EffectData!$G:$G,MATCH(L76,EffectData!$C:$C,0)),"")&";"=";","",IFERROR(INDEX(EffectData!$G:$G,MATCH(L76,EffectData!$C:$C,0)),"")&";") | N76: =B76&C76&$O$2 -> 吸星噬寰图化躯4 | O76: =IFERROR(INDEX(EffectData!$G:$G,MATCH(O71,EffectData!$C:$C,0)),"")
A77: =VLOOKUP(D77,Sheet3!$C:$AP,40,0) -> 2011001 | B77: 湘竹葬兰书 | C77: 扶柳飘絮 | D77: 扶柳飘絮 | F77: =I77&K77&M77 | G77: 0 | H77: =B77&C77&$I$2 -> 湘竹葬兰书扶柳飘絮1 | J77: =B77&C77&$K$2 -> 湘竹葬兰书扶柳飘絮2 | L77: =B77&C77&$M$2 -> 湘竹葬兰书扶柳飘絮3 | N77: =B77&C77&$O$2 -> 湘竹葬兰书扶柳飘絮4 | O77: =IFERROR(INDEX(EffectData!$G:$G,MATCH(O49,EffectData!$C:$C,0)),"")
A78: =VLOOKUP(D78,Sheet3!$C:$AP,40,0) -> 2011002 | B78: 湘竹葬兰书 | C78: 竹有骨 | D78: 竹有骨 | F78: =I78&K78&M78 -> 201100200; | G78: 0 | H78: =B78&C78&$I$2 -> 湘竹葬兰书竹有骨1 | I78: =IF(IFERROR(INDEX(EffectData!$G:$G,MATCH(H78,EffectData!$C:$C,0)),"")&";"=";","",IFERROR(INDEX(EffectData!$G:$G,MATCH(H78,EffectData!$C:$C,0)),"")&";") -> 201100200; | J78: =B78&C78&$K$2 -> 湘竹葬兰书竹有骨2
A79: =VLOOKUP(D79,Sheet3!$C:$AP,40,0) -> 2011003 | B79: 湘竹葬兰书 | C79: 敛朱颜 | D79: 敛朱颜 | F79: =I79&K79&M79 -> 201100300; | G79: 0 | H79: =B79&C79&$I$2 -> 湘竹葬兰书敛朱颜1 | I79: =IF(IFERROR(INDEX(EffectData!$G:$G,MATCH(H79,EffectData!$C:$C,0)),"")&";"=";","",IFERROR(INDEX(EffectData!$G:$G,MATCH(H79,EffectData!$C:$C,0)),"")&";") -> 201100300; | J79: =B79&C79&$K$2 -> 湘竹葬兰书敛朱颜2
A80: =VLOOKUP(D80,Sheet3!$C:$AP,40,0) -> 2011004 | B80: 湘竹葬兰书 | C80: 随花傍柳 | D80: 随花傍柳 | F80: =I80&K80&M80 -> 201100401;201100402; | G80: 0 | H80: =B80&C80&$I$2 -> 湘竹葬兰书随花傍柳1 | J80: =B80&C80&$K$2 -> 湘竹葬兰书随花傍柳2 | K80: =IF(IFERROR(INDEX(EffectData!$G:$G,MATCH(J80,EffectData!$C:$C,0)),"")&";"=";","",IFERROR(INDEX(EffectData!$G:$G,MATCH(J80,EffectData!$C:$C,0)),"")&";") -> 201100401; | L80: =B80&C80&$M$2 -> 湘竹葬兰书随花傍柳3 | M80: =IF(IFERROR(INDEX(EffectData!$G:$G,MATCH(L80,EffectData!$C:$C,0)),"")&";"=";","",IFERROR(INDEX(EffectData!$G:$G,MATCH(L80,EffectData!$C:$C,0)),"")&";") -> 201100402;
A81: =VLOOKUP(D81,Sheet3!$C:$AP,40,0) -> 2011005 | B81: 湘竹葬兰书 | C81: 兰庭叹 | D81: 兰庭叹 | F81: =I81&K81&M81 -> 201100500; | G81: 0 | H81: =B81&C81&$I$2 -> 湘竹葬兰书兰庭叹1 | I81: =IF(IFERROR(INDEX(EffectData!$G:$G,MATCH(H81,EffectData!$C:$C,0)),"")&";"=";","",IFERROR(INDEX(EffectData!$G:$G,MATCH(H81,EffectData!$C:$C,0)),"")&";") -> 201100500; | J81: =B81&C81&$K$2 -> 湘竹葬兰书兰庭叹2 | K81: =IF(IFERROR(INDEX(EffectData!$G:$G,MATCH(J81,EffectData!$C:$C,0)),"")&";"=";","",IFERROR(INDEX(EffectData!$G:$G,MATCH(J81,EffectData!$C:$C,0)),"")&";")
A82: =VLOOKUP(D82,Sheet3!$C:$AP,40,0) -> 2011006 | B82: 湘竹葬兰书 | C82: 何觅芳兰 | D82: 何觅芳兰 | F82: =I82&K82&M82 | G82: 0 | H82: =B82&C82&$I$2 -> 湘竹葬兰书何觅芳兰1 | J82: =B82&C82&$K$2 -> 湘竹葬兰书何觅芳兰2 | K82: =IF(IFERROR(INDEX(EffectData!$G:$G,MATCH(J82,EffectData!$C:$C,0)),"")&";"=";","",IFERROR(INDEX(EffectData!$G:$G,MATCH(J82,EffectData!$C:$C,0)),"")&";")
A83: =VLOOKUP(D83,Sheet3!$C:$AP,40,0) -> 2011007 | B83: 湘竹葬兰书 | C83: 落英枯雅 | D83: 落英枯雅 | F83: =I83&K83&M83 -> 201100701;201100702; | G83: 0 | H83: =B83&C83&$I$2 -> 湘竹葬兰书落英枯雅1 | J83: =B83&C83&$K$2 -> 湘竹葬兰书落英枯雅2 | K83: =IF(IFERROR(INDEX(EffectData!$G:$G,MATCH(J83,EffectData!$C:$C,0)),"")&";"=";","",IFERROR(INDEX(EffectData!$G:$G,MATCH(J83,EffectData!$C:$C,0)),"")&";") -> 201100701; | L83: =B83&C83&$M$2 -> 湘竹葬兰书落英枯雅3 | M83: =IF(IFERROR(INDEX(EffectData!$G:$G,MATCH(L83,EffectData!$C:$C,0)),"")&";"=";","",IFERROR(INDEX(EffectData!$G:$G,MATCH(L83,EffectData!$C:$C,0)),"")&";") -> 201100702; | N83: =B83&C83&$O$2 -> 湘竹葬兰书落英枯雅4 | O83: =IFERROR(INDEX(EffectData!$G:$G,MATCH(#REF!,EffectData!$C:$C,0)),"")
A84: =VLOOKUP(D84,Sheet3!$C:$AP,40,0) -> 2011008 | B84: 湘竹葬兰书 | C84: 兰竹调 | D84: 兰竹调 | F84: 201100800;201100801;201100802 | G84: 0 | H84: =B84&C84&$I$2 -> 湘竹葬兰书兰竹调1 | J84: =B84&C84&$K$2 -> 湘竹葬兰书兰竹调2 | K84: =IF(IFERROR(INDEX(EffectData!$G:$G,MATCH(J84,EffectData!$C:$C,0)),"")&";"=";","",IFERROR(INDEX(EffectData!$G:$G,MATCH(J84,EffectData!$C:$C,0)),"")&";") -> 201100801; | L84: =B84&C84&$M$2 -> 湘竹葬兰书兰竹调3 | M84: =IF(IFERROR(INDEX(EffectData!$G:$G,MATCH(L84,EffectData!$C:$C,0)),"")&";"=";","",IFERROR(INDEX(EffectData!$G:$G,MATCH(L84,EffectData!$C:$C,0)),"")&";") -> 201100802; | N84: =B84&C84&$O$2 -> 湘竹葬兰书兰竹调4 | O84: =IFERROR(INDEX(EffectData!$G:$G,MATCH(#REF!,EffectData!$C:$C,0)),"")
A85: =VLOOKUP(D85,Sheet3!$C:$AP,40,0) -> 2011009 | B85: 湘竹葬兰书 | C85: 泪竹兰 | D85: 泪竹兰 | F85: =I85&K85&M85 -> 201100900; | G85: 0 | H85: =B85&C85&$I$2 -> 湘竹葬兰书泪竹兰1 | I85: =IF(IFERROR(INDEX(EffectData!$G:$G,MATCH(H85,EffectData!$C:$C,0)),"")&";"=";","",IFERROR(INDEX(EffectData!$G:$G,MATCH(H85,EffectData!$C:$C,0)),"")&";") -> 201100900; | J85: =B85&C85&$K$2 -> 湘竹葬兰书泪竹兰2 | K85: =IF(IFERROR(INDEX(EffectData!$G:$G,MATCH(J85,EffectData!$C:$C,0)),"")&";"=";","",IFERROR(INDEX(EffectData!$G:$G,MATCH(J85,EffectData!$C:$C,0)),"")&";") | L85: =B85&C85&$M$2 -> 湘竹葬兰书泪竹兰3 | M85: =IF(IFERROR(INDEX(EffectData!$G:$G,MATCH(L85,EffectData!$C:$C,0)),"")&";"=";","",IFERROR(INDEX(EffectData!$G:$G,MATCH(L85,EffectData!$C:$C,0)),"")&";") | N85: =B85&C85&$O$2 -> 湘竹葬兰书泪竹兰4 | O85: =IFERROR(INDEX(EffectData!$G:$G,MATCH(#REF!,EffectData!$C:$C,0)),"")
A86: =VLOOKUP(D86,Sheet3!$C:$AP,40,0) -> 2011102 | B86: 昭霞别册 | C86: 炽霞破晓 | D86: 炽霞破晓 | F86: =I86&K86&M86 -> 201110201; | G86: 0 | H86: =B86&C86&$I$2 -> 昭霞别册炽霞破晓1 | J86: =B86&C86&$K$2 -> 昭霞别册炽霞破晓2 | K86: =IF(IFERROR(INDEX(EffectData!$G:$G,MATCH(J86,EffectData!$C:$C,0)),"")&";"=";","",IFERROR(INDEX(EffectData!$G:$G,MATCH(J86,EffectData!$C:$C,0)),"")&";") -> 201110201; | L86: =B86&C86&$M$2 -> 昭霞别册炽霞破晓3 | N86: =B86&C86&$O$2 -> 昭霞别册炽霞破晓4 | O86: =IFERROR(INDEX(EffectData!$G:$G,MATCH(#REF!,EffectData!$C:$C,0)),"")
A87: =VLOOKUP(D87,Sheet3!$C:$AP,40,0) -> 2011103 | B87: 昭霞别册 | C87: 璨华贯虹 | D87: 璨华贯虹 | F87: =I87&K87&M87 -> 201110300; | G87: 0 | H87: =B87&C87&$I$2 -> 昭霞别册璨华贯虹1 | I87: =IF(IFERROR(INDEX(EffectData!$G:$G,MATCH(H87,EffectData!$C:$C,0)),"")&";"=";","",IFERROR(INDEX(EffectData!$G:$G,MATCH(H87,EffectData!$C:$C,0)),"")&";") -> 201110300; | J87: =B87&C87&$K$2 -> 昭霞别册璨华贯虹2 | K87: =IF(IFERROR(INDEX(EffectData!$G:$G,MATCH(J87,EffectData!$C:$C,0)),"")&";"=";","",IFERROR(INDEX(EffectData!$G:$G,MATCH(J87,EffectData!$C:$C,0)),"")&";") | L87: =B87&C87&$M$2 -> 昭霞别册璨华贯虹3 | N87: =B87&C87&$O$2 -> 昭霞别册璨华贯虹4 | O87: =IFERROR(INDEX(EffectData!$G:$G,MATCH(#REF!,EffectData!$C:$C,0)),"")
A88: =VLOOKUP(D88,Sheet3!$C:$AP,40,0) -> 2011104 | B88: 昭霞别册 | C88: 熠霞辉朝 | D88: 熠霞辉朝 | F88: =I88&K88&M88 -> 201110400; | G88: 0 | H88: =B88&C88&$I$2 -> 昭霞别册熠霞辉朝1 | I88: =IF(IFERROR(INDEX(EffectData!$G:$G,MATCH(H88,EffectData!$C:$C,0)),"")&";"=";","",IFERROR(INDEX(EffectData!$G:$G,MATCH(H88,EffectData!$C:$C,0)),"")&";") -> 201110400; | J88: =B88&C88&$K$2 -> 昭霞别册熠霞辉朝2 | K88: =IF(IFERROR(INDEX(EffectData!$G:$G,MATCH(J88,EffectData!$C:$C,0)),"")&";"=";","",IFERROR(INDEX(EffectData!$G:$G,MATCH(J88,EffectData!$C:$C,0)),"")&";") | L88: =B88&C88&$M$2 -> 昭霞别册熠霞辉朝3 | N88: =B88&C88&$O$2 -> 昭霞别册熠霞辉朝4 | O88: =IFERROR(INDEX(EffectData!$G:$G,MATCH(#REF!,EffectData!$C:$C,0)),"")
A89: =VLOOKUP(D89,Sheet3!$C:$AP,40,0) -> 2011105 | B89: 昭霞别册 | C89: 昼霞凝紫 | D89: 昼霞凝紫 | F89: =I89&K89&M89 -> 201110500; | G89: 0 | H89: =B89&C89&$I$2 -> 昭霞别册昼霞凝紫1 | I89: =IF(IFERROR(INDEX(EffectData!$G:$G,MATCH(H89,EffectData!$C:$C,0)),"")&";"=";","",IFERROR(INDEX(EffectData!$G:$G,MATCH(H89,EffectData!$C:$C,0)),"")&";") -> 201110500; | J89: =B89&C89&$K$2 -> 昭霞别册昼霞凝紫2 | K89: =IF(IFERROR(INDEX(EffectData!$G:$G,MATCH(J89,EffectData!$C:$C,0)),"")&";"=";","",IFERROR(INDEX(EffectData!$G:$G,MATCH(J89,EffectData!$C:$C,0)),"")&";") | L89: =B89&C89&$M$2 -> 昭霞别册昼霞凝紫3 | N89: =B89&C89&$O$2 -> 昭霞别册昼霞凝紫4 | O89: =IFERROR(INDEX(EffectData!$G:$G,MATCH(#REF!,EffectData!$C:$C,0)),"")
A90: =VLOOKUP(D90,Sheet3!$C:$AP,40,0) -> 2011106 | B90: 昭霞别册 | C90: 层云叠翳 | D90: 层云叠翳 | F90: =I90&K90&M90 -> 201110600; | G90: 0 | H90: =B90&C90&$I$2 -> 昭霞别册层云叠翳1 | I90: =IF(IFERROR(INDEX(EffectData!$G:$G,MATCH(H90,EffectData!$C:$C,0)),"")&";"=";","",IFERROR(INDEX(EffectData!$G:$G,MATCH(H90,EffectData!$C:$C,0)),"")&";") -> 201110600; | J90: =B90&C90&$K$2 -> 昭霞别册层云叠翳2 | K90: =IF(IFERROR(INDEX(EffectData!$G:$G,MATCH(J90,EffectData!$C:$C,0)),"")&";"=";","",IFERROR(INDEX(EffectData!$G:$G,MATCH(J90,EffectData!$C:$C,0)),"")&";") | L90: =B90&C90&$M$2 -> 昭霞别册层云叠翳3 | N90: =B90&C90&$O$2 -> 昭霞别册层云叠翳4 | O90: =IFERROR(INDEX(EffectData!$G:$G,MATCH(#REF!,EffectData!$C:$C,0)),"")
A91: =VLOOKUP(D91,Sheet3!$C:$AP,40,0) -> 2011107 | B91: 昭霞别册 | C91: 霞清曜阳 | D91: 霞清曜阳 | F91: =I91&K91&M91 -> 201110700; | G91: 0 | H91: =B91&C91&$I$2 -> 昭霞别册霞清曜阳1 | I91: =IF(IFERROR(INDEX(EffectData!$G:$G,MATCH(H91,EffectData!$C:$C,0)),"")&";"=";","",IFERROR(INDEX(EffectData!$G:$G,MATCH(H91,EffectData!$C:$C,0)),"")&";") -> 201110700; | J91: =B91&C91&$K$2 -> 昭霞别册霞清曜阳2 | K91: =IF(IFERROR(INDEX(EffectData!$G:$G,MATCH(J91,EffectData!$C:$C,0)),"")&";"=";","",IFERROR(INDEX(EffectData!$G:$G,MATCH(J91,EffectData!$C:$C,0)),"")&";") | L91: =B91&C91&$M$2 -> 昭霞别册霞清曜阳3 | N91: =B91&C91&$O$2 -> 昭霞别册霞清曜阳4 | O91: =IFERROR(INDEX(EffectData!$G:$G,MATCH(#REF!,EffectData!$C:$C,0)),"")
A92: =VLOOKUP(D92,Sheet3!$C:$AP,40,0) -> 2011109 | B92: 昭霞别册 | C92: 紫气凝 | D92: 紫气凝 | F92: =I92&K92&M92 -> 201110900; | G92: 0 | H92: =B92&C92&$I$2 -> 昭霞别册紫气凝1 | I92: =IF(IFERROR(INDEX(EffectData!$G:$G,MATCH(H92,EffectData!$C:$C,0)),"")&";"=";","",IFERROR(INDEX(EffectData!$G:$G,MATCH(H92,EffectData!$C:$C,0)),"")&";") -> 201110900; | J92: =B92&C92&$K$2 -> 昭霞别册紫气凝2 | K92: =IF(IFERROR(INDEX(EffectData!$G:$G,MATCH(J92,EffectData!$C:$C,0)),"")&";"=";","",IFERROR(INDEX(EffectData!$G:$G,MATCH(J92,EffectData!$C:$C,0)),"")&";") | L92: =B92&C92&$M$2 -> 昭霞别册紫气凝3 | N92: =B92&C92&$O$2 -> 昭霞别册紫气凝4 | O92: =IFERROR(INDEX(EffectData!$G:$G,MATCH(#REF!,EffectData!$C:$C,0)),"")
A93: =VLOOKUP(D93,Sheet3!$C:$AP,40,0) -> 2011202 | B93: 禅音狮子吼 | C93: 乍破天光 | D93: 乍破天光 | F93: =I93&K93&M93 -> 201120200; | H93: =B93&C93&$I$2 -> 禅音狮子吼乍破天光1 | I93: =IF(IFERROR(INDEX(EffectData!$G:$G,MATCH(H93,EffectData!$C:$C,0)),"")&";"=";","",IFERROR(INDEX(EffectData!$G:$G,MATCH(H93,EffectData!$C:$C,0)),"")&";") -> 201120200; | J93: =B93&C93&$K$2 -> 禅音狮子吼乍破天光2
A94: =VLOOKUP(D94,Sheet3!$C:$AP,40,0) -> 2011203 | B94: 禅音狮子吼 | C94: 暮鼓晨钟 | D94: 暮鼓晨钟 | F94: =I94&K94&M94 -> 201120300; | H94: =B94&C94&$I$2 -> 禅音狮子吼暮鼓晨钟1 | I94: =IF(IFERROR(INDEX(EffectData!$G:$G,MATCH(H94,EffectData!$C:$C,0)),"")&";"=";","",IFERROR(INDEX(EffectData!$G:$G,MATCH(H94,EffectData!$C:$C,0)),"")&";") -> 201120300; | J94: =B94&C94&$K$2 -> 禅音狮子吼暮鼓晨钟2
A95: =VLOOKUP(D95,Sheet3!$C:$AP,40,0) -> 2011204 | B95: 禅音狮子吼 | C95: 啸傲湖山 | D95: 啸傲湖山 | F95: =I95&K95&M95 -> 201120400; | H95: =B95&C95&$I$2 -> 禅音狮子吼啸傲湖山1 | I95: =IF(IFERROR(INDEX(EffectData!$G:$G,MATCH(H95,EffectData!$C:$C,0)),"")&";"=";","",IFERROR(INDEX(EffectData!$G:$G,MATCH(H95,EffectData!$C:$C,0)),"")&";") -> 201120400; | J95: =B95&C95&$K$2 -> 禅音狮子吼啸傲湖山2
A96: =VLOOKUP(D96,Sheet3!$C:$AP,40,0) -> 2011205 | B96: 禅音狮子吼 | C96: 驱雷掣电 | D96: 驱雷掣电 | F96: =I96&K96&M96 -> 201120500; | H96: =B96&C96&$I$2 -> 禅音狮子吼驱雷掣电1 | I96: =IF(IFERROR(INDEX(EffectData!$G:$G,MATCH(H96,EffectData!$C:$C,0)),"")&";"=";","",IFERROR(INDEX(EffectData!$G:$G,MATCH(H96,EffectData!$C:$C,0)),"")&";") -> 201120500; | J96: =B96&C96&$K$2 -> 禅音狮子吼驱雷掣电2
A97: =VLOOKUP(D97,Sheet3!$C:$AP,40,0) -> 2011206 | B97: 禅音狮子吼 | C97: 摧枯折腐 | D97: 摧枯折腐 | F97: =I97&K97&M97 -> 201120600; | H97: =B97&C97&$I$2 -> 禅音狮子吼摧枯折腐1 | I97: =IF(IFERROR(INDEX(EffectData!$G:$G,MATCH(H97,EffectData!$C:$C,0)),"")&";"=";","",IFERROR(INDEX(EffectData!$G:$G,MATCH(H97,EffectData!$C:$C,0)),"")&";") -> 201120600; | J97: =B97&C97&$K$2 -> 禅音狮子吼摧枯折腐2
A98: =VLOOKUP(D98,Sheet3!$C:$AP,40,0) -> 2011207 | B98: 禅音狮子吼 | C98: 奔雷谲云 | D98: 奔雷谲云 | F98: =I98&K98&M98 -> 201120700; | H98: =B98&C98&$I$2 -> 禅音狮子吼奔雷谲云1 | I98: =IF(IFERROR(INDEX(EffectData!$G:$G,MATCH(H98,EffectData!$C:$C,0)),"")&";"=";","",IFERROR(INDEX(EffectData!$G:$G,MATCH(H98,EffectData!$C:$C,0)),"")&";") -> 201120700; | J98: =B98&C98&$K$2 -> 禅音狮子吼奔雷谲云2 | K98: =IF(IFERROR(INDEX(EffectData!$G:$G,MATCH(J98,EffectData!$C:$C,0)),"")&";"=";","",IFERROR(INDEX(EffectData!$G:$G,MATCH(J98,EffectData!$C:$C,0)),"")&";")
A99: =VLOOKUP(D99,Sheet3!$C:$AP,40,0) -> 2011208 | B99: 禅音狮子吼 | C99: 龙吟虎啸 | D99: 龙吟虎啸 | F99: =I99&K99&M99 -> 201120800;201120801; | H99: =B99&C99&$I$2 -> 禅音狮子吼龙吟虎啸1 | I99: =IF(IFERROR(INDEX(EffectData!$G:$G,MATCH(H99,EffectData!$C:$C,0)),"")&";"=";","",IFERROR(INDEX(EffectData!$G:$G,MATCH(H99,EffectData!$C:$C,0)),"")&";") -> 201120800; | J99: =B99&C99&$K$2 -> 禅音狮子吼龙吟虎啸2 | K99: =IF(IFERROR(INDEX(EffectData!$G:$G,MATCH(J99,EffectData!$C:$C,0)),"")&";"=";","",IFERROR(INDEX(EffectData!$G:$G,MATCH(J99,EffectData!$C:$C,0)),"")&";") -> 201120801;
A100: =VLOOKUP(D100,Sheet3!$C:$AP,40,0) -> 2011209 | B100: 禅音狮子吼 | C100: 罗汉相 | D100: 罗汉相 | F100: =I100&K100&M100 -> 201120900; | H100: =B100&C100&$I$2 -> 禅音狮子吼罗汉相1 | I100: =IF(IFERROR(INDEX(EffectData!$G:$G,MATCH(H100,EffectData!$C:$C,0)),"")&";"=";","",IFERROR(INDEX(EffectData!$G:$G,MATCH(H100,EffectData!$C:$C,0)),"")&";") -> 201120900; | J100: =B100&C100&$K$2 -> 禅音狮子吼罗汉相2 | K100: =IF(IFERROR(INDEX(EffectData!$G:$G,MATCH(J100,EffectData!$C:$C,0)),"")&";"=";","",IFERROR(INDEX(EffectData!$G:$G,MATCH(J100,EffectData!$C:$C,0)),"")&";")
...

Sheet EffectData
H1: 事件类型 | I1: 条件类型 | J1: 条件参数 | K1: 额外条件 | L1: 动作目标类型 | M1: 动作类型 | N1: 动作参数 | O1: 冷却时间 | P1: 最大触发次数
E2: 备注 | G2: id | H2: eventTypeInt | I2: conditionTypeInt | J2: conditionParamListStr | K2: exConditionListStr | L2: actionTargetTypeInt | M2: actionTypeInt | N2: actionParamListStr | O2: cd | P2: maxCount
A3: 1 | B3: 2 | C3: =D3&E3&A3 -> 天涯月明章朔独还1 | D3: 天涯月明章 | E3: 朔独还 | F3: 增攻 | G3: =VLOOKUP(E3,Sheet3!$C:$AP,40,0)*100+IF(A3=1,0,0)+IF(A3=2,1,0)+IF(A3=3,2,0)+IF(A3=4,3,0) -> 201010100 | H3: 1 | I3: 0 | J3: 0 | L3: 1 | M3: 1 | N3: =Q3&R3&S3&T3&U3&V3 -> 20101011,1 | O3: 0 | P3: -1 | Q3: =VLOOKUP(E3,Sheet3!$C:$AP,40,0)*10+IF(B3=1,0,0)+IF(B3=2,1,0)+IF(B3=3,2,0)+IF(B3=4,3,0) -> 20101011 | R3: =IF(H3=1,",1","") -> ,1 | S3: =IF(AND(H3=2,I3=1,J3="hp",L3=1,M3=2),",-1","") | T3: =IF(AND(H3=2,I3=1,J3="hp",L3=1,M3=1),",(最大气血-hp)/最大气血*100","") | U3: =IF(AND(H3=2,I3=1,J3="hp,(hp/气血值)<=0.2",L3=1,M3=3),",气血值*1006","")
A4: 2 | B4: 4 | C4: =D4&E4&A4 -> 天涯月明章朔独还2 | D4: 天涯月明章 | E4: 朔独还 | F4: 减防 | G4: =VLOOKUP(E4,Sheet3!$C:$AP,40,0)*100+IF(A4=1,0,0)+IF(A4=2,1,0)+IF(A4=3,2,0)+IF(A4=4,3,0) -> 201010101 | H4: 1 | I4: 0 | J4: 0 | L4: 1 | M4: 1 | N4: =Q4&R4&S4&T4&U4&V4 -> 20101013,1 | O4: 0 | P4: -1 | Q4: =VLOOKUP(E4,Sheet3!$C:$AP,40,0)*10+IF(B4=1,0,0)+IF(B4=2,1,0)+IF(B4=3,2,0)+IF(B4=4,3,0) -> 20101013 | R4: =IF(H4=1,",1","") -> ,1 | S4: =IF(AND(H4=2,I4=1,J4="hp",L4=1,M4=2),",-1","") | T4: =IF(AND(H4=2,I4=1,J4="hp",L4=1,M4=1),",(最大气血-hp)/最大气血*100","") | U4: =IF(AND(H4=2,I4=1,J4="hp,(hp/气血值)<=0.2",L4=1,M4=3),",气血值*1006","")
A5: 1 | B5: 1 | C5: =D5&E5&A5 -> 天涯月明章执无言1 | D5: 天涯月明章 | E5: 执无言 | F5: 修改气血回复 | G5: =VLOOKUP(E5,Sheet3!$C:$AP,40,0)*100+IF(A5=1,0,0)+IF(A5=2,1,0)+IF(A5=3,2,0)+IF(A5=4,3,0) -> 201010200 | H5: 1 | I5: 0 | J5: 0 | L5: 1 | M5: 1 | N5: =Q5&R5&S5&T5&U5&V5 -> 20101020,1 | O5: 0 | P5: -1 | Q5: =VLOOKUP(E5,Sheet3!$C:$AP,40,0)*10+IF(B5=1,0,0)+IF(B5=2,1,0)+IF(B5=3,2,0)+IF(B5=4,3,0) -> 20101020 | R5: =IF(H5=1,",1","") -> ,1
A6: 1 | B6: 1 | C6: =D6&E6&A6 -> 天涯月明章涯无书1 | D6: 天涯月明章 | E6: 涯无书 | F6: 修改暴击几率 | G6: =VLOOKUP(E6,Sheet3!$C:$AP,40,0)*100+IF(A6=1,0,0)+IF(A6=2,1,0)+IF(A6=3,2,0)+IF(A6=4,3,0) -> 201010300 | H6: 1 | I6: 0 | J6: 0 | L6: 1 | M6: 1 | N6: =Q6&R6&S6&T6&U6&V6 -> 20101030,1 | O6: 0 | P6: -1 | Q6: =VLOOKUP(E6,Sheet3!$C:$AP,40,0)*10+IF(B6=1,0,0)+IF(B6=2,1,0)+IF(B6=3,2,0)+IF(B6=4,3,0) -> 20101030 | R6: =IF(H6=1,",1","") -> ,1
A7: 2 | B7: 2 | C7: =D7&E7&A7 -> 天涯月明章晓月残星2 | D7: 天涯月明章 | E7: 晓月残星 | F7: 增攻 | G7: =VLOOKUP(E7,Sheet3!$C:$AP,40,0)*100+IF(A7=1,0,0)+IF(A7=2,1,0)+IF(A7=3,2,0)+IF(A7=4,3,0) -> 201010401 | H7: 1 | I7: 0 | J7: 0 | L7: 1 | M7: 1 | N7: =Q7&R7&S7&T7&U7&V7 -> 20101041,1 | O7: 0 | P7: -1 | Q7: =VLOOKUP(E7,Sheet3!$C:$AP,40,0)*10+IF(B7=1,0,0)+IF(B7=2,1,0)+IF(B7=3,2,0)+IF(B7=4,3,0) -> 20101041 | R7: =IF(H7=1,",1","") -> ,1 | S7: =IF(AND(H7=2,I7=1,J7="hp",L7=1,M7=2),",-1","") | T7: =IF(AND(H7=2,I7=1,J7="hp",L7=1,M7=1),",(最大气血-hp)/最大气血*100","") | U7: =IF(AND(H7=2,I7=1,J7="hp,(hp/气血值)<=0.2",L7=1,M7=3),"气血值*1006","")
A8: 3 | B8: 4 | C8: =D8&E8&A8 -> 天涯月明章晓月残星3 | D8: 天涯月明章 | E8: 晓月残星 | F8: 减防 | G8: =VLOOKUP(E8,Sheet3!$C:$AP,40,0)*100+IF(A8=1,0,0)+IF(A8=2,1,0)+IF(A8=3,2,0)+IF(A8=4,3,0) -> 201010402 | H8: 1 | I8: 0 | J8: 0 | L8: 1 | M8: 1 | N8: =Q8&R8&S8&T8&U8&V8 -> 20101043,1 | O8: 0 | P8: -1 | Q8: =VLOOKUP(E8,Sheet3!$C:$AP,40,0)*10+IF(B8=1,0,0)+IF(B8=2,1,0)+IF(B8=3,2,0)+IF(B8=4,3,0) -> 20101043 | R8: =IF(H8=1,",1","") -> ,1 | S8: =IF(AND(H8=2,I8=1,J8="hp",L8=1,M8=2),",-1","") | T8: =IF(AND(H8=2,I8=1,J8="hp",L8=1,M8=1),",(最大气血-hp)/最大气血*100","") | U8: =IF(AND(H8=2,I8=1,J8="hp,(hp/气血值)<=0.2",L8=1,M8=3),"气血值*1006","")
A9: 4 | B9: 3 | C9: =D9&E9&A9 -> 天涯月明章晓月残星4 | D9: 天涯月明章 | E9: 晓月残星 | F9: 减CD | G9: =VLOOKUP(E9,Sheet3!$C:$AP,40,0)*100+IF(A9=1,0,0)+IF(A9=2,1,0)+IF(A9=3,2,0)+IF(A9=4,3,0) -> 201010403 | H9: 1 | I9: 0 | J9: 0 | L9: 1 | M9: 1 | N9: =Q9&R9&S9&T9&U9&V9 -> 20101044,1 | O9: 0 | P9: -1 | Q9: 20101044 | R9: =IF(H9=1,",1","") -> ,1 | S9: =IF(AND(H9=2,I9=1,J9="hp",L9=1,M9=2),",-1","") | T9: =IF(AND(H9=2,I9=1,J9="hp",L9=1,M9=1),",(最大气血-hp)/最大气血*100","") | U9: =IF(AND(H9=2,I9=1,J9="hp,(hp/气血值)<=0.2",L9=1,M9=3),"气血值*1006","")
A10: 1 | B10: 1 | C10: =D10&E10&A10 -> 天涯月明章人踟躇1 | D10: 天涯月明章 | E10: 人踟躇 | F10: 产生暴击后提高移动速度10% | G10: =VLOOKUP(E10,Sheet3!$C:$AP,40,0)*100+IF(A10=1,0,0)+IF(A10=2,1,0)+IF(A10=3,2,0)+IF(A10=4,3,0) -> 201010500 | H10: 3 | I10: 1 | J10: 1,伤害>1,1 | L10: 1 | M10: 1 | N10: =Q10&R10&S10&T10&U10&V10 -> 20101050,1 | O10: 0 | P10: -1 | Q10: =VLOOKUP(E10,Sheet3!$C:$AP,40,0)*10+IF(B10=1,0,0)+IF(B10=2,1,0)+IF(B10=3,2,0)+IF(B10=4,3,0) -> 20101050 | R10: =IF(H10=3,",1","") -> ,1 | S10: =IF(AND(H10=2,I10=1,J10="hp",L10=1,M10=2),",-1","") | T10: =IF(AND(H10=2,I10=1,J10="hp",L10=1,M10=1),",(最大气血-hp)/最大气血*100","") | U10: =IF(AND(H10=2,I10=1,J10="hp,(hp/气血值)<=0.2",L10=1,M10=3),"气血值*1006","")
A11: 1 | B11: 1 | C11: =D11&E11&A11 -> 天涯月明章携吴钩1 | D11: 天涯月明章 | E11: 携吴钩 | F11: 焚沧断海 | G11: =VLOOKUP(E11,Sheet3!$C:$AP,40,0)*100+IF(A11=1,0,0)+IF(A11=2,1,0)+IF(A11=3,2,0)+IF(A11=4,3,0) -> 201010600 | H11: 8 | I11: 1 | J11: 1020401 | L11: 1 | M11: 1 | N11: =Q11&R11&S11&T11&U11&V11 -> 20101060,1 | O11: 0 | P11: -1 | Q11: =VLOOKUP(E11,Sheet3!$C:$AP,40,0)*10+IF(B11=1,0,0)+IF(B11=2,1,0)+IF(B11=3,2,0)+IF(B11=4,3,0) -> 20101060 | R11: =IF(H11=8,",1","") -> ,1 | S11: =IF(AND(H11=2,I11=1,J11="hp",L11=1,M11=2),",-1","") | T11: =IF(AND(H11=2,I11=1,J11="hp",L11=1,M11=1),",(最大气血-hp)/最大气血*100","") | U11: =IF(AND(H11=2,I11=1,J11="hp,(hp/气血值)<=0.2",L11=1,M11=3),"气血值*1006","")
A12: 2 | B12: 2 | C12: =D12&E12&A12 -> 天涯月明章携吴钩2 | D12: 天涯月明章 | E12: 携吴钩 | F12: 临碣寒 | G12: =VLOOKUP(E12,Sheet3!$C:$AP,40,0)*100+IF(A12=1,0,0)+IF(A12=2,1,0)+IF(A12=3,2,0)+IF(A12=4,3,0) -> 201010601 | H12: 8 | I12: 1 | J12: 1020403 | L12: 1 | M12: 1 | N12: =Q12&R12&S12&T12&U12&V12 -> 20101061,1 | O12: 0 | P12: -1 | Q12: =VLOOKUP(E12,Sheet3!$C:$AP,40,0)*10+IF(B12=1,0,0)+IF(B12=2,1,0)+IF(B12=3,2,0)+IF(B12=4,3,0) -> 20101061 | R12: =IF(H12=8,",1","") -> ,1 | S12: =IF(AND(H12=2,I12=1,J12="hp",L12=1,M12=2),",-1","") | T12: =IF(AND(H12=2,I12=1,J12="hp",L12=1,M12=1),",(最大气血-hp)/最大气血*100","") | U12: =IF(AND(H12=2,I12=1,J12="hp,(hp/气血值)<=0.2",L12=1,M12=3),"气血值*1006","")
A13: 3 | B13: 3 | C13: =D13&E13&A13 -> 天涯月明章携吴钩3 | D13: 天涯月明章 | E13: 携吴钩 | F13: 骇浪惊涛 | G13: =VLOOKUP(E13,Sheet3!$C:$AP,40,0)*100+IF(A13=1,0,0)+IF(A13=2,1,0)+IF(A13=3,2,0)+IF(A13=4,3,0) -> 201010602 | H13: 8 | I13: 1 | J13: 1020405 | L13: 1 | M13: 1 | N13: =Q13&R13&S13&T13&U13&V13 -> 20101062,1 | O13: 0 | P13: -1 | Q13: =VLOOKUP(E13,Sheet3!$C:$AP,40,0)*10+IF(B13=1,0,0)+IF(B13=2,1,0)+IF(B13=3,2,0)+IF(B13=4,3,0) -> 20101062 | R13: =IF(H13=8,",1","") -> ,1 | S13: =IF(AND(H13=2,I13=1,J13="hp",L13=1,M13=2),",-1","") | T13: =IF(AND(H13=2,I13=1,J13="hp",L13=1,M13=1),",(最大气血-hp)/最大气血*100","") | U13: =IF(AND(H13=2,I13=1,J13="hp,(hp/气血值)<=0.2",L13=1,M13=3),"气血值*1006","")
A14: 2 | B14: 2 | C14: =D14&E14&A14 -> 天涯月明章折桂枝2 | D14: 天涯月明章 | E14: 折桂枝 | F14: 增攻 | G14: =VLOOKUP(E14,Sheet3!$C:$AP,40,0)*100+IF(A14=1,0,0)+IF(A14=2,1,0)+IF(A14=3,2,0)+IF(A14=4,3,0) -> 201010701 | H14: 1 | I14: 0 | J14: 0 | L14: 1 | M14: 1 | N14: =Q14&R14&S14&T14&U14&V14 -> 20101071,1 | O14: 0 | P14: -1 | Q14: =VLOOKUP(E14,Sheet3!$C:$AP,40,0)*10+IF(B14=1,0,0)+IF(B14=2,1,0)+IF(B14=3,2,0)+IF(B14=4,3,0) -> 20101071 | R14: =IF(H14=1,",1","") -> ,1 | S14: =IF(AND(H14=2,I14=1,J14="hp",L14=1,M14=2),",-1","") | T14: =IF(AND(H14=2,I14=1,J14="hp",L14=1,M14=1),",(最大气血-hp)/最大气血*100","") | U14: =IF(AND(H14=2,I14=1,J14="hp,(hp/气血值)<=0.2",L14=1,M14=3),"气血值*1006","")
A15: 3 | B15: 4 | C15: =D15&E15&A15 -> 天涯月明章折桂枝3 | D15: 天涯月明章 | E15: 折桂枝 | F15: 减防 | G15: =VLOOKUP(E15,Sheet3!$C:$AP,40,0)*100+IF(A15=1,0,0)+IF(A15=2,1,0)+IF(A15=3,2,0)+IF(A15=4,3,0) -> 201010702 | H15: 1 | I15: 0 | J15: 0 | L15: 1 | M15: 1 | N15: =Q15&R15&S15&T15&U15&V15 -> 20101073,1 | O15: 0 | P15: -1 | Q15: =VLOOKUP(E15,Sheet3!$C:$AP,40,0)*10+IF(B15=1,0,0)+IF(B15=2,1,0)+IF(B15=3,2,0)+IF(B15=4,3,0) -> 20101073 | R15: =IF(H15=1,",1","") -> ,1 | T15: =IF(AND(H15=2,I15=1,J15="hp",L15=1,M15=1),",(最大气血-hp)/最大气血*100","") | U15: =IF(AND(H15=2,I15=1,J15="hp,(hp/气血值)<=0.2",L15=1,M15=3),"气血值*1006","")
A16: 4 | B16: 5 | C16: =D16&E16&A16 -> 天涯月明章折桂枝4 | D16: 天涯月明章 | E16: 折桂枝 | F16: 减CD | G16: =VLOOKUP(E16,Sheet3!$C:$AP,40,0)*100+IF(A16=1,0,0)+IF(A16=2,1,0)+IF(A16=3,2,0)+IF(A16=4,3,0) -> 201010703 | H16: 1 | I16: 0 | J16: 0 | L16: 1 | M16: 1 | N16: =Q16&R16&S16&T16&U16&V16 -> 20101074,1 | O16: 0 | P16: -1 | Q16: 20101074 | R16: =IF(H16=1,",1","") -> ,1 | S16: =IF(AND(H16=2,I16=1,J16="hp",L16=1,M16=2),",-1","") | T16: =IF(AND(H16=2,I16=1,J16="hp",L16=1,M16=1),",(最大气血-hp)/最大气血*100","") | U16: =IF(AND(H16=2,I16=1,J16="hp,(hp/气血值)<=0.2",L16=1,M16=3),"气血值*1006","") | V16: =IF(AND(H16=1,I16=0,J16=0,L16=1,M16=3),"-(hp*0.1)","")
A17: 1 | B17: 2 | C17: =D17&E17&A17 -> 天涯月明章天涯共此1 | D17: 天涯月明章 | E17: 天涯共此 | F17: 增攻 | G17: =VLOOKUP(E17,Sheet3!$C:$AP,40,0)*100+IF(A17=1,0,0)+IF(A17=2,1,0)+IF(A17=3,2,0)+IF(A17=4,3,0) -> 201010800 | H17: 1 | I17: 0 | J17: 0 | L17: 1 | M17: 1 | N17: =Q17&R17&S17&T17&U17&V17 -> 20101081,1 | O17: 0 | P17: -1 | Q17: =VLOOKUP(E17,Sheet3!$C:$AP,40,0)*10+IF(B17=1,0,0)+IF(B17=2,1,0)+IF(B17=3,2,0)+IF(B17=4,3,0) -> 20101081 | R17: =IF(H17=1,",1","") -> ,1 | S17: =IF(AND(H17=2,I17=1,J17="hp",L17=1,M17=2),",-1","") | T17: =IF(AND(H17=2,I17=1,J17="hp",L17=1,M17=1),",(最大气血-hp)/最大气血*100","") | U17: =IF(AND(H17=2,I17=1,J17="hp,(hp/气血值)<=0.2",L17=1,M17=3),"气血值*1006","") | V17: =IF(AND(H17=1,I17=0,J17=0,L17=1,M17=3),"-(hp*0.1)","")
A18: 3 | B18: 4 | C18: =D18&E18&A18 -> 天涯月明章天涯共此3 | D18: 天涯月明章 | E18: 天涯共此 | F18: 焚沧断海 | G18: =VLOOKUP(E18,Sheet3!$C:$AP,40,0)*100+IF(A18=1,0,0)+IF(A18=2,1,0)+IF(A18=3,2,0)+IF(A18=4,3,0) -> 201010802 | H18: 8 | I18: 1 | J18: 1020401 | L18: 1 | M18: 1 | N18: =Q18&R18&S18&T18&U18&V18 -> 20101083,1 | O18: 0 | P18: -1 | Q18: =VLOOKUP(E18,Sheet3!$C:$AP,40,0)*10+IF(B18=1,0,0)+IF(B18=2,1,0)+IF(B18=3,2,0)+IF(B18=4,3,0) -> 20101083 | R18: =IF(H18=8,",1","") -> ,1 | S18: =IF(AND(H18=2,I18=1,J18="hp",L18=1,M18=2),",-1","") | T18: =IF(AND(H18=2,I18=1,J18="hp",L18=1,M18=1),",(最大气血-hp)/最大气血*100","") | U18: =IF(AND(H18=2,I18=1,J18="hp,(hp/气血值)<=0.2",L18=1,M18=3),"气血值*1006","") | V18: =IF(AND(H18=1,I18=0,J18=0,L18=1,M18=3),"-(hp*0.1)","")
A19: 4 | B19: 5 | C19: =D19&E19&A19 -> 天涯月明章天涯共此4 | D19: 天涯月明章 | E19: 天涯共此 | F19: 临碣寒 | G19: =VLOOKUP(E19,Sheet3!$C:$AP,40,0)*100+IF(A19=1,0,0)+IF(A19=2,1,0)+IF(A19=3,2,0)+IF(A19=4,3,0) -> 201010803 | H19: 8 | I19: 1 | J19: 1020403 | L19: 1 | M19: 1 | N19: =Q19&R19&S19&T19&U19&V19 -> 20101084,1 | O19: 0 | P19: -1 | Q19: =VLOOKUP(E19,Sheet3!$C:$AP,40,0)*10+IF(B19=1,0,0)+IF(B19=2,1,0)+IF(B19=3,2,0)+IF(B19=4,3,0)+IF(B19=5,4,0)+IF(B19=6,5,0) -> 20101084 | R19: =IF(H19=8,",1","") -> ,1 | S19: =IF(AND(H19=2,I19=1,J19="hp",L19=1,M19=2),",-1","") | T19: =IF(AND(H19=2,I19=1,J19="hp",L19=1,M19=1),",(最大气血-hp)/最大气血*100","") | U19: =IF(AND(H19=2,I19=1,J19="hp,(hp/气血值)<=0.2",L19=1,M19=3),"气血值*1006","") | V19: =IF(AND(H19=1,I19=0,J19=0,L19=1,M19=3),"-(hp*0.1)","")
A20: 5 | B20: 6 | C20: =D20&E20&A20 -> 天涯月明章天涯共此5 | D20: 天涯月明章 | E20: 天涯共此 | F20: 骇浪惊涛 | G20: =VLOOKUP(E20,Sheet3!$C:$AP,40,0)*100+IF(A20=1,0,0)+IF(A20=2,1,0)+IF(A20=3,2,0)+IF(A20=4,3,0)+IF(A20=5,4,0) -> 201010804 | H20: 8 | I20: 1 | J20: 1020405 | L20: 1 | M20: 1 | N20: =Q20&R20&S20&T20&U20&V20 -> 20101085,1 | O20: 0 | P20: -1 | Q20: =VLOOKUP(E20,Sheet3!$C:$AP,40,0)*10+IF(B20=1,0,0)+IF(B20=2,1,0)+IF(B20=3,2,0)+IF(B20=4,3,0)+IF(B20=5,4,0)+IF(B20=6,5,0) -> 20101085 | R20: =IF(H20=8,",1","") -> ,1 | S20: =IF(AND(H20=2,I20=1,J20="hp",L20=1,M20=2),",-1","") | T20: =IF(AND(H20=2,I20=1,J20="hp",L20=1,M20=1),",(最大气血-hp)/最大气血*100","") | U20: =IF(AND(H20=2,I20=1,J20="hp,(hp/气血值)<=0.2",L20=1,M20=3),"气血值*1006","") | V20: =IF(AND(H20=1,I20=0,J20=0,L20=1,M20=3),"-(hp*0.1)","")
A21: 7 | B21: 8 | C21: =D21&E21&A21 -> 天涯月明章晓月残星7 | D21: 天涯月明章 | E21: 晓月残星 | F21: 减防 | G21: 201010405 | H21: 1 | I21: 0 | J21: 0 | L21: 1 | M21: 1 | N21: 20101087,1 | O21: 0 | P21: -1 | Q21: =VLOOKUP(E21,Sheet3!$C:$AP,40,0)*10+IF(B21=1,0,0)+IF(B21=2,1,0)+IF(B21=3,2,0)+IF(B21=4,3,0) -> 20101040 | R21: =IF(H21=1,",1","") -> ,1 | S21: =IF(AND(H21=2,I21=1,J21="hp",L21=1,M21=2),",-1","") | T21: =IF(AND(H21=2,I21=1,J21="hp",L21=1,M21=1),",(最大气血-hp)/最大气血*100","") | U21: =IF(AND(H21=2,I21=1,J21="hp,(hp/气血值)<=0.2",L21=1,M21=3),"气血值*1006","")
A22: 1 | B22: 1 | C22: =D22&E22&A22 -> 天涯月明章共此时1 | D22: 天涯月明章 | E22: 共此时 | G22: =VLOOKUP(E22,Sheet3!$C:$AP,40,0)*100+IF(A22=1,0,0)+IF(A22=2,1,0)+IF(A22=3,2,0)+IF(A22=4,3,0) -> 201010900 | H22: 1 | I22: 0 | J22: 0 | L22: 1 | M22: 1 | N22: =Q22&R22&S22&T22&U22&V22 -> 20101090,1 | O22: 0 | P22: -1 | Q22: =VLOOKUP(E22,Sheet3!$C:$AP,40,0)*10+IF(B22=1,0,0)+IF(B22=2,1,0)+IF(B22=3,2,0)+IF(B22=4,3,0)+IF(B22=5,4,0)+IF(B22=6,5,0) -> 20101090 | R22: =IF(H22=1,",1","") -> ,1 | S22: =IF(AND(H22=2,I22=1,J22="hp",L22=1,M22=2),",-1","") | T22: =IF(AND(H22=2,I22=1,J22="hp",L22=1,M22=1),",(最大气血-hp)/最大气血*100","") | U22: =IF(AND(H22=2,I22=1,J22="hp,(hp/气血值)<=0.2",L22=1,M22=3),"气血值*1006","") | V22: =IF(AND(H22=1,I22=0,J22=0,L22=1,M22=3),"-(hp*0.1)","")
A23: 1 | B23: 1 | C23: =D23&E23&A23 -> 天涯月明章终慨叹1 | D23: 天涯月明章 | E23: 终慨叹 | F23: 减CD | G23: =VLOOKUP(E23,Sheet3!$C:$AP,40,0)*100+IF(A23=1,0,0)+IF(A23=2,1,0)+IF(A23=3,2,0)+IF(A23=4,3,0) -> 201011000 | H23: 1 | I23: 0 | J23: 0 | L23: 1 | M23: 1 | N23: =Q23&R23&S23&T23&U23&V23 -> 20101100,1 | O23: 0 | P23: -1 | Q23: =VLOOKUP(E23,Sheet3!$C:$AP,40,0)*10+IF(B23=1,0,0)+IF(B23=2,1,0)+IF(B23=3,2,0)+IF(B23=4,3,0)+IF(B23=5,4,0)+IF(B23=6,5,0) -> 20101100 | R23: =IF(H23=1,",1","") -> ,1 | S23: =IF(AND(H23=2,I23=1,J23="hp",L23=1,M23=2),",-1","") | T23: =IF(AND(H23=2,I23=1,J23="hp",L23=1,M23=1),",(最大气血-hp)/最大气血*100","") | U23: =IF(AND(H23=2,I23=1,J23="hp,(hp/气血值)<=0.2",L23=1,M23=3),"气血值*1006","") | V23: =IF(AND(H23=1,I23=0,J23=0,L23=1,M23=3),"-(hp*0.1)","")
A24: 2 | B24: 2 | C24: =D24&E24&A24 -> 天涯月明章无名气2 | D24: 天涯月明章 | E24: 无名气 | F24: 增攻 | G24: =VLOOKUP(E24,Sheet3!$C:$AP,40,0)*100+IF(A24=1,0,0)+IF(A24=2,1,0)+IF(A24=3,2,0)+IF(A24=4,3,0) -> 201011101 | H24: 1 | I24: 0 | J24: 0 | L24: 1 | M24: 1 | N24: =Q24&R24&S24&T24&U24&V24 -> 20101111,1 | O24: 0 | P24: -1 | Q24: =VLOOKUP(E24,Sheet3!$C:$AP,40,0)*10+IF(B24=1,0,0)+IF(B24=2,1,0)+IF(B24=3,2,0)+IF(B24=4,3,0)+IF(B24=5,4,0)+IF(B24=6,5,0) -> 20101111 | R24: =IF(H24=1,",1","") -> ,1 | S24: =IF(AND(H24=2,I24=1,J24="hp",L24=1,M24=2),",-1","") | T24: =IF(AND(H24=2,I24=1,J24="hp",L24=1,M24=1),",(最大气血-hp)/最大气血*100","") | U24: =IF(AND(H24=2,I24=1,J24="hp,(hp/气血值)<=0.2",L24=1,M24=3),"气血值*1006","") | V24: =IF(AND(H24=1,I24=0,J24=0,L24=1,M24=3),"-(hp*0.1)","")
A25: 4 | B25: 4 | C25: =D25&E25&A25 -> 天涯月明章无名气4 | D25: 天涯月明章 | E25: 无名气 | F25: 减防 | G25: =VLOOKUP(E25,Sheet3!$C:$AP,40,0)*100+IF(A25=1,0,0)+IF(A25=2,1,0)+IF(A25=3,2,0)+IF(A25=4,3,0) -> 201011103 | H25: 1 | I25: 0 | J25: 0 | L25: 1 | M25: 1 | N25: =Q25&R25&S25&T25&U25&V25 -> 20101113,1 | O25: 0 | P25: -1 | Q25: =VLOOKUP(E25,Sheet3!$C:$AP,40,0)*10+IF(B25=1,0,0)+IF(B25=2,1,0)+IF(B25=3,2,0)+IF(B25=4,3,0)+IF(B25=5,4,0)+IF(B25=6,5,0) -> 20101113 | R25: =IF(H25=1,",1","") -> ,1 | S25: =IF(AND(H25=2,I25=1,J25="hp",L25=1,M25=2),",-1","") | T25: =IF(AND(H25=2,I25=1,J25="hp",L25=1,M25=1),",(最大气血-hp)/最大气血*100","") | U25: =IF(AND(H25=2,I25=1,J25="hp,(hp/气血值)<=0.2",L25=1,M25=3),"气血值*1006","") | V25: =IF(AND(H25=1,I25=0,J25=0,L25=1,M25=3),"-(hp*0.1)","")
A26: 1 | B26: 1 | C26: =D26&E26&A26 -> 嗤魔祭血真经嗤魔万化1 | D26: 嗤魔祭血真经 | E26: 嗤魔万化 | F26: 气血消耗降低 | G26: =VLOOKUP(E26,Sheet3!$C:$AP,40,0)*100+IF(A26=1,0,0)+IF(A26=2,1,0)+IF(A26=3,2,0)+IF(A26=4,3,0) -> 201020100 | H26: 1 | I26: 0 | J26: 0 | L26: 1 | M26: 1 | N26: =Q26&R26&S26&T26&U26&V26 -> 20102010,1 | O26: 0 | P26: -1 | Q26: =VLOOKUP(E26,Sheet3!$C:$AP,40,0)*10+IF(B26=1,0,0)+IF(B26=2,1,0)+IF(B26=3,2,0)+IF(B26=4,3,0)+IF(B26=5,4,0)+IF(B26=6,5,0) -> 20102010 | R26: =IF(H26=1,",1","") -> ,1 | S26: =IF(AND(H26=2,I26=1,J26="hp",L26=1,M26=2),",-1","") | T26: =IF(AND(H26=2,I26=1,J26="hp",L26=1,M26=1),",(最大气血-hp)/最大气血*100","") | U26: =IF(AND(H26=2,I26=1,J26="hp,(hp/气血值)<=0.2",L26=1,M26=3),"气血值*1006","") | V26: =IF(AND(H26=1,I26=0,J26=0,L26=1,M26=3),"-(hp*0.1)","")
A27: 2 | B27: 2 | C27: =D27&E27&A27 -> 嗤魔祭血真经嗤魔万化2 | D27: 嗤魔祭血真经 | E27: 嗤魔万化 | F27: 减CD | G27: =VLOOKUP(E27,Sheet3!$C:$AP,40,0)*100+IF(A27=1,0,0)+IF(A27=2,1,0)+IF(A27=3,2,0)+IF(A27=4,3,0) -> 201020101 | H27: 1 | I27: 0 | J27: 0 | L27: 1 | M27: 1 | N27: =Q27&R27&S27&T27&U27&V27 -> 20102011,1 | O27: 0 | P27: -1 | Q27: =VLOOKUP(E27,Sheet3!$C:$AP,40,0)*10+IF(B27=1,0,0)+IF(B27=2,1,0)+IF(B27=3,2,0)+IF(B27=4,3,0)+IF(B27=5,4,0)+IF(B27=6,5,0) -> 20102011 | R27: =IF(H27=1,",1","") -> ,1 | S27: =IF(AND(H27=2,I27=1,J27="hp",L27=1,M27=2),",-1","") | T27: =IF(AND(H27=2,I27=1,J27="hp",L27=1,M27=1),",(最大气血-hp)/最大气血*100","") | U27: =IF(AND(H27=2,I27=1,J27="hp,(hp/气血值)<=0.2",L27=1,M27=3),"气血值*1006","") | V27: =IF(AND(H27=1,I27=0,J27=0,L27=1,M27=3),"-(hp*0.1)","")
A28: 1 | B28: 1 | C28: =D28&E28&A28 -> 嗤魔祭血真经鬼哭阴嚎1 | D28: 嗤魔祭血真经 | E28: 鬼哭阴嚎 | F28: 修改内劲 | G28: =VLOOKUP(E28,Sheet3!$C:$AP,40,0)*100+IF(A28=1,0,0)+IF(A28=2,1,0)+IF(A28=3,2,0)+IF(A28=4,3,0) -> 201020200 | H28: 9 | I28: 1 | J28: 9 | L28: 1 | M28: 1 | N28: =Q28&R28&S28&T28&U28&V28 -> 20102020,1 | O28: 0 | P28: -1 | Q28: =VLOOKUP(E28,Sheet3!$C:$AP,40,0)*10+IF(B28=1,0,0)+IF(B28=2,1,0)+IF(B28=3,2,0)+IF(B28=4,3,0)+IF(B28=5,4,0)+IF(B28=6,5,0) -> 20102020 | R28: =IF(H28=9,",1","") -> ,1 | S28: =IF(AND(H28=2,I28=1,J28="hp",L28=1,M28=2),",-1","") | T28: =IF(AND(H28=2,I28=1,J28="hp",L28=1,M28=1),",(最大气血-hp)/最大气血*100","") | U28: =IF(AND(H28=2,I28=1,J28="hp,(hp/气血值)<=0.2",L28=1,M28=3),"气血值*1006","") | V28: =IF(AND(H28=1,I28=0,J28=0,L28=1,M28=3),"-(hp*0.1)","")
A29: 1 | B29: 1 | C29: =D29&E29&A29 -> 嗤魔祭血真经附疽黄泉1 | D29: 嗤魔祭血真经 | E29: 附疽黄泉 | F29: 移出 | G29: =VLOOKUP(E29,Sheet3!$C:$AP,40,0)*100+IF(A29=1,0,0)+IF(A29=2,1,0)+IF(A29=3,2,0)+IF(A29=4,3,0) -> 201020300 | H29: 13 | I29: 1 | J29: 1 | L29: 1 | M29: 2 | N29: =Q29&R29&S29&T29&U29&V29 -> 20102030,-1 | O29: 0 | P29: -1 | Q29: =VLOOKUP(E29,Sheet3!$C:$AP,40,0)*10+IF(B29=1,0,0)+IF(B29=2,1,0)+IF(B29=3,2,0)+IF(B29=4,3,0)+IF(B29=5,4,0)+IF(B29=6,5,0) -> 20102030 | R29: =IF(H29=13,",-1","") -> ,-1 | S29: =IF(AND(H29=2,I29=1,J29="hp",L29=1,M29=2),",-1","") | T29: =IF(AND(H29=2,I29=1,J29="hp",L29=1,M29=1),",(最大气血-hp)/最大气血*100","") | U29: =IF(AND(H29=2,I29=1,J29="hp,(hp/气血值)<=0.2",L29=1,M29=3),"气血值*1006","") | V29: =IF(AND(H29=1,I29=0,J29=0,L29=1,M29=3),"-(hp*0.1)","")
A30: 2 | B30: 1 | C30: =D30&E30&A30 -> 嗤魔祭血真经附疽黄泉2 | D30: 嗤魔祭血真经 | E30: 附疽黄泉 | F30: 添加 | G30: =VLOOKUP(E30,Sheet3!$C:$AP,40,0)*100+IF(A30=1,0,0)+IF(A30=2,1,0)+IF(A30=3,2,0)+IF(A30=4,3,0) -> 201020301 | H30: 6 | I30: 1 | J30: 0,1,1 | L30: 1 | M30: 1 | N30: =Q30&R30&S30&T30&U30&V30 -> 20102030,debuff数量/1 | O30: 0 | P30: -1 | Q30: =VLOOKUP(E30,Sheet3!$C:$AP,40,0)*10+IF(B30=1,0,0)+IF(B30=2,1,0)+IF(B30=3,2,0)+IF(B30=4,3,0)+IF(B30=5,4,0)+IF(B30=6,5,0) -> 20102030 | R30: =IF(H30=6,",debuff数量/1","") -> ,debuff数量/1 | S30: =IF(AND(H30=2,I30=1,J30="hp",L30=1,M30=2),",-1","") | T30: =IF(AND(H30=2,I30=1,J30="hp",L30=1,M30=1),",(最大气血-hp)/最大气血*100","") | U30: =IF(AND(H30=2,I30=1,J30="hp,(hp/气血值)<=0.2",L30=1,M30=3),"气血值*1006","") | V30: =IF(AND(H30=1,I30=0,J30=0,L30=1,M30=3),"-(hp*0.1)","")
A31: 1 | B31: 1 | C31: =D31&E31&A31 -> 嗤魔祭血真经幽魂出窍1 | D31: 嗤魔祭血真经 | E31: 幽魂出窍 | F31: 气血消耗降低 | G31: =VLOOKUP(E31,Sheet3!$C:$AP,40,0)*100+IF(A31=1,0,0)+IF(A31=2,1,0)+IF(A31=3,2,0)+IF(A31=4,3,0) -> 201020400 | H31: 1 | I31: 0 | J31: 0 | L31: 1 | M31: 1 | N31: =Q31&R31&S31&T31&U31&V31 -> 20102040,1 | O31: 0 | P31: -1 | Q31: =VLOOKUP(E31,Sheet3!$C:$AP,40,0)*10+IF(B31=1,0,0)+IF(B31=2,1,0)+IF(B31=3,2,0)+IF(B31=4,3,0)+IF(B31=5,4,0)+IF(B31=6,5,0) -> 20102040 | R31: =IF(H31=1,",1","") -> ,1 | S31: =IF(AND(H31=2,I31=1,J31="hp",L31=1,M31=2),",-1","") | T31: =IF(AND(H31=2,I31=1,J31="hp",L31=1,M31=1),",(最大气血-hp)/最大气血*100","") | U31: =IF(AND(H31=2,I31=1,J31="hp,(hp/气血值)<=0.2",L31=1,M31=3),"气血值*1006","") | V31: =IF(AND(H31=1,I31=0,J31=0,L31=1,M31=3),"-(hp*0.1)","")
A32: 2 | B32: 2 | C32: =D32&E32&A32 -> 嗤魔祭血真经幽魂出窍2 | D32: 嗤魔祭血真经 | E32: 幽魂出窍 | F32: 减CD | G32: =VLOOKUP(E32,Sheet3!$C:$AP,40,0)*100+IF(A32=1,0,0)+IF(A32=2,1,0)+IF(A32=3,2,0)+IF(A32=4,3,0) -> 201020401 | H32: 1 | I32: 0 | J32: 0 | L32: 1 | M32: 1 | N32: =Q32&R32&S32&T32&U32&V32 -> 20102041,1 | O32: 0 | P32: -1 | Q32: =VLOOKUP(E32,Sheet3!$C:$AP,40,0)*10+IF(B32=1,0,0)+IF(B32=2,1,0)+IF(B32=3,2,0)+IF(B32=4,3,0)+IF(B32=5,4,0)+IF(B32=6,5,0) -> 20102041 | R32: =IF(H32=1,",1","") -> ,1 | S32: =IF(AND(H32=2,I32=1,J32="hp",L32=1,M32=2),",-1","") | T32: =IF(AND(H32=2,I32=1,J32="hp",L32=1,M32=1),",(最大气血-hp)/最大气血*100","") | U32: =IF(AND(H32=2,I32=1,J32="hp,(hp/气血值)<=0.2",L32=1,M32=3),"气血值*1006","") | V32: =IF(AND(H32=1,I32=0,J32=0,L32=1,M32=3),"-(hp*0.1)","")
A33: 1 | B33: 1 | C33: =D33&E33&A33 -> 嗤魔祭血真经残恶两生咒1 | D33: 嗤魔祭血真经 | E33: 残恶两生咒 | F33: 修改暴击几率 | G33: =VLOOKUP(E33,Sheet3!$C:$AP,40,0)*100+IF(A33=1,0,0)+IF(A33=2,1,0)+IF(A33=3,2,0)+IF(A33=4,3,0) -> 201020500 | H33: 3 | I33: 1 | J33: 0,伤害>1 | L33: 1 | M33: 1 | N33: =Q33&R33&S33&T33&U33&V33 -> 20102050,1 | O33: 0 | P33: -1 | Q33: =VLOOKUP(E33,Sheet3!$C:$AP,40,0)*10+IF(B33=1,0,0)+IF(B33=2,1,0)+IF(B33=3,2,0)+IF(B33=4,3,0) -> 20102050 | R33: =IF(H33=3,",1","") -> ,1 | S33: =IF(AND(H33=2,I33=1,J33="hp",L33=1,M33=2),",-1","") | T33: =IF(AND(H33=2,I33=1,J33="hp",L33=1,M33=1),",(最大气血-hp)/最大气血*100","") | U33: =IF(AND(H33=2,I33=1,J33="hp,(hp/气血值)<=0.2",L33=1,M33=3),"气血值*1006","") | V33: =IF(AND(H33=1,I33=0,J33=0,L33=1,M33=3),"-(hp*0.1)","")
A34: 1 | B34: 1 | C34: =D34&E34&A34 -> 嗤魔祭血真经恶鬼争食1 | D34: 嗤魔祭血真经 | E34: 恶鬼争食 | G34: =VLOOKUP(E34,Sheet3!$C:$AP,40,0)*100+IF(A34=1,0,0)+IF(A34=2,1,0)+IF(A34=3,2,0)+IF(A34=4,3,0) -> 201020600 | H34: 3 | I34: 1 | J34: 1,伤害>1,1 | L34: 1 | M34: 21 | N34: -30,0,1 | O34: 0 | P34: -1 | S34: =IF(AND(H34=2,I34=1,J34="hp",L34=1,M34=2),",-1","") | T34: =IF(AND(H34=2,I34=1,J34="hp",L34=1,M34=1),",(最大气血-hp)/最大气血*100","") | U34: =IF(AND(H34=2,I34=1,J34="hp,(hp/气血值)<=0.2",L34=1,M34=3),"气血值*1006","") | V34: =IF(AND(H34=1,I34=0,J34=0,L34=1,M34=3),"-(hp*0.1)","")
A35: 1 | B35: 1 | C35: =D35&E35&A35 -> 嗤魔祭血真经瘟啼无间1 | D35: 嗤魔祭血真经 | E35: 瘟啼无间 | F35: 气血消耗降低 | G35: =VLOOKUP(E35,Sheet3!$C:$AP,40,0)*100+IF(A35=1,0,0)+IF(A35=2,1,0)+IF(A35=3,2,0)+IF(A35=4,3,0) -> 201020700 | H35: 1 | I35: 0 | J35: 0 | L35: 1 | M35: 1 | N35: =Q35&R35&S35&T35&U35&V35 -> 20102070,1 | O35: 0 | P35: -1 | Q35: =VLOOKUP(E35,Sheet3!$C:$AP,40,0)*10+IF(B35=1,0,0)+IF(B35=2,1,0)+IF(B35=3,2,0)+IF(B35=4,3,0)+IF(B35=5,4,0)+IF(B35=6,5,0) -> 20102070 | R35: =IF(H35=1,",1","") -> ,1 | S35: =IF(AND(H35=2,I35=1,J35="hp",L35=1,M35=2),",-1","") | T35: =IF(AND(H35=2,I35=1,J35="hp",L35=1,M35=1),",(最大气血-hp)/最大气血*100","") | U35: =IF(AND(H35=2,I35=1,J35="hp,(hp/气血值)<=0.2",L35=1,M35=3),"气血值*1006","") | V35: =IF(AND(H35=1,I35=0,J35=0,L35=1,M35=3),"-(hp*0.1)","")
A36: 2 | B36: 2 | C36: =D36&E36&A36 -> 嗤魔祭血真经瘟啼无间2 | D36: 嗤魔祭血真经 | E36: 瘟啼无间 | F36: 减CD | G36: =VLOOKUP(E36,Sheet3!$C:$AP,40,0)*100+IF(A36=1,0,0)+IF(A36=2,1,0)+IF(A36=3,2,0)+IF(A36=4,3,0) -> 201020701 | H36: 1 | I36: 0 | J36: 0 | L36: 1 | M36: 1 | N36: =Q36&R36&S36&T36&U36&V36 -> 20102071,1 | O36: 0 | P36: -1 | Q36: =VLOOKUP(E36,Sheet3!$C:$AP,40,0)*10+IF(B36=1,0,0)+IF(B36=2,1,0)+IF(B36=3,2,0)+IF(B36=4,3,0)+IF(B36=5,4,0)+IF(B36=6,5,0) -> 20102071 | R36: =IF(H36=1,",1","") -> ,1 | S36: =IF(AND(H36=2,I36=1,J36="hp",L36=1,M36=2),",-1","") | T36: =IF(AND(H36=2,I36=1,J36="hp",L36=1,M36=1),",(最大气血-hp)/最大气血*100","") | U36: =IF(AND(H36=2,I36=1,J36="hp,(hp/气血值)<=0.2",L36=1,M36=3),"气血值*1006","") | V36: =IF(AND(H36=1,I36=0,J36=0,L36=1,M36=3),"-(hp*0.1)","")
A37: 1 | B37: 1 | C37: =D37&E37&A37 -> 嗤魔祭血真经嗤魔笑1 | D37: 嗤魔祭血真经 | E37: 嗤魔笑 | G37: =VLOOKUP(E37,Sheet3!$C:$AP,40,0)*100+IF(A37=1,0,0)+IF(A37=2,1,0)+IF(A37=3,2,0)+IF(A37=4,3,0) -> 201020800 | H37: 1 | I37: 0 | J37: 0 | L37: 1 | M37: 1 | N37: =Q37&R37&S37&T37&U37&V37 | O37: 0 | P37: -1 | S37: =IF(AND(H37=2,I37=1,J37="hp",L37=1,M37=2),",-1","") | T37: =IF(AND(H37=2,I37=1,J37="hp",L37=1,M37=1),",(最大气血-hp)/最大气血*100","") | U37: =IF(AND(H37=2,I37=1,J37="hp,(hp/气血值)<=0.2",L37=1,M37=3),"气血值*1006","") | V37: =IF(AND(H37=1,I37=0,J37=0,L37=1,M37=3),"-(hp*0.1)","")
A38: 1 | B38: 1 | C38: =D38&E38&A38 -> 嗤魔祭血真经残躯转1 | D38: 嗤魔祭血真经 | E38: 残躯转 | G38: =VLOOKUP(E38,Sheet3!$C:$AP,40,0)*100+IF(A38=1,0,0)+IF(A38=2,1,0)+IF(A38=3,2,0)+IF(A38=4,3,0) -> 201020900 | H38: 1 | I38: 0 | J38: 0 | L38: 1 | M38: 1 | N38: =Q38&R38&S38&T38&U38&V38 -> 20102090,1 | O38: 0 | P38: -1 | Q38: =VLOOKUP(E38,Sheet3!$C:$AP,40,0)*10+IF(B38=1,0,0)+IF(B38=2,1,0)+IF(B38=3,2,0)+IF(B38=4,3,0)+IF(B38=5,4,0)+IF(B38=6,5,0) -> 20102090 | R38: =IF(H38=1,",1","") -> ,1 | S38: =IF(AND(H38=2,I38=1,J38="hp",L38=1,M38=2),",-1","") | T38: =IF(AND(H38=2,I38=1,J38="hp",L38=1,M38=1),",(最大气血-hp)/最大气血*100","") | U38: =IF(AND(H38=2,I38=1,J38="hp,(hp/气血值)<=0.2",L38=1,M38=3),"气血值*1006","") | V38: =IF(AND(H38=1,I38=0,J38=0,L38=1,M38=3),"-(hp*0.1)","")
A39: 1 | B39: 1 | C39: =D39&E39&A39 -> 嗤魔祭血真经返世魔1 | D39: 嗤魔祭血真经 | E39: 返世魔 | F39: 减CD | G39: =VLOOKUP(E39,Sheet3!$C:$AP,40,0)*100+IF(A39=1,0,0)+IF(A39=2,1,0)+IF(A39=3,2,0)+IF(A39=4,3,0) -> 201021000 | H39: 1 | I39: 0 | J39: 0 | L39: 1 | M39: 1 | N39: =Q39&R39&S39&T39&U39&V39 -> 20102100,1 | O39: 0 | P39: -1 | Q39: =VLOOKUP(E39,Sheet3!$C:$AP,40,0)*10+IF(B39=1,0,0)+IF(B39=2,1,0)+IF(B39=3,2,0)+IF(B39=4,3,0)+IF(B39=5,4,0)+IF(B39=6,5,0) -> 20102100 | R39: =IF(H39=1,",1","") -> ,1 | S39: =IF(AND(H39=2,I39=1,J39="hp",L39=1,M39=2),",-1","") | T39: =IF(AND(H39=2,I39=1,J39="hp",L39=1,M39=1),",(最大气血-hp)/最大气血*100","") | U39: =IF(AND(H39=2,I39=1,J39="hp,(hp/气血值)<=0.2",L39=1,M39=3),"气血值*1006","") | V39: =IF(AND(H39=1,I39=0,J39=0,L39=1,M39=3),"-(hp*0.1)","")
A40: 2 | B40: 1 | C40: =D40&E40&A40 -> 嗤魔祭血真经浊饮恶酒2 | D40: 嗤魔祭血真经 | E40: 浊饮恶酒 | F40: 添加 | G40: =VLOOKUP(E40,Sheet3!$C:$AP,40,0)*100+IF(A40=1,0,0)+IF(A40=2,1,0)+IF(A40=3,2,0)+IF(A40=4,3,0) -> 201021101 | H40: 6 | I40: 1 | J40: 0,1,1 | L40: 1 | M40: 1 | N40: =Q40&R40&S40&T40&U40&V40 -> 20102110,debuff数量/1 | O40: 0 | P40: -1 | Q40: =VLOOKUP(E40,Sheet3!$C:$AP,40,0)*10+IF(B40=1,0,0)+IF(B40=2,1,0)+IF(B40=3,2,0)+IF(B40=4,3,0)+IF(B40=5,4,0)+IF(B40=6,5,0) -> 20102110 | R40: =IF(H40=6,",debuff数量/1","") -> ,debuff数量/1 | S40: =IF(AND(H40=2,I40=1,J40="hp",L40=1,M40=2),",-1","") | T40: =IF(AND(H40=2,I40=1,J40="hp",L40=1,M40=1),",(最大气血-hp)/最大气血*100","") | U40: =IF(AND(H40=2,I40=1,J40="hp,(hp/气血值)<=0.2",L40=1,M40=3),"气血值*1006","") | V40: =IF(AND(H40=1,I40=0,J40=0,L40=1,M40=3),"-(hp*0.1)","")
A41: 1 | B41: 1 | C41: =D41&E41&A41 -> 连珏天璧法璧碎珠沉1 | D41: 连珏天璧法 | E41: 璧碎珠沉 | F41: 移除 | G41: =VLOOKUP(E41,Sheet3!$C:$AP,40,0)*100+IF(A41=1,0,0)+IF(A41=2,1,0)+IF(A41=3,2,0)+IF(A41=4,3,0) -> 201030100 | H41: 2 | I41: 1 | J41: hp | L41: 1 | M41: 2 | N41: =Q41&R41&S41&T41&U41&V41 -> 20103010,-1 | O41: 0 | P41: -1 | Q41: =VLOOKUP(E41,Sheet3!$C:$AP,40,0)*10+IF(B41=1,0,0)+IF(B41=2,1,0)+IF(B41=3,2,0)+IF(B41=4,3,0) -> 20103010 | R41: =IF(H41=1,",1","") | S41: =IF(AND(H41=2,I41=1,J41="hp",L41=1,M41=2),",-1","") -> ,-1 | T41: =IF(AND(H41=2,I41=1,J41="hp",L41=1,M41=1),",(最大气血-hp)/最大气血*100","") | U41: =IF(AND(H41=2,I41=1,J41="hp,(hp/气血值)<=0.2",L41=1,M41=3),"气血值*1006","") | V41: =IF(AND(H41=1,I41=0,J41=0,L41=1,M41=3),"-(hp*0.1)","")
A42: 2 | B42: 1 | C42: =D42&E42&A42 -> 连珏天璧法璧碎珠沉2 | D42: 连珏天璧法 | E42: 璧碎珠沉 | F42: 添加 | G42: =VLOOKUP(E42,Sheet3!$C:$AP,40,0)*100+IF(A42=1,0,0)+IF(A42=2,1,0)+IF(A42=3,2,0)+IF(A42=4,3,0) -> 201030101 | H42: 2 | I42: 1 | J42: hp | L42: 1 | M42: 1 | N42: =Q42&R42&S42&T42&U42&V42 -> 20103010,(最大气血-hp)/最大气血*100 | O42: 0 | P42: -1 | Q42: =VLOOKUP(E42,Sheet3!$C:$AP,40,0)*10+IF(B42=1,0,0)+IF(B42=2,1,0)+IF(B42=3,2,0)+IF(B42=4,3,0) -> 20103010 | R42: =IF(H42=1,",1","") | S42: =IF(AND(H42=2,I42=1,J42="hp",L42=1,M42=2),",-1","") | T42: =IF(AND(H42=2,I42=1,J42="hp",L42=1,M42=1),",(最大气血-hp)/最大气血*100","") -> ,(最大气血-hp)/最大气血*100 | U42: =IF(AND(H42=2,I42=1,J42="hp,(hp/气血值)<=0.2",L42=1,M42=3),"气血值*1006","") | V42: =IF(AND(H42=1,I42=0,J42=0,L42=1,M42=3),"-(hp*0.1)","")
A43: 1 | B43: 1 | C43: =D43&E43&A43 -> 连珏天璧法圭角无痕1 | D43: 连珏天璧法 | E43: 圭角无痕 | F43: 每秒体力恢复+1点 | G43: =VLOOKUP(E43,Sheet3!$C:$AP,40,0)*100+IF(A43=1,0,0)+IF(A43=2,1,0)+IF(A43=3,2,0)+IF(A43=4,3,0) -> 201030200 | H43: 1 | I43: 0 | J43: 0 | L43: 1 | M43: 1 | N43: =Q43&R43&S43&T43&U43&V43 -> 20103020,1 | O43: 0 | P43: -1 | Q43: =VLOOKUP(E43,Sheet3!$C:$AP,40,0)*10+IF(B43=1,0,0)+IF(B43=2,1,0)+IF(B43=3,2,0)+IF(B43=4,3,0) -> 20103020 | R43: =IF(H43=1,",1","") -> ,1
A44: 1 | B44: 1 | C44: =D44&E44&A44 -> 连珏天璧法璞玉浑金1 | D44: 连珏天璧法 | E44: 璞玉浑金 | F44: 提升气血恢复属性 | G44: =VLOOKUP(E44,Sheet3!$C:$AP,40,0)*100+IF(A44=1,0,0)+IF(A44=2,1,0)+IF(A44=3,2,0)+IF(A44=4,3,0) -> 201030300 | H44: 1 | I44: 0 | J44: 0 | L44: 1 | M44: 1 | N44: =Q44&R44&S44&T44&U44&V44 -> 20103030,1 | O44: 0 | P44: -1 | Q44: =VLOOKUP(E44,Sheet3!$C:$AP,40,0)*10+IF(B44=1,0,0)+IF(B44=2,1,0)+IF(B44=3,2,0)+IF(B44=4,3,0) -> 20103030 | R44: =IF(H44=1,",1","") -> ,1
A45: 1 | B45: 1 | C45: =D45&E45&A45 -> 连珏天璧法乱琼碎玉1 | D45: 连珏天璧法 | E45: 乱琼碎玉 | F45: 移除 | G45: =VLOOKUP(E45,Sheet3!$C:$AP,40,0)*100+IF(A45=1,0,0)+IF(A45=2,1,0)+IF(A45=3,2,0)+IF(A45=4,3,0) -> 201030400 | H45: 2 | I45: 1 | J45: hp | L45: 1 | M45: 2 | N45: =Q45&R45&S45&T45&U45&V45 -> 20103040,-1 | O45: 0 | P45: -1 | Q45: =VLOOKUP(E45,Sheet3!$C:$AP,40,0)*10+IF(B45=1,0,0)+IF(B45=2,1,0)+IF(B45=3,2,0)+IF(B45=4,3,0) -> 20103040 | R45: =IF(H45=1,",1","") | S45: =IF(AND(H45=2,I45=1,J45="hp",L45=1,M45=2),",-1","") -> ,-1 | T45: =IF(AND(H45=2,I45=1,J45="hp",L45=1,M45=1),",(最大气血-hp)/最大气血*100","") | U45: =IF(AND(H45=2,I45=1,J45="hp,(hp/气血值)<=0.2",L45=1,M45=3),"气血值*1006","") | V45: =IF(AND(H45=1,I45=0,J45=0,L45=1,M45=3),"-(hp*0.1)","")
A46: 2 | B46: 1 | C46: =D46&E46&A46 -> 连珏天璧法乱琼碎玉2 | D46: 连珏天璧法 | E46: 乱琼碎玉 | F46: 添加 | G46: =VLOOKUP(E46,Sheet3!$C:$AP,40,0)*100+IF(A46=1,0,0)+IF(A46=2,1,0)+IF(A46=3,2,0)+IF(A46=4,3,0) -> 201030401 | H46: 2 | I46: 1 | J46: hp | L46: 1 | M46: 1 | N46: =Q46&R46&S46&T46&U46&V46 -> 20103040,(最大气血-hp)/最大气血*100 | O46: 0 | P46: -1 | Q46: =VLOOKUP(E46,Sheet3!$C:$AP,40,0)*10+IF(B46=1,0,0)+IF(B46=2,1,0)+IF(B46=3,2,0)+IF(B46=4,3,0) -> 20103040 | R46: =IF(H46=1,",1","") | S46: =IF(AND(H46=2,I46=1,J46="hp",L46=1,M46=2),",-1","") | T46: =IF(AND(H46=2,I46=1,J46="hp",L46=1,M46=1),",(最大气血-hp)/最大气血*100","") -> ,(最大气血-hp)/最大气血*100 | U46: =IF(AND(H46=2,I46=1,J46="hp,(hp/气血值)<=0.2",L46=1,M46=3),"气血值*1006","") | V46: =IF(AND(H46=1,I46=0,J46=0,L46=1,M46=3),"-(hp*0.1)","")
A47: 1 | B47: 1 | C47: =D47&E47&A47 -> 连珏天璧法白璧无瑕1 | D47: 连珏天璧法 | E47: 白璧无瑕 | F47: 格挡降体力 | G47: =VLOOKUP(E47,Sheet3!$C:$AP,40,0)*100+IF(A47=1,0,0)+IF(A47=2,1,0)+IF(A47=3,2,0)+IF(A47=4,3,0) -> 201030500 | H47: 2 | I47: 0 | J47: 0 | L47: 1 | M47: 1 | N47: =Q47&R47&S47&T47&U47&V47 -> 20103050,1 | O47: 0 | P47: -1 | Q47: =VLOOKUP(E47,Sheet3!$C:$AP,40,0)*10+IF(B47=1,0,0)+IF(B47=2,1,0)+IF(B47=3,2,0)+IF(B47=4,3,0) -> 20103050 | R47: =IF(H47=2,",1","") -> ,1 | S47: =IF(AND(H47=2,I47=1,J47="hp",L47=1,M47=2),",-1","") | T47: =IF(AND(H47=2,I47=1,J47="hp",L47=1,M47=1),",(最大气血-hp)/最大气血*100","") | U47: =IF(AND(H47=2,I47=1,J47="hp,(hp/气血值)<=0.2",L47=1,M47=3),"气血值*1006","") | V47: =IF(AND(H47=1,I47=0,J47=0,L47=1,M47=3),"-(hp*0.1)","")
A48: 1 | B48: 1 | C48: =D48&E48&A48 -> 连珏天璧法金枝菩树1 | D48: 连珏天璧法 | E48: 金枝菩树 | F48: 额外提升10%暴击减 | G48: =VLOOKUP(E48,Sheet3!$C:$AP,40,0)*100+IF(A48=1,0,0)+IF(A48=2,1,0)+IF(A48=3,2,0)+IF(A48=4,3,0) -> 201030600 | H48: 1 | I48: 0 | J48: 0 | L48: 1 | M48: 1 | N48: =Q48&R48&S48&T48&U48&V48 -> 20103060,1 | O48: 0 | P48: -1 | Q48: =VLOOKUP(E48,Sheet3!$C:$AP,40,0)*10+IF(B48=1,0,0)+IF(B48=2,1,0)+IF(B48=3,2,0)+IF(B48=4,3,0) -> 20103060 | R48: =IF(H48=1,",1","") -> ,1 | S48: =IF(AND(H48=2,I48=1,J48="hp",L48=1,M48=2),",-1","") | T48: =IF(AND(H48=2,I48=1,J48="hp",L48=1,M48=1),",(最大气血-hp)/最大气血*100","") | U48: =IF(AND(H48=2,I48=1,J48="hp,(hp/气血值)<=0.2",L48=1,M48=3),"气血值*1006","") | V48: =IF(AND(H48=1,I48=0,J48=0,L48=1,M48=3),"-(hp*0.1)","")
A49: 1 | B49: 1 | C49: =D49&E49&A49 -> 连珏天璧法珠联璧合1 | D49: 连珏天璧法 | E49: 珠联璧合 | F49: 移除 | G49: =VLOOKUP(E49,Sheet3!$C:$AP,40,0)*100+IF(A49=1,0,0)+IF(A49=2,1,0)+IF(A49=3,2,0)+IF(A49=4,3,0) -> 201030700 | H49: 2 | I49: 1 | J49: hp | L49: 1 | M49: 2 | N49: =Q49&R49&S49&T49&U49&V49 -> 20103070,-1 | O49: 0 | P49: -1 | Q49: =VLOOKUP(E49,Sheet3!$C:$AP,40,0)*10+IF(B49=1,0,0)+IF(B49=2,1,0)+IF(B49=3,2,0)+IF(B49=4,3,0) -> 20103070 | R49: =IF(H49=1,",1","") | S49: =IF(AND(H49=2,I49=1,J49="hp",L49=1,M49=2),",-1","") -> ,-1 | T49: =IF(AND(H49=2,I49=1,J49="hp",L49=1,M49=1),",(最大气血-hp)/最大气血*100","") | U49: =IF(AND(H49=2,I49=1,J49="hp,(hp/气血值)<=0.2",L49=1,M49=3),"气血值*1006","") | V49: =IF(AND(H49=1,I49=0,J49=0,L49=1,M49=3),"-(hp*0.1)","")
A50: 2 | B50: 1 | C50: =D50&E50&A50 -> 连珏天璧法珠联璧合2 | D50: 连珏天璧法 | E50: 珠联璧合 | F50: 添加 | G50: =VLOOKUP(E50,Sheet3!$C:$AP,40,0)*100+IF(A50=1,0,0)+IF(A50=2,1,0)+IF(A50=3,2,0)+IF(A50=4,3,0) -> 201030701 | H50: 2 | I50: 1 | J50: hp | L50: 1 | M50: 1 | N50: =Q50&R50&S50&T50&U50&V50 -> 20103070,(最大气血-hp)/最大气血*100 | O50: 0 | P50: -1 | Q50: =VLOOKUP(E50,Sheet3!$C:$AP,40,0)*10+IF(B50=1,0,0)+IF(B50=2,1,0)+IF(B50=3,2,0)+IF(B50=4,3,0) -> 20103070 | R50: =IF(H50=1,",1","") | S50: =IF(AND(H50=2,I50=1,J50="hp",L50=1,M50=2),",-1","") | T50: =IF(AND(H50=2,I50=1,J50="hp",L50=1,M50=1),",(最大气血-hp)/最大气血*100","") -> ,(最大气血-hp)/最大气血*100 | U50: =IF(AND(H50=2,I50=1,J50="hp,(hp/气血值)<=0.2",L50=1,M50=3),"气血值*1006","") | V50: =IF(AND(H50=1,I50=0,J50=0,L50=1,M50=3),"-(hp*0.1)","")
A51: 1 | B51: 1 | C51: =D51&E51&A51 -> 连珏天璧法完璧不破1 | D51: 连珏天璧法 | E51: 完璧不破 | F51: 血量低时提升防御 | G51: =VLOOKUP(E51,Sheet3!$C:$AP,40,0)*100+IF(A51=1,0,0)+IF(A51=2,1,0)+IF(A51=3,2,0)+IF(A51=4,3,0) -> 201030800 | H51: 2 | I51: 1 | J51: hp,(hp/最大气血)<=0.3 | L51: 1 | M51: 1 | N51: =Q51&R51&S51&T51&U51&V51 -> 20103080,1 | O51: 0 | P51: 1 | Q51: =VLOOKUP(E51,Sheet3!$C:$AP,40,0)*10+IF(B51=1,0,0)+IF(B51=2,1,0)+IF(B51=3,2,0)+IF(B51=4,3,0) -> 20103080 | R51: =IF(H51=2,",1","") -> ,1 | S51: =IF(AND(H51=2,I51=1,J51="hp",L51=1,M51=2),",-1","") | T51: =IF(AND(H51=2,I51=1,J51="hp",L51=1,M51=1),",(最大气血-hp)/最大气血*100","") | U51: =IF(AND(H51=2,I51=1,J51="hp,(hp/气血值)<=0.2",L51=1,M51=3),"气血值*1006","") | V51: =IF(AND(H51=1,I51=0,J51=0,L51=1,M51=3),"-(hp*0.1)","")
A52: 1 | B52: 1 | C52: =D52&E52&A52 -> 连珏天璧法不破壁1 | D52: 连珏天璧法 | E52: 不破壁 | G52: =VLOOKUP(E52,Sheet3!$C:$AP,40,0)*100+IF(A52=1,0,0)+IF(A52=2,1,0)+IF(A52=3,2,0)+IF(A52=4,3,0) -> 201030900 | H52: 1 | I52: 0 | J52: 0 | L52: 1 | M52: 1 | N52: =Q52&R52&S52&T52&U52&V52 -> 20103090,1 | O52: 0 | P52: -1 | Q52: =VLOOKUP(E52,Sheet3!$C:$AP,40,0)*10+IF(B52=1,0,0)+IF(B52=2,1,0)+IF(B52=3,2,0)+IF(B52=4,3,0) -> 20103090 | R52: =IF(H52=1,",1","") -> ,1 | S52: =IF(AND(H52=2,I52=1,J52="hp",L52=1,M52=2),",-1","") | T52: =IF(AND(H52=2,I52=1,J52="hp",L52=1,M52=1),",(最大气血-hp)/最大气血*100","") | U52: =IF(AND(H52=2,I52=1,J52="hp,(hp/气血值)<=0.2",L52=1,M52=3),"气血值*1006","") | V52: =IF(AND(H52=1,I52=0,J52=0,L52=1,M52=3),"-(hp*0.1)","")
A53: 1 | B53: 1 | C53: =D53&E53&A53 -> 连珏天璧法剔透玲珑1 | D53: 连珏天璧法 | E53: 剔透玲珑 | F53: 每秒体力恢复+2点 | G53: =VLOOKUP(E53,Sheet3!$C:$AP,40,0)*100+IF(A53=1,0,0)+IF(A53=2,1,0)+IF(A53=3,2,0)+IF(A53=4,3,0) -> 201031000 | H53: 1 | I53: 0 | J53: 0 | L53: 1 | M53: 1 | N53: =Q53&R53&S53&T53&U53&V53 -> 20103100,1 | O53: 0 | P53: -1 | Q53: =VLOOKUP(E53,Sheet3!$C:$AP,40,0)*10+IF(B53=1,0,0)+IF(B53=2,1,0)+IF(B53=3,2,0)+IF(B53=4,3,0) -> 20103100 | R53: =IF(H53=1,",1","") -> ,1
A54: 1 | B54: 1 | C54: =D54&E54&A54 -> 连珏天璧法石中玉1 | D54: 连珏天璧法 | E54: 石中玉 | F54: 移除 | G54: =VLOOKUP(E54,Sheet3!$C:$AP,40,0)*100+IF(A54=1,0,0)+IF(A54=2,1,0)+IF(A54=3,2,0)+IF(A54=4,3,0) -> 201031100 | H54: 2 | I54: 1 | J54: hp | L54: 1 | M54: 2 | N54: =Q54&R54&S54&T54&U54&V54 -> 20103110,-1 | O54: 0 | P54: -1 | Q54: =VLOOKUP(E54,Sheet3!$C:$AP,40,0)*10+IF(B54=1,0,0)+IF(B54=2,1,0)+IF(B54=3,2,0)+IF(B54=4,3,0) -> 20103110 | R54: =IF(H54=1,",1","") | S54: =IF(AND(H54=2,I54=1,J54="hp",L54=1,M54=2),",-1","") -> ,-1 | T54: =IF(AND(H54=2,I54=1,J54="hp",L54=1,M54=1),",(最大气血-hp)/最大气血*100","") | U54: =IF(AND(H54=2,I54=1,J54="hp,(hp/气血值)<=0.2",L54=1,M54=3),"气血值*1006","") | V54: =IF(AND(H54=1,I54=0,J54=0,L54=1,M54=3),"-(hp*0.1)","")
A55: 2 | B55: 1 | C55: =D55&E55&A55 -> 连珏天璧法石中玉2 | D55: 连珏天璧法 | E55: 石中玉 | F55: 添加 | G55: =VLOOKUP(E55,Sheet3!$C:$AP,40,0)*100+IF(A55=1,0,0)+IF(A55=2,1,0)+IF(A55=3,2,0)+IF(A55=4,3,0) -> 201031101 | H55: 2 | I55: 1 | J55: hp | L55: 1 | M55: 1 | N55: =Q55&R55&S55&T55&U55&V55 -> 20103110,(最大气血-hp)/最大气血*100 | O55: 0 | P55: -1 | Q55: =VLOOKUP(E55,Sheet3!$C:$AP,40,0)*10+IF(B55=1,0,0)+IF(B55=2,1,0)+IF(B55=3,2,0)+IF(B55=4,3,0) -> 20103110 | R55: =IF(H55=1,",1","") | S55: =IF(AND(H55=2,I55=1,J55="hp",L55=1,M55=2),",-1","") | T55: =IF(AND(H55=2,I55=1,J55="hp",L55=1,M55=1),",(最大气血-hp)/最大气血*100","") -> ,(最大气血-hp)/最大气血*100 | U55: =IF(AND(H55=2,I55=1,J55="hp,(hp/气血值)<=0.2",L55=1,M55=3),"气血值*1006","") | V55: =IF(AND(H55=1,I55=0,J55=0,L55=1,M55=3),"-(hp*0.1)","")
A56: 1 | B56: 1 | C56: =D56&E56&A56 -> 玄黎蛊瘴赤蛛织心1 | D56: 玄黎蛊瘴 | E56: 赤蛛织心 | F56: 触发气血回复的条件调整至气血低于20% | G56: =VLOOKUP(E56,Sheet3!$C:$AP,40,0)*100+IF(A56=1,0,0)+IF(A56=2,1,0)+IF(A56=3,2,0)+IF(A56=4,3,0) -> 201040100 | H56: 2 | I56: 1 | J56: hp,(hp/最大气血)<=公式变量1 | L56: 1 | M56: 3 | N56: =T56 -> 最大气血*0.3 | O56: =5*60 -> 300 | P56: -1 | R56: =IF(H56=1,",1","") | S56: =IF(AND(H56=2,I56=1,J56="hp",L56=1,M56=2),",-1","") | T56: =IF(AND(H56=2,I56=1,J56="hp,(hp/最大气血)<=公式变量1",L56=1,M56=3),"最大气血*0.3","") -> 最大气血*0.3 | U56: =IF(AND(H56=2,I56=1,J56="hp,(hp/气血值)<=属性判断对比值",L56=1,M56=3),"气血值*0.3") -> FALSE | V56: =IF(AND(H56=1,I56=0,J56=0,L56=1,M56=3),"-(hp*0.1)","")
A57: 2 | B57: 2 | C57: =D57&E57&A57 -> 玄黎蛊瘴赤蛛织心2 | D57: 玄黎蛊瘴 | E57: 赤蛛织心 | F57: 变量 | G57: =VLOOKUP(E57,Sheet3!$C:$AP,40,0)*100+IF(A57=1,0,0)+IF(A57=2,1,0)+IF(A57=3,2,0)+IF(A57=4,3,0) -> 201040101 | H57: 1 | I57: 0 | J57: 0 | L57: 1 | M57: 1 | N57: =Q57&R57&S57&T57&U57&V57 -> 20104011,1 | O57: 0 | P57: -1 | Q57: =VLOOKUP(E57,Sheet3!$C:$AP,40,0)*10+IF(B57=1,0,0)+IF(B57=2,1,0)+IF(B57=3,2,0)+IF(B57=4,3,0) -> 20104011 | R57: ,1 | V57: =IF(AND(H57=1,I57=0,J57=0,L57=1,M57=3),"-(hp*0.1)","")
A58: 1 | B58: 1 | C58: =D58&E58&A58 -> 玄黎蛊瘴天龙披山1 | D58: 玄黎蛊瘴 | E58: 天龙披山 | F58: 修改防御 | G58: =VLOOKUP(E58,Sheet3!$C:$AP,40,0)*100+IF(A58=1,0,0)+IF(A58=2,1,0)+IF(A58=3,2,0)+IF(A58=4,3,0) -> 201040200 | H58: 1 | I58: 0 | J58: 0 | L58: 1 | M58: 1 | N58: =Q58&R58&S58&T58&U58&V58 -> 20104020,1 | O58: 0 | P58: -1 | Q58: =VLOOKUP(E58,Sheet3!$C:$AP,40,0)*10+IF(B58=1,0,0)+IF(B58=2,1,0)+IF(B58=3,2,0)+IF(B58=4,3,0) -> 20104020 | R58: =IF(H58=1,",1","") -> ,1
A59: 1 | B59: 1 | C59: =D59&E59&A59 -> 玄黎蛊瘴撩蝎剔骨1 | D59: 玄黎蛊瘴 | E59: 撩蝎剔骨 | F59: 提升短兵类伤害 | G59: =VLOOKUP(E59,Sheet3!$C:$AP,40,0)*100+IF(A59=1,0,0)+IF(A59=2,1,0)+IF(A59=3,2,0)+IF(A59=4,3,0) -> 201040300 | H59: 1 | I59: 2 | J59: WeaponType=15 | L59: 1 | M59: 1 | N59: =Q59&R59&S59&T59&U59&V59 -> 20104030,1 | O59: 0 | P59: -1 | Q59: =VLOOKUP(E59,Sheet3!$C:$AP,40,0)*10+IF(B59=1,0,0)+IF(B59=2,1,0)+IF(B59=3,2,0)+IF(B59=4,3,0) -> 20104030 | R59: =IF(H59=1,",1","") -> ,1
A60: 1 | B60: 1 | C60: =D60&E60&A60 -> 玄黎蛊瘴仙蛛缠月1 | D60: 玄黎蛊瘴 | E60: 仙蛛缠月 | F60: 触发回复储值 | G60: =VLOOKUP(E60,Sheet3!$C:$AP,40,0)*100+IF(A60=1,0,0)+IF(A60=2,1,0)+IF(A60=3,2,0)+IF(A60=4,3,0) -> 201040400 | H60: 1 | I60: 0 | J60: 0 | L60: 1 | M60: 1 | N60: =Q60&R60&S60&T60&U60&V60 -> 20104040,1 | O60: 0 | P60: -1 | Q60: =VLOOKUP(E60,Sheet3!$C:$AP,40,0)*10+IF(B60=1,0,0)+IF(B60=2,1,0)+IF(B60=3,2,0)+IF(B60=4,3,0) -> 20104040 | R60: =IF(H60=1,",1","") -> ,1 | S60: =IF(AND(H60=2,I60=1,J60="hp",L60=1,M60=2),",-1","") | T60: =IF(AND(H60=2,I60=1,J60="hp",L60=1,M60=1),",(最大气血-hp)/最大气血*100","") | V60: =IF(AND(H60=1,I60=0,J60=0,L60=1,M60=3),"-(hp*0.1)","")
A61: 2 | B61: 2 | C61: =D61&E61&A61 -> 玄黎蛊瘴仙蛛缠月2 | D61: 玄黎蛊瘴 | E61: 仙蛛缠月 | F61: 触发气血回复的条件调整至气血低于25% | G61: =VLOOKUP(E61,Sheet3!$C:$AP,40,0)*100+IF(A61=1,0,0)+IF(A61=2,1,0)+IF(A61=3,2,0)+IF(A61=4,3,0) -> 201040401 | H61: 2 | I61: 1 | J61: hp,(hp/最大气血)<=公式变量1 | L61: 1 | M61: 3 | N61: =T61 -> 最大气血*0.05 | O61: =5*60 -> 300 | P61: -1 | R61: =IF(H61=1,",1","") | S61: =IF(AND(H61=2,I61=1,J61="hp",L61=1,M61=2),",-1","") | T61: =IF(AND(H61=2,I61=1,J61="hp,(hp/最大气血)<=公式变量1",L61=1,M61=3),"最大气血*0.05","") -> 最大气血*0.05 | U61: =IF(AND(H61=2,I61=1,J61="hp,(hp/气血值)<=属性判断对比值",L61=1,M61=3),"气血值*0") -> FALSE | V61: =IF(AND(H61=1,I61=0,J61=0,L61=1,M61=3),"-(hp*0.1)","")
A62: 3 | B62: 1 | C62: =D62&E62&A62 -> 玄黎蛊瘴仙蛛缠月3 | D62: 玄黎蛊瘴 | E62: 仙蛛缠月 | F62: 触发气血回复的条件调整至气血低于35% | G62: =VLOOKUP(E62,Sheet3!$C:$AP,40,0)*100+IF(A62=1,0,0)+IF(A62=2,1,0)+IF(A62=3,2,0)+IF(A62=4,3,0) -> 201040402 | H62: 1 | I62: 0 | J62: 0 | L62: 1 | M62: 1 | N62: =Q62&R62&S62&T62&U62&V62 -> 20104040,1 | O62: 0 | P62: -1 | Q62: =VLOOKUP(E62,Sheet3!$C:$AP,40,0)*10+IF(B62=1,0,0)+IF(B62=2,1,0)+IF(B62=3,2,0)+IF(B62=4,3,0) -> 20104040 | R62: ,1 | V62: =IF(AND(H62=1,I62=0,J62=0,L62=1,M62=3),"-(hp*0.1)","")
A63: 1 | B63: 1 | C63: =D63&E63&A63 -> 玄黎蛊瘴灵蛇淬骨1 | D63: 玄黎蛊瘴 | E63: 灵蛇淬骨 | F63: 移除异常buff | G63: =VLOOKUP(E63,Sheet3!$C:$AP,40,0)*100+IF(A63=1,0,0)+IF(A63=2,1,0)+IF(A63=3,2,0)+IF(A63=4,3,0) -> 201040500 | H63: 13 | I63: 1 | J63: 1 | L63: 1 | M63: 2 | N63: =Q63&R63&S63&T63&U63&V63 -> 20104050,-1 | O63: 0 | P63: -1 | Q63: =VLOOKUP(E63,Sheet3!$C:$AP,40,0)*10+IF(B63=1,0,0)+IF(B63=2,1,0)+IF(B63=3,2,0)+IF(B63=4,3,0) -> 20104050 | R63: =IF(H63=1,",1","") | S63: =IF(AND(H63=13,I63=1,J63="1",L63=1,M63=2),",-1","") -> ,-1 | T63: =IF(AND(H63=2,I63=1,J63="hp",L63=1,M63=1),",(最大气血-hp)/最大气血*100","")
A64: 2 | B64: 1 | C64: =D64&E64&A64 -> 玄黎蛊瘴灵蛇淬骨2 | D64: 玄黎蛊瘴 | E64: 灵蛇淬骨 | F64: 添加异常buff | G64: =VLOOKUP(E64,Sheet3!$C:$AP,40,0)*100+IF(A64=1,0,0)+IF(A64=2,1,0)+IF(A64=3,2,0)+IF(A64=4,3,0) -> 201040501 | H64: 13 | I64: 1 | J64: 1 | L64: 1 | M64: 1 | N64: =Q64&",debuff数量/1" -> 20104050,debuff数量/1 | O64: 0 | P64: -1 | Q64: =VLOOKUP(E64,Sheet3!$C:$AP,40,0)*10+IF(B64=1,0,0)+IF(B64=2,1,0)+IF(B64=3,2,0)+IF(B64=4,3,0) -> 20104050 | R64: =IF(H64=1,",1","")
A65: 1 | B65: 1 | C65: =D65&E65&A65 -> 玄黎蛊瘴怒鳞拨云1 | D65: 玄黎蛊瘴 | E65: 怒鳞拨云 | F65: 【霸体】效果时获得20%伤害减免 | G65: =VLOOKUP(E65,Sheet3!$C:$AP,40,0)*100+IF(A65=1,0,0)+IF(A65=2,1,0)+IF(A65=3,2,0)+IF(A65=4,3,0) -> 201040600 | H65: 9 | I65: 1 | J65: 1 | L65: 1 | M65: 2 | N65: =Q65&R65&S65&T65&U65&V65 -> 20104060,1 | O65: 0 | P65: -1 | Q65: =VLOOKUP(E65,Sheet3!$C:$AP,40,0)*10+IF(B65=1,0,0)+IF(B65=2,1,0)+IF(B65=3,2,0)+IF(B65=4,3,0) -> 20104060 | R65: =IF(H65=9,",1","") -> ,1 | S65: =IF(AND(H65=13,I65=1,J65="1",L65=1,M65=2),",-1","") | T65: =IF(AND(H65=2,I65=1,J65="hp",L65=1,M65=1),",(最大气血-hp)/最大气血*100","")
A66: 1 | B66: 1 | C66: =D66&E66&A66 -> 玄黎蛊瘴金蟾宝衣1 | D66: 玄黎蛊瘴 | E66: 金蟾宝衣 | F66: 触发气血回复的条件调整至气血低于35% | G66: =VLOOKUP(E66,Sheet3!$C:$AP,40,0)*100+IF(A66=1,0,0)+IF(A66=2,1,0)+IF(A66=3,2,0)+IF(A66=4,3,0) -> 201040700 | H66: 1 | I66: 0 | J66: 0 | L66: 1 | M66: 1 | N66: =Q66&R66&S66&T66&U66&V66 -> 20104070,1 | O66: 0 | P66: -1 | Q66: =VLOOKUP(E66,Sheet3!$C:$AP,40,0)*10+IF(B66=1,0,0)+IF(B66=2,1,0)+IF(B66=3,2,0)+IF(B66=4,3,0) -> 20104070 | R66: =IF(H66=1,",1","") -> ,1 | S66: =IF(AND(H66=2,I66=1,J66="hp",L66=1,M66=2),",-1","") | T66: =IF(AND(H66=2,I66=1,J66="hp",L66=1,M66=1),",(最大气血-hp)/最大气血*100","") | V66: =IF(AND(H66=1,I66=0,J66=0,L66=1,M66=3),"-(hp*0.1)","")
A67: 2 | B67: 2 | C67: =D67&E67&A67 -> 玄黎蛊瘴金蟾宝衣2 | D67: 玄黎蛊瘴 | E67: 金蟾宝衣 | F67: 触发气血回复的条件调整至气血低于35% | G67: =VLOOKUP(E67,Sheet3!$C:$AP,40,0)*100+IF(A67=1,0,0)+IF(A67=2,1,0)+IF(A67=3,2,0)+IF(A67=4,3,0) -> 201040701 | H67: 2 | I67: 1 | J67: hp,(hp/最大气血)<=公式变量1 | L67: 1 | M67: 3 | N67: =T67 -> 最大气血*0.05 | O67: =5*60 -> 300 | P67: -1 | R67: =IF(H67=1,",1","") | S67: =IF(AND(H67=2,I67=1,J67="hp",L67=1,M67=2),",-1","") | T67: =IF(AND(H67=2,I67=1,J67="hp,(hp/最大气血)<=公式变量1",L67=1,M67=3),"最大气血*0.05","") -> 最大气血*0.05 | U67: =IF(AND(H67=2,I67=1,J67="hp,(hp/气血值)<=属性判断对比值",L67=1,M67=3),"气血值*0") -> FALSE | V67: =IF(AND(H67=1,I67=0,J67=0,L67=1,M67=3),"-(hp*0.1)","")
A68: 3 | B68: 1 | C68: =D68&E68&A68 -> 玄黎蛊瘴金蟾宝衣3 | D68: 玄黎蛊瘴 | E68: 金蟾宝衣 | F68: 触发气血回复的条件调整至气血低于35% | H68: 1 | I68: 0 | J68: 0 | L68: 1 | M68: 1 | N68: =Q68&R68&S68&T68&U68&V68 -> 20104070,1 | O68: 0 | P68: -1 | Q68: =VLOOKUP(E68,Sheet3!$C:$AP,40,0)*10+IF(B68=1,0,0)+IF(B68=2,1,0)+IF(B68=3,2,0)+IF(B68=4,3,0) -> 20104070 | R68: ,1 | V68: =IF(AND(H68=1,I68=0,J68=0,L68=1,M68=3),"-(hp*0.1)","")
A69: 1 | B69: 1 | C69: =D69&E69&A69 -> 玄黎蛊瘴玄黎蛊体1 | D69: 玄黎蛊瘴 | E69: 玄黎蛊体 | F69: 进入战斗后 | G69: =VLOOKUP(E69,Sheet3!$C:$AP,40,0)*100+IF(A69=1,0,0)+IF(A69=2,1,0)+IF(A69=3,2,0)+IF(A69=4,3,0) -> 201040800 | H69: 14 | I69: 0 | J69: 0 | L69: 4 | M69: 1 | N69: =Q69&R69&S69&T69&U69&V69 -> 20104080 | O69: 0 | P69: -1 | Q69: =VLOOKUP(E69,Sheet3!$C:$AP,40,0)*10+IF(B69=1,0,0)+IF(B69=2,1,0)+IF(B69=3,2,0)+IF(B69=4,3,0) -> 20104080 | R69: =IF(H69=1,",1","") | S69: =IF(AND(H69=2,I69=1,J69="hp",L69=1,M69=2),",-1","") | T69: =IF(AND(H69=2,I69=1,J69="hp",L69=1,M69=1),",(最大气血-hp)/最大气血*100","") | V69: =IF(AND(H69=1,I69=0,J69=0,L69=1,M69=3),"-(hp*0.1)","")
A70: 1 | B70: 1 | C70: =D70&E70&A70 -> 玄黎蛊瘴蚩尤身1 | D70: 玄黎蛊瘴 | E70: 蚩尤身 | G70: =VLOOKUP(E70,Sheet3!$C:$AP,40,0)*100+IF(A70=1,0,0)+IF(A70=2,1,0)+IF(A70=3,2,0)+IF(A70=4,3,0) -> 201040900 | H70: 1 | I70: 0 | J70: 0 | L70: 1 | M70: 1 | N70: =Q70&R70&S70&T70&U70&V70 -> 20104090,1 | O70: 0 | P70: -1 | Q70: =VLOOKUP(E70,Sheet3!$C:$AP,40,0)*10+IF(B70=1,0,0)+IF(B70=2,1,0)+IF(B70=3,2,0)+IF(B70=4,3,0) -> 20104090 | R70: ,1 | S70: =IF(AND(H70=2,I70=1,J70="hp",L70=1,M70=2),",-1","") | T70: =IF(AND(H70=2,I70=1,J70="hp",L70=1,M70=1),",(最大气血-hp)/最大气血*100","") | V70: =IF(AND(H70=1,I70=0,J70=0,L70=1,M70=3),"-(hp*0.1)","")
A71: 1 | B71: 1 | C71: =D71&E71&A71 -> 玄黎蛊瘴蚩尤颅1 | D71: 玄黎蛊瘴 | E71: 蚩尤颅 | F71: 【霸体】效果时获得10%伤害减免 | G71: =VLOOKUP(E71,Sheet3!$C:$AP,40,0)*100+IF(A71=1,0,0)+IF(A71=2,1,0)+IF(A71=3,2,0)+IF(A71=4,3,0) -> 201041000 | H71: 9 | I71: 1 | J71: 1 | L71: 1 | M71: 2 | N71: =Q71&R71&S71&T71&U71&V71 -> 20104100,1 | O71: 0 | P71: -1 | Q71: =VLOOKUP(E71,Sheet3!$C:$AP,40,0)*10+IF(B71=1,0,0)+IF(B71=2,1,0)+IF(B71=3,2,0)+IF(B71=4,3,0) -> 20104100 | R71: =IF(H71=9,",1","") -> ,1 | S71: =IF(AND(H71=13,I71=1,J71="1",L71=1,M71=2),",-1","") | T71: =IF(AND(H71=2,I71=1,J71="hp",L71=1,M71=1),",(最大气血-hp)/最大气血*100","")
A72: 1 | B72: 1 | C72: =D72&E72&A72 -> 玄黎蛊瘴浊欢歌1 | D72: 玄黎蛊瘴 | E72: 浊欢歌 | F72: 移除异常buff | G72: =VLOOKUP(E72,Sheet3!$C:$AP,40,0)*100+IF(A72=1,0,0)+IF(A72=2,1,0)+IF(A72=3,2,0)+IF(A72=4,3,0) -> 201041100 | H72: 13 | I72: 1 | J72: 1 | L72: 1 | M72: 2 | N72: =Q72&R72&S72&T72&U72&V72 -> 20104110,-1 | O72: 0 | P72: -1 | Q72: =VLOOKUP(E72,Sheet3!$C:$AP,40,0)*10+IF(B72=1,0,0)+IF(B72=2,1,0)+IF(B72=3,2,0)+IF(B72=4,3,0) -> 20104110 | R72: =IF(H72=1,",1","") | S72: =IF(AND(H72=13,I72=1,J72="1",L72=1,M72=2),",-1","") -> ,-1 | T72: =IF(AND(H72=2,I72=1,J72="hp",L72=1,M72=1),",(最大气血-hp)/最大气血*100","")
A73: 2 | B73: 1 | C73: =D73&E73&A73 -> 玄黎蛊瘴浊欢歌2 | D73: 玄黎蛊瘴 | E73: 浊欢歌 | F73: 添加异常buff | G73: =VLOOKUP(E73,Sheet3!$C:$AP,40,0)*100+IF(A73=1,0,0)+IF(A73=2,1,0)+IF(A73=3,2,0)+IF(A73=4,3,0) -> 201041101 | H73: 13 | I73: 1 | J73: 1 | L73: 1 | M73: 1 | N73: =Q73&",debuff数量/1" -> 20104110,debuff数量/1 | O73: 0 | P73: -1 | Q73: =VLOOKUP(E73,Sheet3!$C:$AP,40,0)*10+IF(B73=1,0,0)+IF(B73=2,1,0)+IF(B73=3,2,0)+IF(B73=4,3,0) -> 20104110 | R73: =IF(H73=1,",1","")
A74: 1 | B74: 1 | C74: =D74&E74&A74 -> 三昧阿修罗道罗睺忿身相1 | D74: 三昧阿修罗道 | E74: 罗睺忿身相 | G74: =VLOOKUP(E74,Sheet3!$C:$AP,40,0)*100+IF(A74=1,0,0)+IF(A74=2,1,0)+IF(A74=3,2,0)+IF(A74=4,3,0) -> 201050100 | H74: 1 | I74: 0 | J74: 0 | L74: 3 | M74: 1 | N74: =Q74&R74&S74&T74&U74&V74 -> 20105010,1 | O74: 0 | P74: -1 | Q74: =VLOOKUP(E74,Sheet3!$C:$AP,40,0)*10+IF(B74=1,0,0)+IF(B74=2,1,0)+IF(B74=3,2,0)+IF(B74=4,3,0) -> 20105010 | R74: =IF(H74=1,",1","") -> ,1 | S74: =IF(AND(H74=2,I74=1,J74="hp",L74=1,M74=2),",-1","") | T74: =IF(AND(H74=2,I74=1,J74="hp",L74=1,M74=1),",(最大气血-hp)/最大气血*100","") | U74: =IF(AND(H74=2,I74=1,J74="hp,(hp/气血值)<=0.2",L74=1,M74=3),"气血值*1006","") | V74: =IF(AND(H74=1,I74=0,J74=0,L74=1,M74=3),"-(hp*0.1)","")
A75: 1 | B75: 1 | C75: =D75&E75&A75 -> 三昧阿修罗道广纳障孽1 | D75: 三昧阿修罗道 | E75: 广纳障孽 | F75: 伙伴气血上限提升 | G75: =VLOOKUP(E75,Sheet3!$C:$AP,40,0)*100+IF(A75=1,0,0)+IF(A75=2,1,0)+IF(A75=3,2,0)+IF(A75=4,3,0) -> 201050200 | H75: 1 | I75: 0 | J75: 0 | L75: 1 | M75: 1 | N75: =Q75&R75&S75&T75&U75&V75 -> 20105020,1 | O75: 0 | P75: -1 | Q75: =VLOOKUP(E75,Sheet3!$C:$AP,40,0)*10+IF(B75=1,0,0)+IF(B75=2,1,0)+IF(B75=3,2,0)+IF(B75=4,3,0) -> 20105020 | R75: =IF(H75=1,",1","") -> ,1 | S75: =IF(AND(H75=2,I75=1,J75="hp",L75=1,M75=2),",-1","") | T75: =IF(AND(H75=2,I75=1,J75="hp",L75=1,M75=1),",(最大气血-hp)/最大气血*100","") | U75: =IF(AND(H75=2,I75=1,J75="hp,(hp/气血值)<=0.2",L75=1,M75=3),"气血值*1006","") | V75: =IF(AND(H75=1,I75=0,J75=0,L75=1,M75=3),"-(hp*0.1)","")
A76: 2 | B76: 2 | C76: =D76&E76&A76 -> 三昧阿修罗道广纳障孽2 | D76: 三昧阿修罗道 | E76: 广纳障孽 | F76: 伙伴气血上限提升 | G76: =VLOOKUP(E76,Sheet3!$C:$AP,40,0)*100+IF(A76=1,0,0)+IF(A76=2,1,0)+IF(A76=3,2,0)+IF(A76=4,3,0) -> 201050201 | H76: 14 | I76: 0 | J76: 0 | L76: 1 | M76: 3 | N76: 最大气血*1 | O76: 0 | P76: -1 | Q76: =VLOOKUP(E76,Sheet3!$C:$AP,40,0)*10+IF(B76=1,0,0)+IF(B76=2,1,0)+IF(B76=3,2,0)+IF(B76=4,3,0) -> 20105021 | R76: =IF(H76=1,",1","") | S76: =IF(AND(H76=2,I76=1,J76="hp",L76=1,M76=2),",-1","") | T76: =IF(AND(H76=2,I76=1,J76="hp",L76=1,M76=1),",(最大气血-hp)/最大气血*100","") | U76: =IF(AND(H76=2,I76=1,J76="hp,(hp/气血值)<=0.2",L76=1,M76=3),"气血值*1006","") | V76: =IF(AND(H76=1,I76=0,J76=0,L76=1,M76=3),"-(hp*0.1)","")
A77: 1 | B77: 1 | C77: =D77&E77&A77 -> 三昧阿修罗道刹鬼缚身1 | D77: 三昧阿修罗道 | E77: 刹鬼缚身 | F77: 移出 | G77: =VLOOKUP(E77,Sheet3!$C:$AP,40,0)*100+IF(A77=1,0,0)+IF(A77=2,1,0)+IF(A77=3,2,0)+IF(A77=4,3,0) -> 201050300 | H77: 13 | I77: 1 | J77: 1 | L77: 1 | M77: 2 | N77: =Q77&R77&S77&T77&U77&V77 -> 20105030,-1 | O77: 0 | P77: -1 | Q77: =VLOOKUP(E77,Sheet3!$C:$AP,40,0)*10+IF(B77=1,0,0)+IF(B77=2,1,0)+IF(B77=3,2,0)+IF(B77=4,3,0)+IF(B77=5,4,0)+IF(B77=6,5,0) -> 20105030 | R77: =IF(H77=13,",-1","") -> ,-1 | S77: =IF(AND(H77=2,I77=1,J77="hp",L77=1,M77=2),",-1","") | T77: =IF(AND(H77=2,I77=1,J77="hp",L77=1,M77=1),",(最大气血-hp)/最大气血*100","") | U77: =IF(AND(H77=2,I77=1,J77="hp,(hp/气血值)<=0.2",L77=1,M77=3),"气血值*1006","") | V77: =IF(AND(H77=1,I77=0,J77=0,L77=1,M77=3),"-(hp*0.1)","")
A78: 2 | B78: 1 | C78: =D78&E78&A78 -> 三昧阿修罗道刹鬼缚身2 | D78: 三昧阿修罗道 | E78: 刹鬼缚身 | F78: 添加 | G78: =VLOOKUP(E78,Sheet3!$C:$AP,40,0)*100+IF(A78=1,0,0)+IF(A78=2,1,0)+IF(A78=3,2,0)+IF(A78=4,3,0) -> 201050301 | H78: 13 | I78: 1 | J78: 1 | L78: 1 | M78: 1 | N78: =Q78&R78&S78&T78&U78&V78 -> 20105030,debuff数量/1 | O78: 0 | P78: -1 | Q78: =VLOOKUP(E78,Sheet3!$C:$AP,40,0)*10+IF(B78=1,0,0)+IF(B78=2,1,0)+IF(B78=3,2,0)+IF(B78=4,3,0)+IF(B78=5,4,0)+IF(B78=6,5,0) -> 20105030 | R78: =IF(H78=13,",debuff数量/1","") -> ,debuff数量/1 | S78: =IF(AND(H78=2,I78=1,J78="hp",L78=1,M78=2),",-1","") | T78: =IF(AND(H78=2,I78=1,J78="hp",L78=1,M78=1),",(最大气血-hp)/最大气血*100","") | U78: =IF(AND(H78=2,I78=1,J78="hp,(hp/气血值)<=0.2",L78=1,M78=3),"气血值*1006","") | V78: =IF(AND(H78=1,I78=0,J78=0,L78=1,M78=3),"-(hp*0.1)","")
A79: 1 | B79: 1 | C79: =D79&E79&A79 -> 三昧阿修罗道黑绳众狱1 | D79: 三昧阿修罗道 | E79: 黑绳众狱 | F79: 同伴提升暴击概率 | G79: =VLOOKUP(E79,Sheet3!$C:$AP,40,0)*100+IF(A79=1,0,0)+IF(A79=2,1,0)+IF(A79=3,2,0)+IF(A79=4,3,0) -> 201050400 | H79: 1 | I79: 0 | J79: 0 | L79: 3 | M79: 1 | N79: =Q79&R79&S79&T79&U79&V79 -> 20105040,1 | O79: 0 | P79: -1 | Q79: =VLOOKUP(E79,Sheet3!$C:$AP,40,0)*10+IF(B79=1,0,0)+IF(B79=2,1,0)+IF(B79=3,2,0)+IF(B79=4,3,0) -> 20105040 | R79: =IF(H79=1,",1","") -> ,1 | S79: =IF(AND(H79=2,I79=1,J79="hp",L79=1,M79=2),",-1","") | T79: =IF(AND(H79=2,I79=1,J79="hp",L79=1,M79=1),",(最大气血-hp)/最大气血*100","") | U79: =IF(AND(H79=2,I79=1,J79="hp,(hp/气血值)<=0.2",L79=1,M79=3),"气血值*1006","") | V79: =IF(AND(H79=1,I79=0,J79=0,L79=1,M79=3),"-(hp*0.1)","")
A80: 1 | B80: 1 | C80: =D80&E80&A80 -> 三昧阿修罗道明王身1 | D80: 三昧阿修罗道 | E80: 明王身 | F80: 提升自身治疗效果 | G80: =VLOOKUP(E80,Sheet3!$C:$AP,40,0)*100+IF(A80=1,0,0)+IF(A80=2,1,0)+IF(A80=3,2,0)+IF(A80=4,3,0) -> 201050500 | H80: 1 | I80: 0 | J80: 0 | L80: 3 | M80: 1 | N80: =Q80&R80&S80&T80&U80&V80 -> 20105050,1 | O80: 0 | P80: -1 | Q80: =VLOOKUP(E80,Sheet3!$C:$AP,40,0)*10+IF(B80=1,0,0)+IF(B80=2,1,0)+IF(B80=3,2,0)+IF(B80=4,3,0) -> 20105050 | R80: =IF(H80=1,",1","") -> ,1 | S80: =IF(AND(H80=2,I80=1,J80="hp",L80=1,M80=2),",-1","") | T80: =IF(AND(H80=2,I80=1,J80="hp",L80=1,M80=1),",(最大气血-hp)/最大气血*100","") | U80: =IF(AND(H80=2,I80=1,J80="hp,(hp/气血值)<=0.2",L80=1,M80=3),"气血值*1006","") | V80: =IF(AND(H80=1,I80=0,J80=0,L80=1,M80=3),"-(hp*0.1)","")
A81: 2 | B81: 2 | C81: =D81&E81&A81 -> 三昧阿修罗道明王身2 | D81: 三昧阿修罗道 | E81: 明王身 | G81: =VLOOKUP(E81,Sheet3!$C:$AP,40,0)*100+IF(A81=1,0,0)+IF(A81=2,1,0)+IF(A81=3,2,0)+IF(A81=4,3,0) -> 201050501 | H81: 1 | I81: 0 | J81: 0 | L81: 3 | M81: 1 | N81: =Q81&R81&S81&T81&U81&V81 -> 20105051,1 | O81: 0 | P81: -1 | Q81: =VLOOKUP(E81,Sheet3!$C:$AP,40,0)*10+IF(B81=1,0,0)+IF(B81=2,1,0)+IF(B81=3,2,0)+IF(B81=4,3,0) -> 20105051 | R81: =IF(H81=1,",1","") -> ,1 | S81: =IF(AND(H81=2,I81=1,J81="hp",L81=1,M81=2),",-1","") | T81: =IF(AND(H81=2,I81=1,J81="hp",L81=1,M81=1),",(最大气血-hp)/最大气血*100","") | U81: =IF(AND(H81=2,I81=1,J81="hp,(hp/气血值)<=0.2",L81=1,M81=3),"气血值*1006","") | V81: =IF(AND(H81=1,I81=0,J81=0,L81=1,M81=3),"-(hp*0.1)","")
A82: 1 | B82: 1 | C82: =D82&E82&A82 -> 三昧阿修罗道势至怒法1 | D82: 三昧阿修罗道 | E82: 势至怒法 | F82: 暴击时获得霸体 | G82: =VLOOKUP(E82,Sheet3!$C:$AP,40,0)*100+IF(A82=1,0,0)+IF(A82=2,1,0)+IF(A82=3,2,0)+IF(A82=4,3,0) -> 201050600 | H82: 3 | I82: 1 | J82: 0,伤害>1,1 | L82: 3 | M82: 1 | N82: =Q82&R82&S82&T82&U82&V82 -> 20105060,1 | O82: 0 | P82: -1 | Q82: =VLOOKUP(E82,Sheet3!$C:$AP,40,0)*10+IF(B82=1,0,0)+IF(B82=2,1,0)+IF(B82=3,2,0)+IF(B82=4,3,0) -> 20105060 | R82: =IF(H82=3,",1","") -> ,1 | S82: =IF(AND(H82=2,I82=1,J82="hp",L82=1,M82=2),",-1","") | T82: =IF(AND(H82=2,I82=1,J82="hp",L82=1,M82=1),",(最大气血-hp)/最大气血*100","") | U82: =IF(AND(H82=2,I82=1,J82="hp,(hp/气血值)<=0.2",L82=1,M82=3),"气血值*1006","") | V82: =IF(AND(H82=1,I82=0,J82=0,L82=1,M82=3),"-(hp*0.1)","")
A83: 1 | B83: 1 | C83: =D83&E83&A83 -> 三昧阿修罗道五浊恶时1 | D83: 三昧阿修罗道 | E83: 五浊恶时 | F83: 移除buff | G83: =VLOOKUP(E83,Sheet3!$C:$AP,40,0)*100+IF(A83=1,0,0)+IF(A83=2,1,0)+IF(A83=3,2,0)+IF(A83=4,3,0) -> 201050700 | H83: 2 | I83: 1 | J83: hp | L83: 1 | M83: 2 | N83: =Q83&R83&S83&T83&U83&V83 -> 20105070,-1 | O83: 0 | P83: -1 | Q83: =VLOOKUP(E83,Sheet3!$C:$AP,40,0)*10+IF(B83=1,0,0)+IF(B83=2,1,0)+IF(B83=3,2,0)+IF(B83=4,3,0) -> 20105070 | R83: =IF(H83=1,",1","") | S83: =IF(AND(H83=2,I83=1,J83="hp",L83=1,M83=2),",-1","") -> ,-1 | T83: =IF(AND(H83=2,I83=1,J83="hp",L83=1,M83=1),",(最大气血-hp)/最大气血*100","") | U83: =IF(AND(H83=2,I83=1,J83="hp,(hp/气血值)<=0.2",L83=1,M83=3),"气血值*1006","") | V83: =IF(AND(H83=1,I83=0,J83=0,L83=1,M83=3),"-(hp*0.1)","")
A84: 2 | B84: 1 | C84: =D84&E84&A84 -> 三昧阿修罗道五浊恶时2 | D84: 三昧阿修罗道 | E84: 五浊恶时 | F84: 添加buff | G84: =VLOOKUP(E84,Sheet3!$C:$AP,40,0)*100+IF(A84=1,0,0)+IF(A84=2,1,0)+IF(A84=3,2,0)+IF(A84=4,3,0) -> 201050701 | H84: 2 | I84: 1 | J84: hp | L84: 1 | M84: 1 | N84: =Q84&R84&S84&T84&U84&V84 -> 20105070,(最大气血-hp)/最大气血*100 | O84: 0 | P84: -1 | Q84: =VLOOKUP(E84,Sheet3!$C:$AP,40,0)*10+IF(B84=1,0,0)+IF(B84=2,1,0)+IF(B84=3,2,0)+IF(B84=4,3,0) -> 20105070 | R84: =IF(H84=1,",1","") | S84: =IF(AND(H84=2,I84=1,J84="hp",L84=1,M84=2),",-1","") | T84: =IF(AND(H84=2,I84=1,J84="hp",L84=1,M84=1),",(最大气血-hp)/最大气血*100","") -> ,(最大气血-hp)/最大气血*100 | U84: =IF(AND(H84=2,I84=1,J84="hp,(hp/气血值)<=0.2",L84=1,M84=3),"气血值*1006","") | V84: =IF(AND(H84=1,I84=0,J84=0,L84=1,M84=3),"-(hp*0.1)","")
A85: 1 | B85: 1 | C85: =D85&E85&A85 -> 三昧阿修罗道离三昧1 | D85: 三昧阿修罗道 | E85: 离三昧 | G85: =VLOOKUP(E85,Sheet3!$C:$AP,40,0)*100+IF(A85=1,0,0)+IF(A85=2,1,0)+IF(A85=3,2,0)+IF(A85=4,3,0) -> 201050900 | H85: 1 | I85: 0 | J85: 0 | L85: 3 | M85: 1 | N85: =Q85&R85&S85&T85&U85&V85 -> 20105090,1 | O85: 0 | P85: -1 | Q85: =VLOOKUP(E85,Sheet3!$C:$AP,40,0)*10+IF(B85=1,0,0)+IF(B85=2,1,0)+IF(B85=3,2,0)+IF(B85=4,3,0) -> 20105090 | R85: =IF(H85=1,",1","") -> ,1 | S85: =IF(AND(H85=2,I85=1,J85="hp",L85=1,M85=2),",-1","") | T85: =IF(AND(H85=2,I85=1,J85="hp",L85=1,M85=1),",(最大气血-hp)/最大气血*100","") | U85: =IF(AND(H85=2,I85=1,J85="hp,(hp/气血值)<=0.2",L85=1,M85=3),"气血值*1006","") | V85: =IF(AND(H85=1,I85=0,J85=0,L85=1,M85=3),"-(hp*0.1)","")
A86: 1 | B86: 1 | C86: =D86&E86&A86 -> 三昧阿修罗道存修罗1 | D86: 三昧阿修罗道 | E86: 存修罗 | F86: 同伴提升暴击概率 | G86: =VLOOKUP(E86,Sheet3!$C:$AP,40,0)*100+IF(A86=1,0,0)+IF(A86=2,1,0)+IF(A86=3,2,0)+IF(A86=4,3,0) -> 201051000 | H86: 1 | I86: 0 | J86: 0 | L86: 3 | M86: 1 | N86: =Q86&R86&S86&T86&U86&V86 -> 20105100,1 | O86: 0 | P86: -1 | Q86: =VLOOKUP(E86,Sheet3!$C:$AP,40,0)*10+IF(B86=1,0,0)+IF(B86=2,1,0)+IF(B86=3,2,0)+IF(B86=4,3,0) -> 20105100 | R86: =IF(H86=1,",1","") -> ,1 | S86: =IF(AND(H86=2,I86=1,J86="hp",L86=1,M86=2),",-1","") | T86: =IF(AND(H86=2,I86=1,J86="hp",L86=1,M86=1),",(最大气血-hp)/最大气血*100","") | U86: =IF(AND(H86=2,I86=1,J86="hp,(hp/气血值)<=0.2",L86=1,M86=3),"气血值*1006","") | V86: =IF(AND(H86=1,I86=0,J86=0,L86=1,M86=3),"-(hp*0.1)","")
A87: 1 | B87: 1 | C87: =D87&E87&A87 -> 三昧阿修罗道尝业障1 | D87: 三昧阿修罗道 | E87: 尝业障 | F87: 【业因】效果额外提升全队参战人员10%气血恢复属性 | G87: =VLOOKUP(E87,Sheet3!$C:$AP,40,0)*100+IF(A87=1,0,0)+IF(A87=2,1,0)+IF(A87=3,2,0)+IF(A87=4,3,0) -> 201051100 | H87: 8 | I87: 1 | J87: 2010501 | L87: 3 | M87: 1 | N87: =Q87&R87&S87&T87&U87&V87 -> 20105110 | O87: 0 | P87: -1 | Q87: =VLOOKUP(E87,Sheet3!$C:$AP,40,0)*10+IF(B87=1,0,0)+IF(B87=2,1,0)+IF(B87=3,2,0)+IF(B87=4,3,0) -> 20105110 | R87: =IF(H87=1,",1","") | S87: =IF(AND(H87=2,I87=1,J87="hp",L87=1,M87=2),",-1","") | T87: =IF(AND(H87=2,I87=1,J87="hp",L87=1,M87=1),",(最大气血-hp)/最大气血*100","") | U87: =IF(AND(H87=2,I87=1,J87="hp,(hp/气血值)<=0.2",L87=1,M87=3),"气血值*1006","") | V87: =IF(AND(H87=1,I87=0,J87=0,L87=1,M87=3),"-(hp*0.1)","")
A88: 1 | B88: 1 | C88: =D88&E88&A88 -> 太素灵枢篇神农百草诀1 | D88: 太素灵枢篇 | E88: 神农百草诀 | F88: 增加治疗量 | G88: =VLOOKUP(E88,Sheet3!$C:$AP,40,0)*100+IF(A88=1,0,0)+IF(A88=2,1,0)+IF(A88=3,2,0)+IF(A88=4,3,0) -> 201060100 | H88: 1 | I88: 1 | J88: 0 | L88: 1 | M88: 3 | N88: (内息*治疗系数)+治疗系数+150 | O88: 0 | P88: -1 | Q88: =VLOOKUP(E88,Sheet3!$C:$AP,40,0)*10+IF(B88=1,0,0)+IF(B88=2,1,0)+IF(B88=3,2,0)+IF(B88=4,3,0) -> 20106010 | R88: =IF(H88=1,",1","") -> ,1 | S88: =IF(AND(H88=2,I88=1,J88="hp",L88=1,M88=2),",-1","") | T88: =IF(AND(H88=2,I88=1,J88="hp",L88=1,M88=1),",(最大气血-hp)/最大气血*100","") | U88: =IF(AND(H88=2,I88=1,J88="hp,(hp/气血值)<=0.2",L88=1,M88=3),"气血值*1006","") | V88: =IF(AND(H88=1,I88=0,J88=0,L88=1,M88=3),"-(hp*0.1)","")
A89: 2 | B89: 2 | C89: =D89&E89&A89 -> 太素灵枢篇神农百草诀2 | D89: 太素灵枢篇 | E89: 神农百草诀 | F89: 降低内劲恢复 | G89: =VLOOKUP(E89,Sheet3!$C:$AP,40,0)*100+IF(A89=1,0,0)+IF(A89=2,1,0)+IF(A89=3,2,0)+IF(A89=4,3,0) -> 201060101 | H89: 1 | I89: 0 | J89: 0 | L89: 1 | M89: 1 | N89: =Q89&R89&S89&T89&U89&V89 -> 20106011,1 | O89: 0 | P89: -1 | Q89: =VLOOKUP(E89,Sheet3!$C:$AP,40,0)*10+IF(B89=1,0,0)+IF(B89=2,1,0)+IF(B89=3,2,0)+IF(B89=4,3,0) -> 20106011 | R89: =IF(H89=1,",1","") -> ,1 | S89: =IF(AND(H89=2,I89=1,J89="hp",L89=1,M89=2),",-1","") | T89: =IF(AND(H89=2,I89=1,J89="hp",L89=1,M89=1),",(最大气血-hp)/最大气血*100","") | U89: =IF(AND(H89=2,I89=1,J89="hp,(hp/气血值)<=0.2",L89=1,M89=3),"气血值*1006","") | V89: =IF(AND(H89=1,I89=0,J89=0,L89=1,M89=3),"-(hp*0.1)","")
A90: 1 | B90: 1 | C90: =D90&E90&A90 -> 太素灵枢篇丹脉庇身1 | D90: 太素灵枢篇 | E90: 丹脉庇身 | F90: 修改内功防御 | G90: =VLOOKUP(E90,Sheet3!$C:$AP,40,0)*100+IF(A90=1,0,0)+IF(A90=2,1,0)+IF(A90=3,2,0)+IF(A90=4,3,0) -> 201060200 | H90: 1 | I90: 0 | J90: 0 | L90: 1 | M90: 1 | N90: =Q90&R90&S90&T90&U90&V90 -> 20106020,1 | O90: 0 | P90: -1 | Q90: =VLOOKUP(E90,Sheet3!$C:$AP,40,0)*10+IF(B90=1,0,0)+IF(B90=2,1,0)+IF(B90=3,2,0)+IF(B90=4,3,0) -> 20106020 | R90: =IF(H90=1,",1","") -> ,1
A91: 1 | B91: 1 | C91: =D91&E91&A91 -> 太素灵枢篇转经驱脉1 | D91: 太素灵枢篇 | E91: 转经驱脉 | F91: 修改气血回复 | G91: =VLOOKUP(E91,Sheet3!$C:$AP,40,0)*100+IF(A91=1,0,0)+IF(A91=2,1,0)+IF(A91=3,2,0)+IF(A91=4,3,0) -> 201060300 | H91: 1 | I91: 0 | J91: 0 | L91: 1 | M91: 1 | N91: =Q91&R91&S91&T91&U91&V91 -> 20106030,1 | O91: 0 | P91: -1 | Q91: =VLOOKUP(E91,Sheet3!$C:$AP,40,0)*10+IF(B91=1,0,0)+IF(B91=2,1,0)+IF(B91=3,2,0)+IF(B91=4,3,0) -> 20106030 | R91: =IF(H91=1,",1","") -> ,1
A92: 1 | B92: 2 | C92: =D92&E92&A92 -> 太素灵枢篇净辟苏息1 | D92: 太素灵枢篇 | E92: 净辟苏息 | F92: 额外气血回复 | G92: =VLOOKUP(E92,Sheet3!$C:$AP,40,0)*100+IF(A92=1,0,0)+IF(A92=2,1,0)+IF(A92=3,2,0)+IF(A92=4,3,0) -> 201060400 | H92: 1 | I92: 0 | J92: 0 | L92: 1 | M92: 1 | N92: =Q92&R92&S92&T92&U92&V92 -> 20106041,1 | O92: 0 | P92: -1 | Q92: =VLOOKUP(E92,Sheet3!$C:$AP,40,0)*10+IF(B92=1,0,0)+IF(B92=2,1,0)+IF(B92=3,2,0)+IF(B92=4,3,0) -> 20106041 | R92: =IF(H92=1,",1","") -> ,1
A93: 1 | B93: 1 | C93: =D93&E93&A93 -> 太素灵枢篇五禽杖1 | D93: 太素灵枢篇 | E93: 五禽杖 | F93: 提升长兵类伤害 | G93: =VLOOKUP(E93,Sheet3!$C:$AP,40,0)*100+IF(A93=1,0,0)+IF(A93=2,1,0)+IF(A93=3,2,0)+IF(A93=4,3,0) -> 201060500 | H93: 1 | I93: 2 | J93: WeaponType=4 | L93: 1 | M93: 1 | N93: =Q93&R93&S93&T93&U93&V93 -> 20106050,1 | O93: 0 | P93: -1 | Q93: =VLOOKUP(E93,Sheet3!$C:$AP,40,0)*10+IF(B93=1,0,0)+IF(B93=2,1,0)+IF(B93=3,2,0)+IF(B93=4,3,0) -> 20106050 | R93: =IF(H93=1,",1","") -> ,1
A94: 1 | B94: 1 | C94: =D94&E94&A94 -> 太素灵枢篇五禽健佑1 | D94: 太素灵枢篇 | E94: 五禽健佑 | F94: 伤害超过自身气血上限10% | G94: =VLOOKUP(E94,Sheet3!$C:$AP,40,0)*100+IF(A94=1,0,0)+IF(A94=2,1,0)+IF(A94=3,2,0)+IF(A94=4,3,0) -> 201060600 | H94: 12 | I94: 1 | J94: hp,(hp/最大气血)<=公式变量1 | L94: 1 | M94: 1 | N94: =Q94&R94&S94&T94&U94&V94 -> 20106060,1 | O94: 0 | P94: -1 | Q94: =VLOOKUP(E94,Sheet3!$C:$AP,40,0)*10+IF(B94=1,0,0)+IF(B94=2,1,0)+IF(B94=3,2,0)+IF(B94=4,3,0) -> 20106060 | R94: =IF(H94=12,",1","") -> ,1
A95: 2 | B95: 2 | C95: =D95&E95&A95 -> 太素灵枢篇五禽健佑2 | D95: 太素灵枢篇 | E95: 五禽健佑 | F95: 变量 | G95: =VLOOKUP(E95,Sheet3!$C:$AP,40,0)*100+IF(A95=1,0,0)+IF(A95=2,1,0)+IF(A95=3,2,0)+IF(A95=4,3,0) -> 201060601 | H95: 1 | I95: 0 | J95: 0 | L95: 1 | M95: 1 | N95: =Q95&R95&S95&T95&U95&V95 -> 20106061,1 | O95: 0 | P95: -1 | Q95: =VLOOKUP(E95,Sheet3!$C:$AP,40,0)*10+IF(B95=1,0,0)+IF(B95=2,1,0)+IF(B95=3,2,0)+IF(B95=4,3,0) -> 20106061 | R95: =IF(H95=1,",1","") -> ,1
A96: 1 | B96: 1 | C96: =D96&E96&A96 -> 太素灵枢篇寸草寒香1 | D96: 太素灵枢篇 | E96: 寸草寒香 | F96: 修改CD | G96: =VLOOKUP(E96,Sheet3!$C:$AP,40,0)*100+IF(A96=1,0,0)+IF(A96=2,1,0)+IF(A96=3,2,0)+IF(A96=4,3,0) -> 201060700 | H96: 1 | I96: 0 | J96: 0 | L96: 1 | M96: 1 | N96: =Q96&R96&S96&T96&U96&V96 -> 20106070,1 | O96: 0 | P96: -1 | Q96: =VLOOKUP(E96,Sheet3!$C:$AP,40,0)*10+IF(B96=1,0,0)+IF(B96=2,1,0)+IF(B96=3,2,0)+IF(B96=4,3,0) -> 20106070 | R96: =IF(H96=1,",1","") -> ,1 | S96: =IF(AND(H96=2,I96=1,J96="hp",L96=1,M96=2),",-1","") | T96: =IF(AND(H96=2,I96=1,J96="hp",L96=1,M96=1),",(最大气血-hp)/最大气血*100","") | U96: =IF(AND(H96=2,I96=1,J96="hp,(hp/气血值)<=0.2",L96=1,M96=3),"气血值*1006","") | V96: =IF(AND(H96=1,I96=0,J96=0,L96=1,M96=3),"-(hp*0.1)","")
A97: 2 | B97: 2 | C97: =D97&E97&A97 -> 太素灵枢篇寸草寒香2 | D97: 太素灵枢篇 | E97: 寸草寒香 | F97: 添加治疗储值 | G97: =VLOOKUP(E97,Sheet3!$C:$AP,40,0)*100+IF(A97=1,0,0)+IF(A97=2,1,0)+IF(A97=3,2,0)+IF(A97=4,3,0) -> 201060701 | H97: 1 | I97: 0 | J97: 0 | L97: 1 | M97: 1 | N97: =Q97&R97&S97&T97&U97&V97 -> 20106071,1 | O97: 0 | P97: -1 | Q97: =VLOOKUP(E97,Sheet3!$C:$AP,40,0)*10+IF(B97=1,0,0)+IF(B97=2,1,0)+IF(B97=3,2,0)+IF(B97=4,3,0) -> 20106071 | R97: =IF(H97=1,",1","") -> ,1 | S97: =IF(AND(H97=2,I97=1,J97="hp",L97=1,M97=2),",-1","") | T97: =IF(AND(H97=2,I97=1,J97="hp",L97=1,M97=1),",(最大气血-hp)/最大气血*100","") | U97: =IF(AND(H97=2,I97=1,J97="hp,(hp/气血值)<=0.2",L97=1,M97=3),"气血值*1006","") | V97: =IF(AND(H97=1,I97=0,J97=0,L97=1,M97=3),"-(hp*0.1)","")
A98: 3 | B98: 3 | C98: =D98&E98&A98 -> 太素灵枢篇寸草寒香3 | D98: 太素灵枢篇 | E98: 寸草寒香 | F98: 额外增加治疗量 | G98: =VLOOKUP(E98,Sheet3!$C:$AP,40,0)*100+IF(A98=1,0,0)+IF(A98=2,1,0)+IF(A98=3,2,0)+IF(A98=4,3,0) -> 201060702 | H98: 1 | I98: 1 | J98: 0 | L98: 1 | M98: 3 | N98: (内息*治疗系数)*0.3 | O98: 0 | P98: -1 | Q98: =VLOOKUP(E98,Sheet3!$C:$AP,40,0)*10+IF(B98=1,0,0)+IF(B98=2,1,0)+IF(B98=3,2,0)+IF(B98=4,3,0) -> 20106072 | R98: =IF(H98=1,",1","") -> ,1 | S98: =IF(AND(H98=2,I98=1,J98="hp",L98=1,M98=2),",-1","") | T98: =IF(AND(H98=2,I98=1,J98="hp",L98=1,M98=1),",(最大气血-hp)/最大气血*100","") | U98: =IF(AND(H98=2,I98=1,J98="hp,(hp/气血值)<=0.2",L98=1,M98=3),"气血值*1006","") | V98: =IF(AND(H98=1,I98=0,J98=0,L98=1,M98=3),"-(hp*0.1)","")
A99: 1 | B99: 2 | C99: =D99&E99&A99 -> 太素灵枢篇灵枢妙手1 | D99: 太素灵枢篇 | E99: 灵枢妙手 | F99: 增加内劲 | G99: =VLOOKUP(E99,Sheet3!$C:$AP,40,0)*100+IF(A99=1,0,0)+IF(A99=2,1,0)+IF(A99=3,2,0)+IF(A99=4,3,0) -> 201060800 | H99: 1 | I99: 0 | J99: 0 | L99: 1 | M99: 1 | N99: =Q99&R99&S99&T99&U99&V99 -> 20106081,1 | O99: 0 | P99: -1 | Q99: =VLOOKUP(E99,Sheet3!$C:$AP,40,0)*10+IF(B99=1,0,0)+IF(B99=2,1,0)+IF(B99=3,2,0)+IF(B99=4,3,0) -> 20106081 | R99: =IF(H99=1,",1","") -> ,1 | S99: =IF(AND(H99=2,I99=1,J99="hp",L99=1,M99=2),",-1","") | T99: =IF(AND(H99=2,I99=1,J99="hp",L99=1,M99=1),",(最大气血-hp)/最大气血*100","") | U99: =IF(AND(H99=2,I99=1,J99="hp,(hp/气血值)<=0.2",L99=1,M99=3),"气血值*1006","") | V99: =IF(AND(H99=1,I99=0,J99=0,L99=1,M99=3),"-(hp*0.1)","")
A100: 2 | B100: 4 | C100: =D100&E100&A100 -> 太素灵枢篇灵枢妙手2 | D100: 太素灵枢篇 | E100: 灵枢妙手 | F100: 额外气血回复 | G100: =VLOOKUP(E100,Sheet3!$C:$AP,40,0)*100+IF(A100=1,0,0)+IF(A100=2,1,0)+IF(A100=3,2,0)+IF(A100=4,3,0) -> 201060801 | H100: 1 | I100: 0 | J100: 0 | L100: 1 | M100: 1 | N100: =Q100&R100&S100&T100&U100&V100 -> 20106083,1 | O100: 0 | P100: -1 | Q100: =VLOOKUP(E100,Sheet3!$C:$AP,40,0)*10+IF(B100=1,0,0)+IF(B100=2,1,0)+IF(B100=3,2,0)+IF(B100=4,3,0) -> 20106083 | R100: =IF(H100=1,",1","") -> ,1 | S100: =IF(AND(H100=2,I100=1,J100="hp",L100=1,M100=2),",-1","") | T100: =IF(AND(H100=2,I100=1,J100="hp",L100=1,M100=1),",(最大气血-hp)/最大气血*100","") | U100: =IF(AND(H100=2,I100=1,J100="hp,(hp/气血值)<=0.2",L100=1,M100=3),"气血值*1006","") | V100: =IF(AND(H100=1,I100=0,J100=0,L100=1,M100=3),"-(hp*0.1)","")
...

Sheet BuffData
G1: buff类型 | H1: 显示图标 | I1: 显示名字 | J1: 说明 | K1: 互斥组 | L1: 互斥优先级 | M1: 持续时间 | N1: 最大层数 | O1: 效果是否可叠加 | P1: 持续时间是否可叠加 | Q1: 是否debuff | R1: 额外参数 | S1: 是否显示详细参数
E2: 备注 | F2: id | G2: buffTypeInt | H2: icon | I2: name | J2: desc | K2: mutexGroup | L2: mutexPriority | M2: duration | N2: maxLayer | O2: isEffectOverling | P2: isDurationOverling | Q2: isDebuff | R2: exParamListStr | S2: isShowParam
A3: 世界BUFF | B3: 气血上限 | D3: 被动 | E3: 10010 | F3: 10010 | G3: 1 | H3: fightbuff/10010 | I3: Poisoned | J3: Poison hide effect. HP cap -20% 12hr | M3: -1 | N3: 1 | O3: FALSE | P3: FALSE | Q3: FALSE | R3: 最大气血,-(最大气血*0.2) | S3: TRUE | T3: fightbuff/ | U3: 10010
A4: 世界BUFF | B4: 增加外功攻击 | C4: 修改闪避 | D4: 被动 | E4: 10027 | F4: 10027 | G4: 1 | H4: fightbuff/10027 | I4: Feel good | J4: Body flow good. Fist attack up. 12hr | M4: -1 | N4: 1 | O4: FALSE | P4: FALSE | Q4: FALSE | R4: 外功攻击,外功攻击*0.1 | S4: TRUE | T4: fightbuff/ | U4: 10027
A5: 世界BUFF | B5: 提升内功攻击 | D5: 被动 | E5: 10028 | F5: 10028 | G5: 1 | H5: fightbuff/10028 | I5: Calm mind | J5: Qi feel nice. Magic attack up. 12hr | M5: -1 | N5: 1 | O5: FALSE | P5: FALSE | Q5: FALSE | R5: 内功攻击,内功攻击*0.1 | S5: TRUE | T5: fightbuff/ | U5: 10028
A6: 世界BUFF | B6: 提升气血恢复属性 | D6: 被动 | E6: 10029 | F6: 10029 | G6: 1 | H6: fightbuff/10029 | I6: Full energy | J6: Energy full. Stamina recover up. 12hr | M6: -1 | N6: 1 | O6: FALSE | P6: FALSE | Q6: FALSE | R6: 体力恢复,2 | S6: TRUE | T6: fightbuff/ | U6: 10029
A7: 世界BUFF | B7: 气血回复提高 | D7: 被动 | E7: 10030 | F7: 10030 | G7: 1 | H7: fightbuff/10030 | I7: Rare food | J7: Taste super good. Can't stop eat. | M7: -1 | N7: 1 | O7: FALSE | P7: FALSE | Q7: FALSE | R7: 气血恢复,气血恢复*0.1+3 | S7: FALSE | T7: fightbuff/ | U7: 10030
A8: 世界BUFF | B8: 提升内外功攻击 | D8: 被动 | E8: 10031 | F8: 10031 | G8: 1 | H8: fightbuff/10031 | I8: Tiger art | J8: Master teach. Power double. | M8: -1 | N8: 1 | O8: FALSE | P8: FALSE | Q8: FALSE | R8: 外功攻击,外功攻击*0.5;内功攻击,内功攻击*0.5 | S8: FALSE | T8: fightbuff/ | U8: 10031
A9: 世界BUFF | B9: 提高内息 | D9: 被动 | E9: 10032 | F9: 10032 | G9: 1 | H9: fightbuff/10032 | I9: Smooth qi | J9: Practice done. Body comfy. | M9: -1 | N9: 1 | O9: FALSE | P9: FALSE | Q9: FALSE | R9: 内息,3 | S9: FALSE | T9: fightbuff/ | U9: 10032
A10: 世界BUFF | B10: 提高武力 | D10: 被动 | E10: 10033 | F10: 10033 | G10: 1 | H10: fightbuff/10033 | I10: Stay ready | J10: Alert mind sharp. Ready fight. | M10: -1 | N10: 1 | O10: FALSE | P10: FALSE | Q10: FALSE | R10: 武力,3 | S10: FALSE | T10: fightbuff/ | U10: 10033
A11: 世界BUFF | B11: 提高身法 | D11: 被动 | E11: 10034 | F11: 10034 | G11: 1 | H11: fightbuff/10034 | I11: Swift move | J11: Focus spirit. Fly like bird. | M11: -1 | N11: 1 | O11: FALSE | P11: FALSE | Q11: FALSE | R11: 身法,3 | S11: FALSE | T11: fightbuff/ | U11: 10034
A12: 世界BUFF | B12: 提高内外功攻击 | D12: 被动 | E12: 10035 | F12: 10035 | G12: 1 | H12: fightbuff/10035 | I12: Scare first | J12: People fear you. No move. | M12: -1 | N12: 1 | O12: FALSE | P12: FALSE | Q12: FALSE | R12: 外功攻击,外功攻击*0.1;内功攻击,内功攻击*0.1 | S12: FALSE | T12: fightbuff/ | U12: 10035
A13: 世界BUFF | B13: 内外功攻击降低50％ | D13: 被动 | E13: 10036 | F13: 10036 | G13: 1 | H13: fightbuff/10036 | I13: Bad hurt | J13: Hurt bad. Bone break. Danger. | M13: -1 | N13: 1 | O13: FALSE | P13: FALSE | Q13: TRUE | R13: 外功攻击,-(外功攻击*0.5);内功攻击,-(内功攻击*0.5) | S13: FALSE | T13: fightbuff/ | U13: 10036
A14: 天赋 | B14: 反伤 | D14: 被动 | E14: 10037 | F14: 10037 | G14: 1 | H14: fightbuff/WuJi | I14: Lone wolf | J14: No teammate: Damage+20% Def+20% | M14: -1 | N14: 1 | O14: FALSE | P14: FALSE | Q14: FALSE | R14: 最终伤害增加,0.2;外功防御,外功防御*0.2;内功防御,内功防御*0.2 | S14: TRUE | T14: fightbuff/ | U14: =VLOOKUP(B14,示例!$P:$Q,2,0) -> WuJi
A15: 世界BUFF | B15: 提升气血恢复属性 | D15: 被动 | E15: 10040 | F15: 10040 | G15: 1 | H15: fightbuff/10040 | I15: Full power | J15: Rest recover stamina. 12hr | M15: -1 | N15: 1 | O15: FALSE | P15: FALSE | Q15: FALSE | R15: 体力恢复,1 | S15: TRUE | T15: fightbuff/ | U15: 10040
B16: 霸体 | C16: 极难难度远程 | F16: 10041 | G16: 4 | H16: fightbuff/GongJiTiSheng | I16: Red magic | J16: Secret magic. Skull eye. Meat ball. | M16: -1 | N16: 1 | O16: FALSE | P16: FALSE | Q16: FALSE | R16: 1 | S16: TRUE | T16: fightbuff/ | U16: GongJiTiSheng
A17: 世界BUFF | B17: 气血上限 | D17: 被动 | E17: 10042 | F17: 10042 | G17: 1 | H17: fightbuff/10010 | I17: Strange poison | J17: Poison burn inside. HP cap -10% 1month | M17: -1 | N17: 1 | O17: FALSE | P17: FALSE | Q17: FALSE | R17: 最大气血,-(最大气血*0.1) | S17: TRUE | T17: fightbuff/ | U17: 10042
A18: 世界BUFF | B18: 增加移动速度 | D18: 被动 | E18: 10043 | F18: 10043 | G18: 1 | H18: fightbuff/10029 | I18: Lucky feel | J18: Mind clear. Move fast fight. 1month | M18: -1 | N18: 1 | O18: FALSE | P18: FALSE | Q18: FALSE | R18: 移动速度,移动速度*0.05 | S18: TRUE | T18: fightbuff/ | U18: 10043
A19: 世界BUFF | B19: 增加移动速度 | D19: 被动 | E19: 10043 | F19: 10044 | G19: 1 | H19: fightbuff/10029 | I19: Slower move | J19: Move slow -10% | M19: -1 | N19: 1 | O19: FALSE | P19: FALSE | Q19: FALSE | R19: 移动速度,-(移动速度*0.1) | S19: TRUE | T19: fightbuff/ | U19: 10043
A20: 世界BUFF | B20: 增加移动速度 | D20: 被动 | E20: 10043 | F20: 10045 | G20: 1 | H20: fightbuff/10029 | I20: Less blood | J20: HP down -20% | M20: -1 | N20: 1 | O20: FALSE | P20: FALSE | Q20: FALSE | R20: 最大气血,-(最大气血*0.2) | S20: TRUE | T20: fightbuff/ | U20: 10043
A21: 世界BUFF | B21: 增加移动速度 | D21: 被动 | E21: 10043 | F21: 10046 | G21: 1 | H21: fightbuff/10029 | I21: Weak armor | J21: Defense down -20% | M21: -1 | N21: 1 | O21: FALSE | P21: FALSE | Q21: FALSE | R21: 外功防御,-(外功防御*0.2);内功防御,-(内功防御*0.2) | S21: TRUE | T21: fightbuff/ | U21: 10043
A22: 世界BUFF | B22: 增加移动速度 | D22: 被动 | E22: 10043 | F22: 10047 | G22: 1 | H22: fightbuff/10029 | I22: No item | J22: No use item | M22: -1 | N22: 1 | O22: FALSE | P22: FALSE | Q22: FALSE | S22: FALSE | T22: fightbuff/ | U22: 10043
A23: 世界BUFF | B23: 增加移动速度 | D23: 被动 | E23: 10043 | F23: 10048 | G23: 1 | H23: fightbuff/10029 | I23: No skill | J23: No basic skill | M23: -1 | N23: 1 | O23: FALSE | P23: FALSE | Q23: FALSE | S23: FALSE | T23: fightbuff/ | U23: 10043
A24: 天涯月明章 | B24: 天涯月明章 | C24: 增攻减防 | D24: 被动 | E24: 2010101 | F24: 20101010 | G24: 1 | H24: fightbuff/1001 | I24: Solitaire | J24: Damage +3% | K24: 1 | L24: 1 | M24: 10 | N24: 1 | O24: FALSE | P24: FALSE | Q24: FALSE | R24: 最终伤害增加,0.03; | S24: TRUE | T24: fightbuff/ | U24: =VLOOKUP(B24,示例!$P:$Q,2,0) -> 1001
A25: 天涯月明章 | C25: 增攻减防添加 | D25: 被动 | E25: 2010101 | F25: 20101011 | G25: 2 | I25: Solitaire | J25: Attack save | K25: 2 | L25: 1 | M25: -1 | N25: 1 | O25: FALSE | P25: FALSE | Q25: FALSE | R25: 2010101,6,20101010 | S25: TRUE | T25: fightbuff/ | U25: =VLOOKUP(B25,示例!$P:$Q,2,0) -> #N/A
A26: 天涯月明章 | B26: 降低防御（内外功） | C26: 增攻减防 | D26: 被动 | E26: 2010101 | F26: 20101012 | G26: 1 | H26: fightbuff/1002 | I26: Solitaire | J26: Fist/magic def -5% | K26: 3 | L26: 1 | M26: 10 | N26: 1 | O26: FALSE | P26: FALSE | Q26: FALSE | R26: 外功防御,-(外功防御*0.05);内功防御,-(内功防御*0.05) | S26: TRUE | T26: fightbuff/ | U26: =VLOOKUP(B26,示例!$P:$Q,2,0) -> 1002
A27: 天涯月明章 | C27: 增攻减防添加 | D27: 被动 | E27: 2010101 | F27: 20101013 | G27: 2 | I27: Solitaire | J27: Def save | K27: 4 | L27: 1 | M27: -1 | N27: 1 | O27: FALSE | P27: FALSE | Q27: FALSE | R27: 2010101,6,20101012 | S27: TRUE | T27: fightbuff/ | U27: =VLOOKUP(B27,示例!$P:$Q,2,0) -> #N/A
A28: 天涯月明章 | B28: 提升气血恢复属性 | C28: 修改气血回复属性 | D28: 被动 | E28: 2010102 | F28: 20101020 | G28: 1 | H28: fightbuff/1003 | I28: Silent | J28: HP recover up | M28: -1 | N28: 1 | O28: FALSE | P28: FALSE | Q28: FALSE | R28: 气血恢复,气血恢复*0.05+1 | S28: TRUE | T28: fightbuff/ | U28: =VLOOKUP(B28,示例!$P:$Q,2,0) -> 1003
A29: 天涯月明章 | B29: 提升暴击几率 | C29: 修改暴击几率 | D29: 被动 | E29: 2010103 | F29: 20101030 | G29: 1 | H29: fightbuff/1004 | I29: Cliff book | J29: Crit chance up | M29: -1 | N29: 1 | O29: FALSE | P29: FALSE | Q29: FALSE | R29: 暴击,(身法+5)*涯无书暴击系数 | S29: TRUE | T29: fightbuff/ | U29: =VLOOKUP(B29,示例!$P:$Q,2,0) -> 1004
A30: 天涯月明章 | B30: 增加攻击（内外功） | C30: 增攻减防 | D30: 主动 | E30: 2010104 | F30: 20101040 | G30: 1 | H30: fightbuff/GongJiTiSheng | I30: Moon star | J30: Shuo skill: dmg+2% cd-5s | K30: 1 | L30: 1 | M30: 10 | N30: 1 | O30: FALSE | P30: FALSE | Q30: FALSE | R30: 最终伤害增加,0.02 | S30: TRUE | T30: fightbuff/ | U30: =VLOOKUP(B30,示例!$P:$Q,2,0) -> GongJiTiSheng
A31: 天涯月明章 | C31: 增攻减防添加 | D31: 主动 | E31: 2010104 | F31: 20101041 | G31: 2 | I31: Moon star | J31: Attack save | K31: 2 | L31: 1 | M31: -1 | N31: 1 | O31: FALSE | P31: FALSE | Q31: FALSE | R31: 2010101,6,20101040 | S31: TRUE | T31: fightbuff/ | U31: =VLOOKUP(B31,示例!$P:$Q,2,0) -> #N/A
A32: 天涯月明章 | C32: 增攻减防 | D32: 主动 | E32: 2010104 | F32: 20101042 | G32: 1 | I32: Moon star | J32: Shuo: def-3% | K32: 3 | L32: 1 | M32: 10 | N32: 1 | O32: FALSE | P32: FALSE | Q32: FALSE | R32: 外功防御,-(外功防御*0.03);内功防御,-(内功防御*0.03) | S32: TRUE | T32: fightbuff/ | U32: =VLOOKUP(B32,示例!$P:$Q,2,0) -> #N/A
A33: 天涯月明章 | C33: 增攻减防添加 | D33: 主动 | E33: 2010104 | F33: 20101043 | G33: 2 | I33: Moon star | J33: Def save | K33: 4 | L33: 1 | M33: -1 | N33: 1 | O33: FALSE | P33: FALSE | Q33: FALSE | R33: 2010101,6,20101042 | S33: TRUE | T33: fightbuff/ | U33: =VLOOKUP(B33,示例!$P:$Q,2,0) -> #N/A
A34: 天涯月明章 | C34: 减CD | D34: 主动 | E34: 2010104 | F34: 20101044 | G34: 6 | I34: Moon star | J34: Change cd | M34: -1 | N34: 1 | O34: FALSE | P34: FALSE | Q34: FALSE | R34: 2010101,cd,-5 | S34: TRUE | T34: fightbuff/ | U34: =VLOOKUP(B34,示例!$P:$Q,2,0) -> #N/A
A35: 天涯月明章 | B35: 增加移动速度 | C35: 焚沧断海 | D35: 被动 | E35: 2010105 | F35: 20101050 | G35: 1 | H35: fightbuff/1063 | I35: Wait step | J35: Move speed+10% 5s | M35: 5 | N35: 1 | O35: FALSE | P35: FALSE | Q35: FALSE | R35: 移动速度,移动速度*0.1 | S35: TRUE | T35: fightbuff/ | U35: =VLOOKUP(B35,示例!$P:$Q,2,0) -> 1063
A36: 天涯月明章 | B36: 增加暴击伤害 | C36: 焚沧断海 | D36: 被动 | E36: 2010106 | F36: 20101060 | G36: 1 | H36: fightbuff/1005 | I36: Carry hook | J36: Canghai blade crit dmg+10% | M36: -1 | N36: 1 | O36: FALSE | P36: FALSE | Q36: FALSE | R36: 暴伤,0.4 | S36: FALSE | T36: fightbuff/ | U36: =VLOOKUP(B36,示例!$P:$Q,2,0) -> 1005
A37: 天涯月明章 | C37: 临碣寒 | D37: 被动 | E37: 2010106 | F37: 20101061 | G37: 1 | I37: Carry hook | J37: Liejie crit hurt up | M37: -1 | N37: 1 | O37: FALSE | P37: FALSE | Q37: FALSE | R37: 暴伤,0.3 | S37: FALSE | T37: fightbuff/ | U37: =VLOOKUP(B37,示例!$P:$Q,2,0) -> #N/A
A38: 天涯月明章 | C38: 骇浪惊涛 | D38: 被动 | E38: 2010106 | F38: 20101062 | G38: 1 | I38: Carry hook | J38: Langtao crit hurt up | M38: -1 | N38: 1 | O38: FALSE | P38: FALSE | Q38: FALSE | R38: 暴伤,0.3 | S38: FALSE | T38: fightbuff/ | U38: =VLOOKUP(B38,示例!$P:$Q,2,0) -> #N/A
A39: 天涯月明章 | B39: 增加攻击（内外功） | C39: 增攻减防 | D39: 被动 | E39: 2010107 | F39: 20101070 | G39: 1 | H39: fightbuff/GongJiTiSheng | I39: Break branch | J39: Shuo skill: dmg+2% cd-5s | K39: 1 | L39: 1 | M39: 10 | N39: 1 | O39: FALSE | P39: FALSE | Q39: FALSE | R39: 最终伤害增加,0.02 | S39: TRUE | T39: fightbuff/ | U39: =VLOOKUP(B39,示例!$P:$Q,2,0) -> GongJiTiSheng
A40: 天涯月明章 | C40: 增攻减防添加 | D40: 被动 | E40: 2010107 | F40: 20101071 | G40: 2 | I40: Break branch | J40: Attack save | K40: 2 | L40: 1 | M40: -1 | N40: 1 | O40: FALSE | P40: FALSE | Q40: FALSE | R40: 2010101,6,20101070 | S40: TRUE | T40: fightbuff/ | U40: =VLOOKUP(B40,示例!$P:$Q,2,0) -> #N/A
A41: 天涯月明章 | B41: 降低防御（内外功） | C41: 增攻减防 | D41: 被动 | E41: 2010107 | F41: 20101072 | G41: 1 | H41: fightbuff/1002 | I41: Break branch | J41: Shuo: def-6% | K41: 3 | L41: 1 | M41: 10 | N41: 1 | O41: FALSE | P41: FALSE | Q41: FALSE | R41: 外功防御,-(外功防御*0.06);内功防御,-(内功防御*0.06) | S41: TRUE | T41: fightbuff/ | U41: =VLOOKUP(B41,示例!$P:$Q,2,0) -> 1002
A42: 天涯月明章 | C42: 增攻减防添加 | D42: 被动 | E42: 2010107 | F42: 20101073 | G42: 2 | I42: Break branch | J42: Def save | K42: 4 | L42: 1 | M42: -1 | N42: 1 | O42: FALSE | P42: FALSE | Q42: FALSE | R42: 2010101,6,20101072 | S42: TRUE | T42: fightbuff/ | U42: =VLOOKUP(B42,示例!$P:$Q,2,0) -> #N/A
A43: 天涯月明章 | C43: 减CD | D43: 被动 | E43: 2010107 | F43: 20101074 | G43: 6 | I43: Break branch | J43: Change cd | M43: -1 | N43: 1 | O43: FALSE | P43: FALSE | Q43: FALSE | R43: 2010101,cd,-5 | S43: TRUE | T43: fightbuff/ | U43: =VLOOKUP(B43,示例!$P:$Q,2,0) -> #N/A
A44: 天涯月明章 | B44: 增加攻击（内外功） | C44: 增攻减防 | D44: 被动 | E44: 2010108 | F44: 20101080 | G44: 1 | H44: fightbuff/GongJiTiSheng | I44: Shared sky | J44: Shuo: no def down | K44: 1 | L44: 2 | M44: 10 | N44: 1 | O44: FALSE | P44: FALSE | Q44: FALSE | S44: FALSE | T44: fightbuff/ | U44: =VLOOKUP(B44,示例!$P:$Q,2,0) -> GongJiTiSheng
A45: 天涯月明章 | C45: 增攻减防添加 | D45: 被动 | E45: 2010108 | F45: 20101081 | G45: 2 | I45: Shared sky | J45: Attack save | K45: 2 | L45: 2 | M45: -1 | N45: 1 | O45: FALSE | P45: FALSE | Q45: FALSE | R45: 2010101,6,20101080 | S45: TRUE | T45: fightbuff/ | U45: =VLOOKUP(B45,示例!$P:$Q,2,0) -> #N/A
A46: 天涯月明章 | B46: 增加暴击伤害 | C46: 焚沧断海 | D46: 被动 | E46: 2010108 | F46: 20101083 | G46: 1 | H46: fightbuff/1005 | I46: Shared sky | J46: Canghai blade crit dmg+15% | M46: -1 | N46: 1 | O46: FALSE | P46: FALSE | Q46: FALSE | R46: 暴伤,0.15 | S46: FALSE | T46: fightbuff/ | U46: =VLOOKUP(B46,示例!$P:$Q,2,0) -> 1005
A47: 天涯月明章 | C47: 临碣寒 | D47: 被动 | E47: 2010108 | F47: 20101084 | G47: 1 | I47: Shared sky | J47: Liejie crit hurt up | M47: -1 | N47: 1 | O47: FALSE | P47: FALSE | Q47: FALSE | R47: 暴伤,0.15 | S47: TRUE | T47: fightbuff/ | U47: =VLOOKUP(B47,示例!$P:$Q,2,0) -> #N/A
A48: 天涯月明章 | C48: 骇浪惊涛 | D48: 被动 | E48: 2010108 | F48: 20101085 | G48: 1 | I48: Shared sky | J48: Langtao crit hurt up | M48: -1 | N48: 1 | O48: FALSE | P48: FALSE | Q48: FALSE | R48: 暴伤,0.15 | S48: TRUE | T48: fightbuff/ | U48: =VLOOKUP(B48,示例!$P:$Q,2,0) -> #N/A
A49: 天涯月明章 | C49: 增攻减防 | D49: 被动 | E49: 2010108 | F49: 20101086 | G49: 1 | I49: Shared sky | J49: Shuo: no def down | K49: 3 | L49: 2 | M49: 10 | N49: 1 | O49: FALSE | P49: FALSE | Q49: FALSE | R49: 外功防御,0;内功防御,0 | S49: TRUE | T49: fightbuff/ | U49: =VLOOKUP(B49,示例!$P:$Q,2,0) -> #N/A
A50: 天涯月明章 | C50: 增攻减防添加 | D50: 被动 | E50: 2010108 | F50: 20101087 | G50: 2 | I50: Shared sky | J50: Def save | K50: 4 | L50: 2 | M50: -1 | N50: 1 | O50: FALSE | P50: FALSE | Q50: FALSE | R50: 2010101,6,20101086 | S50: TRUE | T50: fightbuff/ | U50: =VLOOKUP(B50,示例!$P:$Q,2,0) -> #N/A
A51: 天涯月明章 | B51: 无敌 | C51: 增攻减防 | D51: 被动 | E51: 2010109 | F51: 20101090 | G51: 1 | H51: fightbuff/WuJi | I51: Final sigh | J51: Fight start: power+2 | M51: -1 | N51: 1 | O51: FALSE | P51: FALSE | Q51: FALSE | R51: =IF(J51="进入战斗后,武力属性增加2点","武力,2","")&IF(J51="进入战斗后,内息属性增加2点","内息,2","")&IF(J51="进入战斗后,身法属性增加2点","身法,2","")&IF(J51="进入战斗后,筋骨属性增加2点","筋骨,2","") | S51: TRUE | T51: fightbuff/ | U51: =VLOOKUP(B51,示例!$P:$Q,2,0) -> WuJi
A52: 天涯月明章 | B52: 减CD | C52: 减CD | D52: 0 | E52: 2010110 | F52: 20101100 | G52: 6 | H52: fightbuff/1009 | I52: No fame | J52: Shuo cd-5s | M52: -1 | N52: 1 | O52: FALSE | P52: FALSE | Q52: FALSE | R52: 2010101,cd,-5 | S52: TRUE | T52: fightbuff/ | U52: =VLOOKUP(B52,示例!$P:$Q,2,0) -> 1009
A53: 天涯月明章 | B53: 降低防御（内外功） | C53: 增攻减防 | D53: 0 | E53: 2010111 | F53: 20101110 | G53: 1 | I53: No fame | J53: Shuo: def-6% | M53: 10 | N53: 1 | O53: FALSE | P53: FALSE | Q53: FALSE | R53: 外功防御,-(外功防御*0.05);内功防御,-(内功防御*0.06) | S53: TRUE | T53: fightbuff/ | U53: =VLOOKUP(B53,示例!$P:$Q,2,0) -> 1002
A54: 天涯月明章 | C54: 增攻减防添加 | D54: 0 | E54: 2010111 | F54: 20101111 | G54: 2 | I54: No fame | J54: Def save | M54: -1 | N54: 1 | O54: FALSE | P54: FALSE | Q54: FALSE | R54: 2010101,6,20101110 | S54: TRUE | T54: fightbuff/ | U54: =VLOOKUP(B54,示例!$P:$Q,2,0) -> #N/A
A55: 天涯月明章 | B55: 增加攻击（内外功） | C55: 增攻减防 | D55: 0 | E55: 2010111 | F55: 20101112 | G55: 1 | H55: fightbuff/GongJiTiSheng | I55: No fame | J55: Shuo: dmg+3% def-5% | M55: 10 | N55: 1 | O55: FALSE | P55: FALSE | Q55: FALSE | R55: 最终伤害增加,0.03 | S55: TRUE | T55: fightbuff/ | U55: =VLOOKUP(B55,示例!$P:$Q,2,0) -> GongJiTiSheng
A56: 天涯月明章 | C56: 增攻减防添加 | D56: 0 | E56: 2010111 | F56: 20101113 | G56: 2 | I56: Evil change | J56: Attack save | M56: -1 | N56: 1 | O56: FALSE | P56: FALSE | Q56: FALSE | R56: 2010101,6,20101112 | S56: TRUE | T56: fightbuff/ | U56: =VLOOKUP(B56,示例!$P:$Q,2,0) -> #N/A
A57: 嗤魔祭血真经 | B57: 嗤魔祭血真经 | C57: 嗤魔祭血真经 | D57: 被动 | E57: 2010201 | F57: 20102010 | G57: 6 | H57: fightbuff/1006 | I57: EvilChange | J57: Pop skill: cd-1s hp cost-5% | M57: -1 | N57: 1 | O57: FALSE | P57: FALSE | Q57: FALSE | R57: 9000004,气血消耗百分比,-5 | S57: FALSE | T57: fightbuff/ | U57: =VLOOKUP(B57,示例!$P:$Q,2,0) -> 1006
A58: 嗤魔祭血真经 | B58: 减CD | C58: 嗤魔祭血真经 | D58: 被动 | E58: 2010201 | F58: 20102011 | G58: 6 | I58: EvilChange | J58: Cd-1s | M58: -1 | N58: 1 | O58: FALSE | P58: FALSE | Q58: FALSE | R58: 9000004,cd,-1 | S58: TRUE | T58: fightbuff/ | U58: =VLOOKUP(B58,示例!$P:$Q,2,0) -> 1009
A59: 嗤魔祭血真经 | B59: 内劲增加 | C59: 嗤魔祭血真经 | D59: 被动 | E59: 2010202 | F59: 20102020 | G59: 1 | H59: fightbuff/1007 | I59: GhostHowl | J59: Inner power+20% 3s | M59: 3 | N59: 1 | O59: FALSE | P59: FALSE | Q59: FALSE | R59: 内劲增长,0.2 | S59: TRUE | T59: fightbuff/ | U59: =VLOOKUP(B59,示例!$P:$Q,2,0) -> 1007
A60: 嗤魔祭血真经 | B60: 拥有异常状态提升攻击（内外功） | C60: 嗤魔祭血真经 | D60: 主动 | E60: 2010203 | F60: 20102030 | G60: 1 | H60: fightbuff/1008 | I60: BloodHell | J60: Bad effect: attack+1% max5. 5s | M60: 5 | N60: 5 | O60: TRUE | P60: FALSE | Q60: FALSE | R60: 外功攻击,外功攻击*0.02;内功攻击,内功攻击*0.02 | S60: FALSE | T60: fightbuff/ | U60: =VLOOKUP(B60,示例!$P:$Q,2,0) -> 1008
A61: 嗤魔祭血真经 | B61: 嗤魔祭血真经 | C61: 嗤魔祭血真经 | D61: 被动 | E61: 2010204 | F61: 20102040 | G61: 6 | H61: fightbuff/1006 | I61: SoulOut | J61: Chimowu: cd-1s hp cost-5% | M61: -1 | N61: 1 | O61: FALSE | P61: FALSE | Q61: FALSE | R61: 9000004,气血消耗百分比,-5 | S61: FALSE | T61: fightbuff/ | U61: =VLOOKUP(B61,示例!$P:$Q,2,0) -> 1006
A62: 嗤魔祭血真经 | B62: 减CD | C62: 嗤魔祭血真经 | D62: 被动 | E62: 2010204 | F62: 20102041 | G62: 6 | I62: SoulOut | J62: Cd-1s | M62: -1 | N62: 1 | O62: FALSE | P62: FALSE | Q62: FALSE | R62: 9000004,cd,-1 | S62: FALSE | T62: fightbuff/ | U62: =VLOOKUP(B62,示例!$P:$Q,2,0) -> 1009
A63: 嗤魔祭血真经 | B63: 提升暴击几率 | C63: 嗤魔祭血真经 | D63: 被动 | E63: 2010205 | F63: 20102050 | G63: 1 | H63: fightbuff/1004 | I63: TwinCurse | J63: Hurt: crit+3% max3. 5s | M63: 5 | N63: 3 | O63: TRUE | P63: FALSE | Q63: FALSE | R63: 暴击,0.03 | S63: TRUE | T63: fightbuff/ | U63: =VLOOKUP(B63,示例!$P:$Q,2,0) -> 1004
A64: 嗤魔祭血真经 | B64: 减CD | C64: 嗤魔祭血真经 | D64: 被动 | E64: 2010206 | F64: 20102060 | G64: 1 | H64: fightbuff/1009 | I64: DemonFeast | J64: Pop: cd-1s hp cost-5% | N64: 1 | O64: FALSE | P64: FALSE | Q64: FALSE | S64: TRUE | T64: fightbuff/ | U64: =VLOOKUP(B64,示例!$P:$Q,2,0) -> 1009
A65: 嗤魔祭血真经 | B65: 嗤魔祭血真经 | C65: 嗤魔祭血真经 | D65: 被动 | E65: 2010207 | F65: 20102070 | G65: 6 | H65: fightbuff/1006 | I65: PlagueCry | J65: Chimowu: cd-1s hp cost-5% | M65: -1 | N65: 1 | O65: FALSE | P65: FALSE | Q65: FALSE | R65: 9000004,气血消耗百分比,-5 | S65: FALSE | T65: fightbuff/ | U65: =VLOOKUP(B65,示例!$P:$Q,2,0) -> 1006
A66: 嗤魔祭血真经 | B66: 减CD | C66: 嗤魔祭血真经 | D66: 被动 | E66: 2010207 | F66: 20102071 | G66: 6 | I66: PlagueCry | J66: Cd-1s | M66: -1 | N66: 1 | O66: FALSE | P66: FALSE | Q66: FALSE | R66: 9000004,cd,-1 | S66: TRUE | T66: fightbuff/ | U66: =VLOOKUP(B66,示例!$P:$Q,2,0) -> 1009
A67: 嗤魔祭血真经 | B67: 嗤魔祭血真经 | C67: 嗤魔祭血真经 | D67: 被动 | E67: 2010208 | F67: 20102080 | G67: 1 | H67: fightbuff/1006 | I67: DevilLaugh | J67: Near death auto Pop. No cost. Once. | M67: -1 | N67: 1 | O67: FALSE | P67: FALSE | Q67: FALSE | S67: FALSE | T67: fightbuff/ | U67: =VLOOKUP(B67,示例!$P:$Q,2,0) -> 1006
A68: 嗤魔祭血真经 | B68: 无敌 | C68: 增攻减防 | D68: 被动 | E68: 2010209 | F68: 20102090 | G68: 1 | H68: fightbuff/WuJi | I68: BodyShift | J68: Fight: magic+2 | M68: -1 | N68: 1 | O68: FALSE | P68: FALSE | Q68: FALSE | R68: =IF(J68="进入战斗后,武力属性增加2点","武力,2","")&IF(J68="进入战斗后,内息属性增加2点","内息,2","")&IF(J68="进入战斗后,身法属性增加2点","身法,2","")&IF(J68="进入战斗后,筋骨属性增加2点","筋骨,2","") | S68: TRUE | T68: fightbuff/ | U68: =VLOOKUP(B68,示例!$P:$Q,2,0) -> WuJi
A69: 嗤魔祭血真经 | B69: 增加体力恢复属性 | C69: 嗤魔祭血真经 | D69: 0 | E69: 2010210 | F69: 20102100 | G69: 1 | H69: fightbuff/1013 | I69: DemonRise | J69: Stam recov +2/s | M69: -1 | N69: 1 | O69: FALSE | P69: FALSE | Q69: FALSE | R69: 体力恢复,2 | S69: TRUE | T69: fightbuff/ | U69: =VLOOKUP(B69,示例!$P:$Q,2,0) -> 1013
A70: 嗤魔祭血真经 | B70: 拥有异常状态提升攻击（内外功） | C70: 嗤魔祭血真经 | D70: 0 | E70: 2010211 | F70: 20102110 | G70: 1 | H70: fightbuff/1008 | I70: DarkBrew | J70: Bad effect: damage+2% | M70: 5 | N70: 5 | O70: TRUE | P70: FALSE | Q70: FALSE | R70: 最终伤害增加,0.02 | S70: FALSE | T70: fightbuff/ | U70: =VLOOKUP(B70,示例!$P:$Q,2,0) -> 1008
A71: 连珏天璧法 | B71: 连珏天璧法 | C71: 提升防御 | D71: 被动 | E71: 2010301 | F71: 20103010 | G71: 1 | H71: fightbuff/1012 | I71: GemSink | J71: HP↓1% = def+0.8% max99 | M71: -1 | N71: 99 | O71: TRUE | P71: FALSE | Q71: FALSE | R71: 外功防御,外功防御*0.008;内功防御,内功防御*0.008 | S71: TRUE | T71: fightbuff/ | U71: =VLOOKUP(B71,示例!$P:$Q,2,0) -> 1012
A72: 连珏天璧法 | B72: 增加体力恢复属性 | C72: 体力恢复 | D72: 主动 | E72: 2010302 | F72: 20103020 | G72: 1 | H72: fightbuff/1013 | I72: Unblemish | J72: Stam recov +1/s | M72: -1 | N72: 1 | O72: FALSE | P72: FALSE | Q72: FALSE | R72: 体力恢复,1 | S72: TRUE | T72: fightbuff/ | U72: =VLOOKUP(B72,示例!$P:$Q,2,0) -> 1013
A73: 连珏天璧法 | B73: 增加体力恢复属性 | C73: 气血回复 | D73: 被动 | E73: 2010303 | F73: 20103030 | G73: 1 | H73: fightbuff/1013 | I73: RawGem | J73: HP recover up | M73: -1 | N73: 1 | O73: FALSE | P73: FALSE | Q73: FALSE | R73: 气血恢复,气血恢复*0.1+1 | S73: TRUE | T73: fightbuff/ | U73: =VLOOKUP(B73,示例!$P:$Q,2,0) -> 1013
A74: 连珏天璧法 | B74: 提升防御（内外功） | C74: 提升防御 | D74: 被动 | E74: 2010304 | F74: 20103040 | G74: 1 | H74: fightbuff/1014 | I74: CrushedJade | J74: HP↓1% = def+0.1% | M74: -1 | N74: 99 | O74: TRUE | P74: FALSE | Q74: FALSE | R74: 外功防御,外功防御*0.001;内功防御,内功防御*0.001 | S74: TRUE | T74: fightbuff/ | U74: =VLOOKUP(B74,示例!$P:$Q,2,0) -> 1014
A75: 连珏天璧法 | B75: 格挡降低体力 | C75: 储值 | D75: 被动 | E75: 2010305 | F75: 20103050 | G75: 2 | H75: fightbuff/1015 | I75: PureJade | J75: Block: stam cost-1 | M75: -1 | N75: 1 | O75: FALSE | P75: FALSE | Q75: FALSE | R75: 0,10,-1 | S75: FALSE | T75: fightbuff/ | U75: =VLOOKUP(B75,示例!$P:$Q,2,0) -> 1015
A76: 连珏天璧法 | B76: 增加暴击伤害减免属性 | C76: 嗤魔祭血真经 | D76: 被动 | E76: 2010306 | F76: 20103060 | G76: 1 | H76: fightbuff/1049 | I76: GoldBough | J76: Anti-crit+10% | M76: -1 | N76: 1 | O76: FALSE | P76: FALSE | Q76: FALSE | R76: 免暴,0.1;减暴,0.1 | S76: TRUE | T76: fightbuff/ | U76: =VLOOKUP(B76,示例!$P:$Q,2,0) -> 1049
A77: 连珏天璧法 | B77: 提升防御（内外功） | C77: 提升防御 | D77: 被动 | E77: 2010307 | F77: 20103070 | G77: 1 | H77: fightbuff/1014 | I77: EvilChange | J77: HP↓1% = def+0.1% | M77: -1 | N77: 99 | O77: TRUE | P77: FALSE | Q77: FALSE | R77: 外功防御,外功防御*0.001;内功防御,内功防御*0.001 | S77: TRUE | T77: fightbuff/ | U77: =VLOOKUP(B77,示例!$P:$Q,2,0) -> 1014
A78: 连珏天璧法 | B78: 大幅度提升防御（内外功） | C78: 提升防御 | D78: 被动 | E78: 2010308 | F78: 20103080 | G78: 1 | H78: fightbuff/1016 | I78: EvilChange | J78: HP<30% def+100% 20s. Once. | M78: 20 | N78: 1 | O78: FALSE | P78: FALSE | Q78: FALSE | R78: 外功防御,外功防御 *1;内功防御,内功防御 * 1 | S78: TRUE | T78: fightbuff/ | U78: =VLOOKUP(B78,示例!$P:$Q,2,0) -> 1016
A79: 连珏天璧法 | B79: 无敌 | C79: 增攻减防 | D79: 被动 | E79: 2010309 | F79: 20103090 | G79: 1 | H79: fightbuff/WuJi | I79: GhostHowl | J79: Fight: bone+2 | M79: -1 | N79: 1 | O79: FALSE | P79: FALSE | Q79: FALSE | R79: =IF(J79="进入战斗后,武力属性增加2点","武力,2","")&IF(J79="进入战斗后,内息属性增加2点","内息,2","")&IF(J79="进入战斗后,身法属性增加2点","身法,2","")&IF(J79="进入战斗后,筋骨属性增加2点","筋骨,2","") | S79: TRUE | T79: fightbuff/ | U79: =VLOOKUP(B79,示例!$P:$Q,2,0) -> WuJi
A80: 连珏天璧法 | B80: 增加体力恢复属性 | C80: 体力恢复 | D80: 0 | E80: 2010310 | F80: 20103100 | G80: 1 | H80: fightbuff/1013 | I80: BloodHell | J80: Stam recov +2/s | M80: -1 | N80: 1 | O80: FALSE | P80: FALSE | Q80: FALSE | R80: 体力恢复,2 | S80: TRUE | T80: fightbuff/ | U80: =VLOOKUP(B80,示例!$P:$Q,2,0) -> 1013
A81: 连珏天璧法 | B81: 提升防御（内外功） | C81: 提升防御 | D81: 0 | E81: 2010311 | F81: 20103110 | G81: 1 | H81: fightbuff/1014 | I81: SoulOut | J81: HP↓1% = def+0.2% | M81: -1 | N81: 99 | O81: TRUE | P81: FALSE | Q81: FALSE | R81: 外功防御,外功防御*0.002;内功防御,内功防御*0.002 | S81: TRUE | T81: fightbuff/ | U81: =VLOOKUP(B81,示例!$P:$Q,2,0) -> 1014
A82: 玄黎蛊瘴 | B82: 玄黎蛊瘴 | C82: 玄黎蛊瘴 | D82: 主动 | E82: 2010401 | F82: 20104010 | G82: 1 | H82: fightbuff/1017 | I82: SoulOut | J82: HP<20% heal 20% maxHP. 40s cd | M82: -1 | N82: 1 | O82: TRUE | P82: FALSE | Q82: FALSE | S82: TRUE | T82: fightbuff/ | U82: =VLOOKUP(B82,示例!$P:$Q,2,0) -> 1017
A83: 玄黎蛊瘴 | C83: 玄黎蛊瘴 | D83: 主动 | E83: 2010401 | F83: 20104011 | G83: 5 | I83: TwinCurse | J83: Trigger bloodline 20% | M83: -1 | N83: 1 | O83: TRUE | P83: FALSE | Q83: FALSE | R83: 201040100,1,0.2 | S83: TRUE | T83: fightbuff/ | U83: =VLOOKUP(B83,示例!$P:$Q,2,0) -> #N/A
A84: 玄黎蛊瘴 | B84: 提升防御（内外功） | C84: 修改防御 | D84: 被动 | E84: 2010402 | F84: 20104020 | G84: 1 | H84: fightbuff/1014 | I84: DemonFeast | J84: Fist/magic def up | M84: -1 | N84: 1 | O84: TRUE | P84: FALSE | Q84: FALSE | R84: 外功防御,(筋骨+5)*天龙披山防御系数*1.5;内功防御,(内息+5)*天龙披山防御系数*1.5 | S84: TRUE | T84: fightbuff/ | U84: =VLOOKUP(B84,示例!$P:$Q,2,0) -> 1014
A85: 玄黎蛊瘴 | B85: 短兵类武器增加攻击（内外功） | C85: 修改内功伤害 | D85: 被动 | E85: 2010403 | F85: 20104030 | G85: 1 | H85: fightbuff/1081 | I85: PlagueCry | J85: Short weapon attack+1% | M85: -1 | N85: 1 | O85: TRUE | P85: FALSE | Q85: FALSE | R85: 外功攻击,外功攻击*0.01;内功攻击,内功攻击*0.01 | S85: TRUE | T85: fightbuff/ | U85: =VLOOKUP(B85,示例!$P:$Q,2,0) -> 1081
A86: 玄黎蛊瘴 | B86: 气血低时瞬间恢复气血 | D86: 被动 | E86: 2010404 | F86: 20104040 | G86: 5 | H86: fightbuff/1019 | I86: PlagueCry | J86: Chizhu heal trigger +5% | M86: -1 | N86: 1 | O86: TRUE | P86: FALSE | Q86: FALSE | R86: 201040100,1,0.05 | S86: FALSE | T86: fightbuff/ | U86: =VLOOKUP(B86,示例!$P:$Q,2,0) -> 1019
A87: 玄黎蛊瘴 | B87: 拥有异常状态提升攻击（内外功） | C87: 修改内功伤害 | D87: 被动 | E87: 2010405 | F87: 20104050 | G87: 1 | H87: fightbuff/1008 | I87: DevilLaugh | J87: Cuigu: bad effect = magic atk+1.5% max20. 5s | M87: -1 | N87: 20 | O87: TRUE | P87: FALSE | Q87: FALSE | R87: 内功攻击,内功攻击*0.015 | S87: TRUE | T87: fightbuff/ | U87: =VLOOKUP(B87,示例!$P:$Q,2,0) -> 1008
A88: 玄黎蛊瘴 | B88: 增加伤害减免属性 | C88: 修改内功伤害 | D88: 被动 | E88: 2010406 | F88: 20104060 | G88: 1 | H88: fightbuff/1029 | I88: BodyShift | J88: Unstoppable: damage taken-20% | M88: -1 | N88: 1 | O88: FALSE | P88: FALSE | Q88: FALSE | S88: TRUE | T88: fightbuff/ | U88: =VLOOKUP(B88,示例!$P:$Q,2,0) -> 1029
A89: 玄黎蛊瘴 | B89: 气血低时瞬间恢复气血 | C89: 修改内功伤害 | D89: 被动 | E89: 2010407 | F89: 20104070 | G89: 5 | H89: fightbuff/1019 | I89: DemonRise | J89: Chizhu heal trigger +5% | M89: -1 | N89: 1 | O89: TRUE | P89: FALSE | Q89: FALSE | R89: 201040100,1,0.05 | S89: FALSE | T89: fightbuff/ | U89: =VLOOKUP(B89,示例!$P:$Q,2,0) -> 1019
A90: 玄黎蛊瘴 | B90: 增加命中率 | C90: 修改内功伤害 | D90: 被动 | E90: 2010408 | F90: 20104080 | G90: 1 | H90: fightbuff/1066 | I90: DarkBrew | J90: Enemy hit rate down | M90: -1 | N90: 1 | O90: FALSE | P90: FALSE | Q90: TRUE | R90: 命中,-(命中*0.2) | S90: TRUE | T90: fightbuff/ | U90: =VLOOKUP(B90,示例!$P:$Q,2,0) -> 1066
A91: 玄黎蛊瘴 | B91: 无敌 | C91: 增攻减防 | D91: 主动 | E91: 2010409 | F91: 20104090 | G91: 1 | H91: fightbuff/WuJi | I91: GemSink | J91: Fight: magic+2 | M91: -1 | N91: 1 | O91: FALSE | P91: FALSE | Q91: FALSE | R91: =IF(J91="进入战斗后,武力属性增加2点","武力,2","")&IF(J91="进入战斗后,内息属性增加2点","内息,2","")&IF(J91="进入战斗后,身法属性增加2点","身法,2","")&IF(J91="进入战斗后,筋骨属性增加2点","筋骨,2","") | S91: TRUE | T91: fightbuff/ | U91: =VLOOKUP(B91,示例!$P:$Q,2,0) -> WuJi
A92: 玄黎蛊瘴 | B92: 增加伤害减免属性 | C92: 修改内功伤害 | D92: 0 | E92: 2010410 | F92: 20104100 | G92: 1 | H92: fightbuff/1029 | I92: Unblemish | J92: Unstoppable: damage taken-10% | M92: -1 | N92: 1 | O92: FALSE | P92: FALSE | Q92: FALSE | S92: TRUE | T92: fightbuff/ | U92: =VLOOKUP(B92,示例!$P:$Q,2,0) -> 1029
A93: 玄黎蛊瘴 | B93: 拥有异常状态提升攻击（内外功） | C93: 修改内功伤害 | D93: 0 | E93: 2010411 | F93: 20104110 | G93: 1 | H93: fightbuff/1008 | I93: RawGem | J93: Bad effect: damage deal+0.2% max20. 5s | M93: -1 | N93: 20 | O93: TRUE | P93: FALSE | Q93: FALSE | R93: 最终伤害增加,0.02 | S93: TRUE | T93: fightbuff/ | U93: =VLOOKUP(B93,示例!$P:$Q,2,0) -> 1008
A94: 三昧阿修罗道 | B94: 三昧阿修罗道 | C94: 三昧阿修罗道 | D94: 被动 | E94: 2010501 | F94: 20105010 | G94: 1 | H94: fightbuff/1020 | I94: CrushedJade | J94: Team: HP+2/s, HP recov+10%, speed+50 | M94: -1 | N94: 1 | O94: FALSE | P94: FALSE | Q94: FALSE | R94: 气血恢复,气血恢复*0.1+2;移动速度,50 | S94: TRUE | T94: fightbuff/ | U94: =VLOOKUP(B94,示例!$P:$Q,2,0) -> 1020
A95: 三昧阿修罗道 | B95: 提升气血上限 | C95: 三昧阿修罗道 | D95: 被动 | E95: 2010502 | F95: 20105020 | G95: 1 | H95: fightbuff/1059 | I95: PureJade | J95: Max HP up (bone) | M95: -1 | N95: 1 | O95: FALSE | P95: FALSE | Q95: FALSE | R95: 最大气血,筋骨*气血上限系数*10+50 | S95: TRUE | T95: fightbuff/ | U95: =VLOOKUP(B95,示例!$P:$Q,2,0) -> 1059
A96: 三昧阿修罗道 | B96: 拥有异常状态提升攻击（内外功） | C96: 嗤魔祭血真经 | D96: 被动 | E96: 2010503 | F96: 20105030 | G96: 1 | H96: fightbuff/1008 | I96: GoldBough | J96: Bad effect: def up (bone/magic) 5s | M96: 5 | N96: 1 | O96: TRUE | P96: FALSE | Q96: FALSE | R96: 外功攻击,(筋骨+5)*丹脉庇身防御系数;内功防御,(内息+5)*丹脉庇身防御系数*1.5 | S96: TRUE | T96: fightbuff/ | U96: =VLOOKUP(B96,示例!$P:$Q,2,0) -> 1008
A97: 三昧阿修罗道 | B97: 提升暴击几率 | C97: 三昧阿修罗道 | D97: 被动 | E97: 2010504 | F97: 20105040 | G97: 1 | H97: fightbuff/1004 | I97: GemLink | J97: Partner crit rate +5% | M97: -1 | N97: 1 | O97: FALSE | P97: FALSE | Q97: FALSE | R97: 暴击,0.05 | S97: TRUE | T97: fightbuff/ | U97: =VLOOKUP(B97,示例!$P:$Q,2,0) -> 1004
A98: 三昧阿修罗道 | B98: 气血低时瞬间恢复气血 | C98: 三昧阿修罗道 | D98: 被动 | E98: 2010505 | F98: 20105050 | G98: 1 | H98: fightbuff/1019 | I98: UnbreakGem | J98: Healing effect +20% (skill/item) | M98: -1 | N98: 1 | O98: FALSE | P98: FALSE | Q98: FALSE | R98: 治疗加成,治疗加成*0.2 | S98: TRUE | T98: fightbuff/ | U98: =VLOOKUP(B98,示例!$P:$Q,2,0) -> 1019
A99: 三昧阿修罗道 | B99: 气血低时瞬间恢复气血 | C99: 三昧阿修罗道 | D99: 被动 | E99: 2010505 | F99: 20105051 | G99: 1 | I99: UnbreakWall | J99: HP recovery | M99: -1 | N99: 1 | O99: FALSE | P99: FALSE | Q99: FALSE | R99: 气血恢复,气血恢复*0.2 | S99: TRUE | T99: fightbuff/ | U99: =VLOOKUP(B99,示例!$P:$Q,2,0) -> 1019
A100: 三昧阿修罗道 | B100: 霸体 | C100: 三昧阿修罗道 | D100: 被动 | E100: 2010506 | F100: 20105060 | G100: 4 | H100: fightbuff/BaTi | I100: PureCrystal | J100: Crit → Unstoppable 1s | M100: 1 | N100: 1 | O100: FALSE | P100: FALSE | Q100: FALSE | R100: 1 | S100: TRUE | T100: fightbuff/ | U100: =VLOOKUP(B100,示例!$P:$Q,2,0) -> BaTi
...

Sheet 参数说明
A2: BuffData表 | F2: EffectData表
A4: Buff类型 | B4: Buff参数 | F4: 事件类型 | G4: 事件默认条件参数
A5: buffTypeInt | B5: exParamListStr | F5: eventTypeInt | G5: conditionParamListStr
A6: 1:修改战斗属性 | B6: 属性名称,数值公式;属性名称,数值公式;... | F6: 1:立即生效
A7: 2:技能储值 | B7: 技能id,数值类型,数值公式,额外参数 | C7: 数值类型：6:添加buff 8:添加effect 10:格挡体力消耗 | D7: 额外参数：数值类型6:初始buffId,数值类型8:初始effectId | F7: 2:战斗属性变化 | G7: 发生变化的属性名称,判断公式(可选)
A8: 3:添加Effect | B8: effectId | F8: 3:受击 | G8: 受击目标(0:自身,1:对方),判断公式(额外参数:伤害)(可选),是否为暴击伤害,(0:任意,1:是,2:否)(可选),是否为破格挡,(0:任意,1:是,2:否)(可选)
A9: 4:修改角色状态 | B9: 角色状态 | C9: 角色状态：1:霸体 2:无敌 3:火枪换弹加速 4:眩晕 | F9: 4:时间间隔 | G9: 间隔的时间
A10: 5:效果储值 | B10: 效果id,数值类型,数值公式 | C10: 数值类型：1:公式变量1 2:公式变量2 | F10: 5:击杀敌人 | G10: 是否为斩杀(0:任意,1:是,2:否)(可选)
A11: 6:修改技能属性 | B11: 技能id,属性名称,数值公式;技能id,属性名称,数值公式;... | C11: 属性名称:cd,真气消耗,体力消耗,气血消耗百分比,额外伤害,额外暴击几率 | F11: 6:获得buff | G11: buffId(0:任意 其他:buffId),是否debuff（0:任意,1:是,2否）(可选),buff来源(0:任意,1:自身,2:敌人)(可选)
A12: 7:修改飞行道具属性 | B12: 飞行道具id,属性名称,数值公式;飞行道具id,属性名称,数值公式;... | C12: 属性名称:额外外功伤害,额外内功伤害 | F12: 7:失去buff | G12: buffId,是否debuff(可选)
F13: 8:使用指定技能 | G13: 技能id(0:任意),技能类型(可选) | H13: 技能类型:0:任意 1:1技能 2:2技能 3:3技能 4:通式1 5:通式2 6:内功 7:轻功
F14: 9:切换动作状态 | G14: 新动作状态,旧动作状态(可选) | H14: 动作状态:0:任意,1:休闲,2:移动,3:轻击,4:重击,5:闪避,6:格挡,7:跳跃,8:跳击,9:爆气,10:受击,11:击飞,12:凌鸿剑势
F15: 10:吸血
F16: 11:真气溢出
F17: 12:受击伤害统计 | G17: 时间，目标伤害数值公式
F18: 13:buff数量变化 | G18: 是否debuff(可选)
F19: 14:战斗房间加载结束
F20: 15:角色死亡 | G20: 角色阵营(0:任意 1:玩家阵营 2:敌人阵营)(可选)
F21: 16:受击前 | G21: 受击目标(0:自身,1:对方)
F22: 17:未命中 | G22: 受击目标(0:自身,1:对方)
F23: 18:格挡攻击 | G23: 受击目标(0:自身,1:对方),是否为弹反(0:任意,1:是,2:否)(可选)
F25: effect公式通用参数:hp,当前体力,属性名称,公式变量1,公式变量2,debuff数量
F27: 条件类型 | G27: 条件参数
F28: conditionTypeInt | G28: conditionParamListStr
F29: 0:无条件
F30: 1:事件默认条件 | G30: 根据具体事件决定
F31: 2:战斗属性判断 | G31: 判断公式,判断目标(0:自身,1:对方)(可选)
F32: 3:概率判断 | G32: 数值公式
F33: 4:buff判断 | G33: BuffId,判断目标(可选),层数(可选)
F34: 5:技能判断 | G34: 技能id,技能类型(可选)
F35: 6:动作状态判断 | G35: 动作状态,判断目标(可选)
F36: 7:角色状态判断 | G36: 角色状态
F38: 动作类型 | G38: 动作参数
F39: actionTypeInt | G39: actionParamListStr
F40: 1:添加buff | G40: buffId,数值公式
F41: 2:移除buff | G41: buffId,数值公式(-1移除全部)
F42: 3:增加当前血量 | G42: 数值公式
... F48: 9:增加紫气值 | G48: 数值公式,持续时间
F49: 10:
F50: 11:增加关别值 | G50: 数值公式,持续时间
F51: 12:添加effect | G51: effectId
F52: 13:移除effect | G52: effectId
F53: 14:刷新内功护盾时间
F54: 15:反弹debuff
F55: 16:移除指定数量的debuff | G55: 数值公式
F56: 17:斩杀
F57: 18:替换技能 | G57: 旧技能id,新技能id
F58: 19:增加buff持续时间 | G58: buffId,持续时间
F59: 20:增加飞行道具buffId | G59: 飞行道具id,buff目标类型(0:自身,1:对方),buffId
F60: 21:增加技能当前冷却时间 | G60: 冷却时间,技能id(0:任意),技能类型(可选)
F61: 22:增加子弹数量 | G61: 数量
F62: 23:增加子弹容量 | G62: 额外容量
F63: 24:使用爆气
F64: 25:设置buff层数 | G64: buffId,数值公式

Sheet Sheet1
A1: 武学id | B1: 武学名 | C1: 武学类型 | D1: 所属门派 | E1: 所属内外攻 | F1: 默认状态 | G1: 各境界等级对应武学（从小到大排列，分号;隔开) | H1: 通用技能 | I1: 需解锁技能 | J1: 对应武器 | K1: 武学描述 | L1: Icon | M1: 智力水平对应AI，越前面战斗智力越高 | N1: 开放世界是否开放
A2: Id | B2: name | C2: tipType | D2: tipSect | E2: attackType | F2: DefatultState | G2: Skill | H2: NomalSkill | I2: lockSkill | J2: weapon | K2: des | L2: icon | M2: AIName | N2: open_would
A3: 101000 | B3: 拳掌通式 | C3: 拳掌 | D3: 江湖武学 | E3: 1 | F3: quan/Idle3 | G3: 1010001;1010002 | J3: 1 | K3: 江湖中流转的拳法武学通用招式。 | L3: 101000 | M3: AI_quan3_1,AI_quan3_2,AI_quan3_3 | N3: 1 | O3: 101000 | P3: 拳掌通式
A4: 101001 | B4: 千锻拳势 | C4: 拳掌 | D4: 江湖武学 | E4: 1 | F4: quan/Idle3 | G4: 1010101;1010102;1010103;1010104;1010105;1010106;1010107;1010108;1010109;1010110 | H4: 1010001;1010002 | J4: 1 | K4: 此拳法传闻出自篇古锻场残篇，拳势如锻锤，千锤百炼，筋骨运使玄妙刚猛，其势之威，再无其他拳法可堪相匹。 | L4: 101001 | M4: AI_quan3_1,AI_quan3_2,AI_quan3_3 | N4: 0 | O4: =A4 -> 101001 | P4: =B4 -> 千锻拳势
A5: 101002 | B5: 伏阳开碑拳 | C5: 拳掌 | D5: 江湖武学 | E5: 1 | F5: quan/Idle3 | G5: 1010201;1010202;1010203;1010204;1010205;1010206;1010207;1010208;1010209;1010210 | H5: 1010001;1010002 | J5: 1 | K5: 拳势破旭，如朝霞日晷，伏压四方，镇厌万物，非心思刚直，所求正道者难以大成。 | L5: 101002 | M5: AI_quan3_1,AI_quan3_2,AI_quan3_3 | N5: 0 | O5: =A5 -> 101002 | P5: =B5 -> 伏阳开碑拳
A6: 101003 | B6: 太极拳 | C6: 拳掌 | D6: 太和 | E6: 2 | F6: quan/Idle3 | G6: 1010301;1010302;1010303;1010304;1010305;1010306;1010307;1010308;1010309;1010310 | H6: 1010001;1010002 | J6: 1 | K6: 太和正法，真武太极，此拳法不拘门户之见，人人皆可修习，太极拳法自浅入深，以柔克刚，若然悟性心性不够，纵拳法天才亦难全尽其威。 | L6: 101003 | M6: AI_quan3_1,AI_quan3_2,AI_quan3_3 | N6: 1 | O6: =A6 -> 101003 | P6: =B6 -> 太极拳
A7: 102000 | B7: 单手轻刃通式 | C7: 单手轻刃 | D7: 江湖武学 | E7: 1 | F7: jian/Idle | G7: 1020001;1020002 | J7: 2 | K7: 江湖中流转的单手轻刃武学通用招式。 | L7: 102000 | M7: AI_Jian1_1,AI_Jian1_2,AI_Jian1_3 | N7: 1 | O7: 102000 | P7: 单手轻刃通式
A8: 102001 | B8: 凌鸿剑势 | C8: 单手轻刃 | D8: 江湖武学 | E8: 1 | F8: jian/Idle | G8: 1020201_1;1020202;1020203;1020204;1020205;1020206;1020207;1020208;1020209;1020210 | H8: 1020001;1020002 | I8: 1020201_2;1020201_3;1020201_2_2 | J8: 2 | K8: 惊鸿翩然，飞巧凌击，孤鸿之悲，何问归途，恩仇两别处，破甲三千里。 | L8: 102001 | M8: AI_Jian1_1,AI_Jian1_2,AI_Jian1_3 | N8: 1 | O8: =A8 -> 102001 | P8: =B8 -> 凌鸿剑势
A9: 102002 | B9: 清风剑法 | C9: 单手轻刃 | D9: 江湖武学 | E9: 1 | F9: jian/Idle2 | G9: 1020301;1020302;1020303;1020304;1020305;1020306;1020307;1020308;1020309;1020310 | H9: 1020001;1020002 | J9: 2 | K9: 清风快剑，迅疾无形，其势轻灵潇洒，据传由江湖前客江怀楚所创，后江怀楚身死于镇国卫，功法下落不明。 | L9: 102002 | M9: AI_Jian2_1,AI_Jian2_2,AI_Jian2_3 | N9: 1 | O9: =A9 -> 102002 | P9: =B9 -> 清风剑法
A10: 102003 | B10: 沧海观澜刀法 | C10: 单手轻刃 | D10: 天涯海阁 | E10: 1 | F10: jian/Idle3 | G10: 1020401;1020402;1020403;1020404;1020405;1020406;1020407;1020408;1020409;1020410 | H10: 1020001;1020002 | J10: 2 | K10: 天涯海阁所传刀法，为天涯海阁门主左三思凭海观澜所创，其势骤烈，似沧海浪涛。 | L10: 102003 | M10: AI_Jian3_1,AI_Jian3_2,AI_Jian3_3 | N10: 1 | O10: =A10 -> 102003 | P10: =B10 -> 沧海观澜刀法
A11: 102005 | B11: 两仪剑法 | C11: 单手轻刃 | D11: 太和 | E11: 2 | F11: jian/Idle | G11: 1020501;1020502;1020503;1020504;1020505;1020506;1020507;1020508;1020509;1020510 | H11: 1020001;1020002 | J11: 2 | K11: 太和剑法，谓阴阳之初分，定化两仪，囊含四宇，至真至纯，为道家剑法真传，其广博精妙，远非寻常江湖招式可比，但若然心性不诚，悟性不足，纵学其剑法之形亦是枉然。 | L11: 102005 | M11: AI_Jian1_1,AI_Jian1_2,AI_Jian1_3 | N11: 0 | O11: =A11 -> 102005 | P11: =B11 -> 两仪剑法
A12: 102006 | B12: 浮萍剑术 | C12: 单手轻刃 | D12: 江湖武学 | E12: 1 | F12: jian/Idle | G12: 1020601;1020602;1020603;1020604;1020605;1020606;1020607;1020608;1020609;1020610 | H12: 1020001;1020002 | J12: 2 | K12: 浮萍剑术描述 | L12: 102006 | M12: AI_Jian1_1,AI_Jian1_2,AI_Jian1_3 | N12: 0 | O12: =A12 -> 102006 | P12: =B12 -> 浮萍剑术
A13: 103000 | B13: 重刃通式 | C13: 重刃 | D13: 江湖武学 | E13: 1 | F13: zhongren/Idle | G13: 1030001;1030002 | J13: 3 | K13: 江湖中流转的重刃武学，招式如封似闭，重若千钧。 | L13: 103000 | M13: AI_zhongren_1,AI_zhongren_2,AI_zhongren_3 | N13: 1 | O13: 103000 | P13: 重刃通式
A14: 103001 | B14: 斩铁无锋卷 | C14: 重刃 | D14: 江湖武学 | E14: 1 | F14: zhongren/Idle | G14: 1030101;1030102;1030103;1030104;1030105;1030106;1030107;1030108;1030109;1030110 | H14: 1030001;1030002 | J14: 3 | K14: 重刃无锋，大巧不工，时名斩铁，以拙胜巧，何须奇技于侧，人剑为一，此身即斩。 | L14: 103001 | M14: AI_zhongren_1,AI_zhongren_2,AI_zhongren_3 | N14: 1 | O14: =A14 -> 103001 | P14: =B14 -> 斩铁无锋卷
A15: 104000 | B15: 长兵通式 | C15: 长兵 | D15: 江湖武学 | E15: 1 | F15: qiangfa/Idle | G15: 1040001;1040002;1040003 | J15: 4 | K15: 江湖中流转的长兵武学，招式大开大合，威势惊人，令人闻之生畏。 | L15: 104000 | M15: AI_qiangfa2_1,AI_qiangfa2_2,AI_qiangfa2_3 | N15: 1 | O15: 104000 | P15: 长兵通式
A16: 104001 | B16: 北顾枪法 | C16: 长兵 | D16: 江湖武学 | E16: 1 | F16: qiangfa/Idle | G16: 1040101;1040102;1040103;1040104;1040105;1040106;1040107;1040108;1040109;1040110 | H16: 1040001;1040002 | J16: 4 | K16: 过河之卒，何问北顾之机，此枪法出于行伍，暴烈霸道，其上所述皆为以命换命，以血相搏之法。 | L16: 104001 | M16: AI_qiangfa2_1,AI_qiangfa2_2,AI_qiangfa2_3 | N16: 0 | O16: =A16 -> 104001 | P16: =B16 -> 北顾枪法
A17: 104002 | B17: 玄黄入阵旌 | C17: 长兵 | D17: 江湖武学 | E17: 1 | F17: qiangfa/Idle | G17: 1040201;1040202;1040203;1040204;1040205;1040206;1040207;1040208;1040209;1040210 | H17: 1040001;1040002 | J17: 4 | K17: 有轩辕氏，玄血入阵，巡视四方，踏八荒而定九州，此为十方拜服之旌。 | L17: 104002 | M17: AI_qiangfa2_1,AI_qiangfa2_2,AI_qiangfa2_3 | N17: 1 | O17: =A17 -> 104002 | P17: =B17 -> 玄黄入阵旌
A18: 104003 | B18: 众相菩提杖 | C18: 长兵 | D18: 江湖武学 | E18: 1 | F18: qiangfa/Idle | G18: 1040301;1040302;1040303;1040304;1040305;1040306;1040307;1040308;1040309;1040310 | H18: 1040001;1040002 | J18: 4 | K18: 众生所在，皆为菩提化处，相空无异，唯慈悲常驻常守，无染凡境。 | L18: 104003 | M18: AI_qiangfa2_1,AI_qiangfa2_2,AI_qiangfa2_3 | N18: 1 | O18: =A18 -> 104003 | P18: =B18 -> 众相菩提杖
A19: 105000 | B19: 扇法通式 | C19: 扇子 | D19: 江湖武学 | E19: 2 | F19: shanzi/Idle | G19: 1050001;1050002 | J19: 5 | K19: 江湖中流转的扇法武学，招式潇洒灵动，却亦暗藏杀机。 | L19: 105000 | M19: AI_Shanzi1_1,AI_Shanzi1_2,AI_Shanzi1_3 | O19: 105000 | P19: 扇法通式
A20: 105001 | B20: 悲遮扇法 | C20: 扇子 | D20: 天涯海阁 | E20: 2 | F20: shanzi/Idle | G20: 1050101;1050102;1050103;1050104;1050105;1050106;1050107;1050108;1050109;1050110 | H20: 1050001;1050002 | J20: 5 | K20: 遗响而悲风，遮拦迷眼，文人风骨轻赋，此扇法出自天涯海阁，集百家之长，其式亦隐隐有文章凤姿所在。 | L20: 105001 | M20: AI_Shanzi1_1,AI_Shanzi1_2,AI_Shanzi1_3 | N20: 1 | O20: =A20 -> 105001 | P20: =B20 -> 悲遮扇法
A21: 106000 | B21: 暗器通式 | C21: 暗器 | D21: 江湖武学 | E21: 2 | F21: anqi/Idle | G21: 1060001;1060002 | J21: 6 | K21: 江湖中流转的暗器武学，其内杀机隐现，至阴至险。 | L21: 106000 | M21: AI_anqi_1,AI_anqi_2,AI_anqi_3 | N21: 1 | O21: 106000 | P21: 暗器通式
A22: 106001 | B22: 暴雨梨花刀 | C22: 暗器 | D22: 江湖武学 | E22: 2 | F22: anqi/Idle | G22: 1060101;1060102;1060103;1060104;1060105;1060106;1060107;1060108;1060109;1060110 | H22: 1060001;1060002 | J22: 6 | K22: 据传出自巴蜀唐门外门，虽为暗器飞刀，却亦属堂堂正正之术，出手时宛若梨花暴雨，难以暇接。 | L22: 106001 | M22: AI_anqi_1,AI_anqi_2,AI_anqi_3 | N22: 1 | O22: =A22 -> 106001 | P22: =B22 -> 暴雨梨花刀
A23: 109000 | B23: 腿脚通式 | C23: 腿脚 | D23: 江湖武学 | E23: 1 | F23: tui/Idle | G23: 1090001;1090002 | H23: 1090001;1090002 | J23: 9 | K23: 江湖中流转的腿法武学通用招式，其势刚劲阳猛。 | L23: 109000 | M23: AI_tui_1,AI_tui_2,AI_tui_3 | N23: 1 | O23: 109000 | P23: 腿脚通式
A24: 109001 | B24: 醉饮降龙无双式 | C24: 腿脚 | D24: 江湖武学 | E24: 1 | F24: tui/Idle | G24: 1090101;1090102;1090103;1090104;1090105;1090106;1090107;1090108;1090109;1090110 | H24: 1090001;1090002 | J24: 9 | K24: 半梦半醒，破灭颠倒梦想，人笑饮醉狂歌，岂知人世知音，无双降龙，国士之疏狂，当如是也！ | L24: 109001 | M24: AI_tui_1,AI_tui_2,AI_tui_3 | N24: 1 | O24: =A24 -> 109001 | P24: =B24 -> 醉饮降龙无双式
A25: 110000 | B25: 双手轻刃通式 | C25: 双手轻刃 | D25: 江湖武学 | E25: 1 | F25: shuangshouqingren/Idle | G25: 1100001;1100002 | J25: 10 | K25: 江湖中流转的双手轻刃武学通用招式，与中原武学迥异。 | L25: 110000 | M25: AI_shuangshouqingren_1,AI_shuangshouqingren_2,AI_shuangshouqingren_3 | N25: 1 | O25: 110000 | P25: 双手轻刃通式
A26: 110001 | B26: 无心流·拔刀术 | C26: 双手轻刃 | D26: 江湖武学 | E26: 1 | F26: shuangshouqingren/Idle | G26: 1100101;1100102;1100103;1100104;1100105;1100106;1100107;1100108;1100109;1100110 | H26: 1100001;1100002 | J26: 10 | K26: 记载了无心流拔刀术的技巧，其与中原武学迥然不同，除此以外，再无此招式的来历可考。 | L26: 110001 | M26: AI_shuangshouqingren_1,AI_shuangshouqingren_2,AI_shuangshouqingren_3 | N26: 1 | O26: =A26 -> 110001 | P26: =B26 -> 无心流·拔刀术
A27: 111000 | B27: 绳镖通式 | C27: 绳镖 | D27: 江湖武学 | E27: 1 | F27: shengbiao/Idle | G27: 1110001;1110002 | J27: 11 | K27: 缺少描述 | L27: 111000 | M27: AI_shengbiao_1,AI_shengbiao_2,AI_shengbiao_3 | N27: 1 | O27: 111000 | P27: 绳镖通式
A28: 111001 | B28: 流缶金绳镖 | C28: 绳镖 | D28: 江湖武学 | E28: 1 | F28: shengbiao/Idle | G28: 1110101;1110102;1110103;1110104;1110105;1110106;1110107;1110108;1110109;1110110 | H28: 1110001;1110002 | J28: 11 | K28: 缺少描述 | L28: 111001 | M28: AI_shengbiao_1,AI_shengbiao_2,AI_shengbiao_3 | N28: 1 | O28: =A28 -> 111001 | P28: =B28 -> 流缶金绳镖
A29: 115000 | B29: 短兵通式 | C29: 短兵 | D29: 江湖武学 | E29: 2 | F29: duanbing/Idle | G29: 1150001;1150002 | J29: 15 | K29: 江湖中流转的匕首武学通用招式。 | L29: =""&A29 -> 115000 | M29: AI_duanbing_1,AI_duanbing_2,AI_duanbing_3 | N29: 1 | O29: 115000 | P29: 短兵通式
A30: 115001 | B30: 七情缠蛊匕 | C30: 短兵 | D30: 五圣教 | E30: 2 | F30: duanbing/Idle | G30: 1150101;1150102;1150103;1150104;1150105;1150106;1150107;1150108;1150109;1150110 | H30: 1150001;1150002 | J30: 15 | K30: 五圣教秘传，专擅贴身短打，近斗搏杀，观势如情人悱恻，诡雅难明，然却阴狠莫辨，凶毒至极。 | L30: =""&A30 -> 115001 | M30: AI_duanbing_1,AI_duanbing_2,AI_duanbing_3 | N30: 1 | O30: =A30 -> 115001 | P30: =B30 -> 七情缠蛊匕
A31: 114000 | B31: 火器通式 | C31: 火器 | D31: 江湖武学 | E31: 1 | F31: huoqiang/Idle | G31: 1140001;1140002 | J31: 14 | K31: 江湖中流转的通用火器操持之法。 | L31: =""&A31 -> 114000 | M31: AI_huoqiang_1,AI_huoqiang_2,AI_huoqiang_3 | N31: 1 | O31: 114000 | P31: 火器通式
A32: 114001 | B32: 西域火器·珠 | C32: 火器 | D32: 江湖武学 | E32: 1 | F32: huoqiang/Idle | G32: 1140101;1140102;1140103;1140104;1140105;1140106;1140107;1140108;1140109;1140110 | H32: 1140001;1140002 | J32: 14 | K32: 西域传入的火器机关详解，内含火器养护、击发、拆解等诸多法门，精奥晦杂，难以言述。 | L32: =""&A32 -> 114001 | M32: AI_huoqiang_1,AI_huoqiang_2,AI_huoqiang_3 | N32: 1 | O32: =A32 -> 114001 | P32: =B32 -> 西域火器·珠
A33: 112000 | B33: 弓箭通式 | C33: 弓箭 | D33: 江湖武学 | E33: 1 | F33: gongjian/Idle | G33: 1120001;1120002 | J33: 12 | K33: 江湖中流转的弓箭操持之法。 | L33: =""&A33 -> 112000 | M33: AI_gongjian_1,AI_gongjian_2,AI_gongjian_3 | N33: 1 | O33: 112000 | P33: 弓箭通式
A34: 112001 | B34: 锋狩控弦决 | C34: 弓箭 | D34: 江湖武学 | E34: 1 | F34: gongjian/Idle | G34: 1120101;1120102;1120103;1120104;1120105;1120106;1120107;1120108;1120109;1120110 | H34: 1120001;1120002 | J34: 12 | K34: 尽载军阵所传弓弩操持之法，心体之术分而习练，方能百步穿杨，透石没簇。 | L34: =""&A34 -> 112001 | M34: AI_gongjian_1,AI_gongjian_2,AI_gongjian_3 | N34: 1 | O34: =A34 -> 112001 | P34: =B34 -> 锋狩控弦决
A35: 201001 | B35: 天涯月明章 | C35: 内功 | D35: 天涯海阁 | G35: 2010101;2010102;2010103;2010104;2010105;2010106;2010107;2010108 | J35: 7 | K35: 天涯海阁所传内功，据传为百十年前，一无名老者路途径三生石处所遗，其内招式浩然广博，深妙无穷。 | L35: 201001 | N35: 1 | O35: =A35 -> 201001 | P35: =B35 -> 天涯月明章
A36: 201002 | B36: 嗤魔祭血真经 | C36: 内功 | D36: 江湖武学 | G36: 2010201;2010202;2010203;2010204;2010205;2010206;2010207;2010208 | J36: 7 | K36: 此术据传为“刀祖”于红梅所秘藏之法，其上记述的功力奇诡怪诞，更兼残暴嗜虐，修习此术者无不难得善终。 | L36: 201002 | N36: 1 | O36: =A36 -> 201002 | P36: =B36 -> 嗤魔祭血真经
A37: 201003 | B37: 连珏天璧法 | C37: 内功 | D37: 江湖武学 | G37: 2010301;2010302;2010303;2010304;2010305;2010306;2010307;2010308 | J37: 7 | K37: 两禅寺新立，诸式流出，此心法亦是在少林分立之乱中传至江湖，后不知所踪，终不为人知。 | L37: 201003 | N37: 0 | O37: =A37 -> 201003 | P37: =B37 -> 连珏天璧法
A38: 201004 | B38: 玄黎蛊瘴 | C38: 内功 | D38: 江湖武学 | G38: 2010401;2010402;2010403;2010404;2010405;2010406;2010407;2010408 | J38: 7 | K38: 闻有仙人，经九劫而不死，终九厄而不灭，其身其形，似刑天舞戚，怒战不止，此内功亦为一处祭祀之地所现，是正是邪，犹未可知。 | L38: 201004 | N38: 0 | O38: =A38 -> 201004 | P38: =B38 -> 玄黎蛊瘴
A39: 201005 | B39: 三昧阿修罗道 | C39: 内功 | D39: 江湖武学 | G39: 2010501;2010502;2010503;2010504;2010505;2010506;2010507;2010508 | J39: 7 | K39: 世如火窟，人坐业火莲，夜日熬煎，明明三昧，诸法诸相空识，行灭世之法，曰大慈悲者，此为阿修罗道。 | L39: 201005 | N39: 0 | O39: =A39 -> 201005 | P39: =B39 -> 三昧阿修罗道
A40: 201006 | B40: 太素灵枢篇 | C40: 内功 | D40: 江湖武学 | G40: 2010601;2010602;2010603;2010604;2010605;2010606;2010607;2010608 | J40: 7 | K40: 太素之问无觅，医者之道独行，此灵枢一篇，悬壶济世，仅此便足。 | L40: 201006 | N40: 1 | O40: =A40 -> 201006 | P40: =B40 -> 太素灵枢篇
A41: 201007 | B41: 太玄混元经 | C41: 内功 | D41: 太和 | G41: 2010701;2010702;2010703;2010704;2010705;2010706;2010707;2010708 | J41: 7 | K41: 太玄冥冥，一气混元，玄之又玄，众妙之门，众法首章。 | L41: 201007 | N41: 0 | O41: =A41 -> 201007 | P41: =B41 -> 太玄混元经
A42: 201008 | B42: 悟玄参契 | C42: 内功 | D42: 江湖武学 | G42: 2010801;2010802;2010803;2010804;2010805;2010806;2010807;2010808 | J42: 7 | K42: 悟玄可通明，悟理方参契，此上心决古朴难明，似与昆仑天池隐有关联。 | L42: 201008 | N42: 0 | O42: =A42 -> 201008 | P42: =B42 -> 悟玄参契
A43: 201009 | B43: 吸星噬寰图 | C43: 内功 | D43: 江湖武学 | G43: 2010901;2010902;2010903;2010904;2010905;2010906;2010907;2010908 | J43: 7 | K43: 吸星而吞宇，噬寰而堙尘，此式霸道冠绝天下，远非寻常武学可比，但因其威势过烈，非大毅力之人难习至巅峰。 | L43: 201009 | N43: 0 | O43: =A43 -> 201009 | P43: =B43 -> 吸星噬寰图
A44: 201010 | B44: 湘竹葬兰书 | C44: 内功 | D44: 江湖武学 | G44: 2011001;2011002;2011003;2011004;2011005;2011006;2011007;2011008 | J44: 7 | K44: 湘妃洒泪成竹，流水无心葬兰，此书所载，既为武学，又似诗篇，其中悲切之意，难堪再语。 | L44: 201010 | N44: 0 | O44: =A44 -> 201010 | P44: =B44 -> 湘竹葬兰书
A45: 201011 | B45: 昭霞别册 | C45: 内功 | D45: 江湖武学 | G45: 2011101;2011102;2011103;2011104;2011105;2011106;2011107;2011108 | J45: 7 | K45: 世所罕见的内功心法，运使若朝霞漫天，云野四盖，紫气至处，万化皆消。 | L45: 201011 | N45: 0 | O45: =A45 -> 201011 | P45: =B45 -> 昭霞别册
A46: 201012 | B46: 禅音狮子吼 | C46: 内功 | D46: 江湖武学 | G46: 2011201;2011202;2011203;2011204;2011205;2011206;2011207;2011208 | J46: 7 | L46: =""&A46 -> 201012 | N46: 0 | O46: =A46 -> 201012 | P46: =B46 -> 禅音狮子吼
A47: 201013 | B47: 金钟护体罩 | C47: 内功 | D47: 江湖武学 | G47: 2011301;2011302;2011303;2011304;2011305;2011306;2011307;2011308 | J47: 7 | K47: 两禅寺新立，诸式流出，此心法亦是在少林分立之乱中传至江湖，后不知所踪，终不为人知。 | L47: 201013 | N47: 0 | O47: =A47 -> 201013 | P47: =B47 -> 金钟护体罩
A48: 201014 | B48: 太虚无极劲 | C48: 内功 | D48: 太和 | G48: 2011401;2011402;2011403;2011404;2011405;2011406;2011407;2011408 | J48: 7 | L48: =""&A48 -> 201014 | N48: 0 | O48: =A48 -> 201014 | P48: =B48 -> 太虚无极劲
A49: 201015 | B49: 霸王卸甲 | C49: 内功 | D49: 江湖武学 | G49: 2011501;2011502;2011503;2011504;2011505;2011506;2011507;2011508 | J49: 7 | L49: =""&A49 -> 201015 | N49: 0 | O49: =A49 -> 201015 | P49: =B49 -> 霸王卸甲
A50: 201016 | B50: 青囊宝钞 | C50: 内功 | D50: 江湖武学 | G50: 2011601;2011602;2011603;2011604;2011605;2011606;2011607;2011608 | J50: 7 | L50: =""&A50 -> 201016 | N50: 0 | O50: =A50 -> 201016 | P50: =B50 -> 青囊宝钞
A51: 201017 | B51: 饮情蛊 | C51: 内功 | D51: 五圣教 | G51: 2011701;2011702;2011703;2011704;2011705;2011706;2011707;2011708 | L51: =""&A51 -> 201017 | O51: =A51 -> 201017 | P51: =B51 -> 饮情蛊
A52: 301001 | B52: 步海阁 | C52: 轻功 | D52: 天涯海阁 | G52: 3010101;3010102;3010103;3010104;3010105;3010106;3010107;3010108 | J52: 8 | K52: 踏阁而步海，卧行而凌空，天涯海阁所传步法，潇洒灵动，独有文生气象。 | L52: 301001 | N52: 1 | O52: =A52 -> 301001 | P52: =B52 -> 步海阁
A53: 301002 | B53: 赶蝉游身环 | C53: 轻功 | D53: 江湖武学 | G53: 3010201;3010202;3010203;3010204;3010205;3010206;3010207;3010208 | J53: 8 | K53: 出自八卦的步法，行如游身，又谓游身八卦形，据传可八步黏蝉，不落身形。 | L53: 301002 | N53: 0 | O53: =A53 -> 301002 | P53: =B53 -> 赶蝉游身环
A54: 301003 | B54: 洄流身法 | C54: 轻功 | D54: 江湖武学 | G54: 3010301;3010302;3010303;3010304;3010305;3010306;3010307;3010308 | J54: 8 | K54: 如水如势，无常无行，其身法似洄流奔水，反复莫测，其所创之出处已不可考。 | L54: 301003 | N54: 0 | O54: =A54 -> 301003 | P54: =B54 -> 洄流身法
A55: 301004 | B55: 洛神踏雪步 | C55: 轻功 | D55: 江湖武学 | G55: 3010401;3010402;3010403;3010404;3010405;3010406;3010407;3010408 | J55: 8 | K55: 凌波微步，罗袜生尘，飘摇若雪，传闻有神女，轻移莲步，其姿轻盈，其法玄妙。 | L55: 301004 | N55: 0 | O55: =A55 -> 301004 | P55: =B55 -> 洛神踏雪步
A56: 301005 | B56: 晴梅花步 | C56: 轻功 | D56: 江湖武学 | G56: 3010501;3010502;3010503;3010504;3010505;3010506;3010507;3010508 | J56: 8 | K56: 步伐取自梅花寒香之意，独寒独蕴，实为江湖内不可多见之运步巧术。 | L56: 301005 | N56: 0 | O56: =A56 -> 301005 | P56: =B56 -> 晴梅花步
A57: 301006 | B57: 犰狳穿滚术 | C57: 轻功 | D57: 江湖武学 | G57: 3010601;3010602;3010603;3010604;3010605;3010606;3010607;3010608 | J57: 8 | K57: 此术来源已不可追，其以犰狳之形入武，穿纵滚翻，攻敌之不备，避寻常招式所不可避。 | L57: 301006 | N57: 1 | O57: =A57 -> 301006 | P57: =B57 -> 犰狳穿滚术
A58: 301007 | B58: 梯云纵 | C58: 轻功 | D58: 太和 | G58: 3010701;3010702;3010703;3010704;3010705;3010706;3010707;3010708 | J58: 8 | K58: 梯云而登青天，渺目浮云，可望得道之一字？ | L58: 301007 | N58: 0 | O58: =A58 -> 301007 | P58: =B58 -> 梯云纵
A59: 301008 | B59: 魍魉诡步 | C59: 轻功 | D59: 江湖武学 | G59: 3010801;3010802;3010803;3010804;3010805;3010806;3010807;3010808 | J59: 8 | K59: 十步杀一人，千里不留行，魍魉魑魅，步诡踏血。 | L59: 301008 | N59: 0 | O59: =A59 -> 301008 | P59: =B59 -> 魍魉诡步
A60: 301009 | B60: 燕纵步 | C60: 轻功 | D60: 江湖武学 | G60: 3010901;3010902;3010903;3010904;3010905;3010906;3010907;3010908 | J60: 8 | K60: 穿纵之燕，步身合一，纤巧破云，另有诸般变化寓中。 | L60: 301009 | N60: 0 | O60: =A60 -> 301009 | P60: =B60 -> 燕纵步
A61: 301010 | B61: 长亭远寄 | C61: 轻功 | D61: 江湖武学 | G61: 3011001;3011002;3011003;3011004;3011005;3011006;3011007;3011008 | J61: 8 | K61: 长亭古道，故乡月明俱远寄，人无归还，此情何书？ | L61: 301010 | N61: 0 | O61: =A61 -> 301010 | P61: =B61 -> 长亭远寄
A62: 301011 | B62: 凌波微步 | C62: 轻功 | D62: 江湖武学 | G62: 3011101;3011102;3011103;3011104;3011105;3011106;3011107;3011108 | L62: =""&A62 -> 301011 | N62: 0 | O62: =A62 -> 301011 | P62: =B62 -> 凌波微步
A63: 301012 | B63: 巫蟒堕月 | C63: 轻功 | D63: 五圣教 | G63: 3011201;3011202;3011203;3011204;3011205;3011206;3011207;3011208 | L63: =""&A63 -> 301012 | N63: 0 | O63: =A63 -> 301012 | P63: =B63 -> 巫蟒堕月
A64: 301013 | B64: 紫乌啸凤图 | C64: 轻功 | D64: 江湖武学 | G64: 3011301;3011302;3011303;3011304;3011305;3011306;3011307;3011308 | L64: =""&A64 -> 301013 | N64: 0 | O64: =A64 -> 301013 | P64: =B64 -> 紫乌啸凤图
A65: 301014 | B65: 撼山步 | C65: 轻功 | D65: 江湖武学 | G65: 3011401;3011402;3011403;3011404;3011405;3011406;3011407;3011408 | L65: =""&A65 -> 301014 | N65: 0 | O65: =A65 -> 301014 | P65: =B65 -> 撼山步
A66: 501001 | B66: 狼 | C66: 拳掌 | D66: 江湖武学 | F66: lang/Idle | G66: 5210001;5210002 | J66: 1 | K66: 狼牙撕咬，虽钻心刻骨，却并无技巧可言。 | L66: 501001 | M66: AI_lang_1,AI_lang_2,AI_lang_3 | N66: 0 | O66: =A66 -> 501001 | P66: =B66 -> 狼
A67: 501002 | B67: 蛇 | C67: 拳掌 | D67: 江湖武学 | F67: she/Idle | G67: 5310001 | J67: 1 | K67: 毒牙撕咬，内含剧毒，虽钻心刻骨，却并无技巧可言。 | L67: 501002 | M67: AI_she_1,AI_she_2,AI_she_3 | N67: 0 | O67: =A67 -> 501002 | P67: =B67 -> 蛇
A68: 501003 | B68: 动物内功 | C68: 内功 | D68: 江湖武学 | N68: 0 | O68: =A68 -> 501003 | P68: =B68 -> 动物内功
A69: 501004 | B69: 动物轻功 | C69: 轻功 | D69: 江湖武学 | N69: 0 | O69: =A69 -> 501004 | P69: =B69 -> 动物轻功
A70: 501005 | B70: 蛊人攻击 | C70: 拳掌 | D70: 江湖武学 | G70: 5510001 | J70: 1 | L70: 501005 | M70: AI_she_1,AI_she_2,AI_she_3 | N70: 0 | O70: =A70 -> 501005 | P70: =B70 -> 蛊人攻击
A71: 900000 | B71: 纵跃 | C71: 纵跃 | D71: 江湖武学 | G71: 9000001 | K71: 江湖中的纵跃法，双足鼎力，向上纵跃。 | L71: 900000 | N71: 0 | O71: =A71 -> 900000 | P71: =B71 -> 纵跃
A72: 904000 | B72: 长兵重击 | C72: 长兵 | D72: 江湖武学 | G72: 9040008 | J72: 4 | K72: 江湖中流转的扇法之重击，招式潇洒灵动，却亦暗藏杀机。 | L72: 904000 | N72: 1 | O72: =A72 -> 904000 | P72: =B72 -> 长兵重击
A73: 111000 | B73: 绳镖基础招式 | C73: 绳镖 | D73: 江湖武学 | F73: shengbiao/Idle | G73: 9110001;9110002;9110003 | H73: 9110011;9110012 | J73: 11 | K73: 江湖中流转的绳镖武学，多为诡门所习，令人防不胜防。 | L73: 111001 | M73: AI_shengbiao_1,AI_shengbiao_2,AI_shengbiao_3 | N73: 0 | O73: =A73 -> 111000 | P73: =B73 -> 绳镖基础招式
A74: 113001 | B74: 鳞五净蛊鞭 | C74: 软鞭 | D74: 五圣教 | E74: 1 | F74: ruanbian/Idle | G74: 1130101;1130102;1130103;1130104;1130105;1130106;1130107;1130108;1130109;1130110 | H74: 1130001;1130002 | J74: 13 | K74: 蛇，蝎，蟾，蜈，蛛为五圣鳞之灵，辅净蛊锻体，乃五圣教内秘传鞭法。 | L74: ="skill/"&A74 -> skill/113001 | M74: AI_huoqiang_1,AI_huoqiang_2,AI_huoqiang_3 | N74: 0 | O74: =A74 -> 113001 | P74: =B74 -> 鳞五净蛊鞭 | Q74: 4118 | R74: 4118
A75: 301015 | B75: 逆流十二身 | C75: 轻功 | D75: 江湖武学 | G75: 3011501;3011502;3011503;3011504;3011505;3011506;3011507;3011508 | J75: 8 | K75: 习武修身，若逆水而行，此身既至，何不逆流击水？ | L75: ="skill/"&A75 -> skill/301015 | N75: 0 | O75: =A75 -> 301015 | P75: =B75 -> 逆流十二身
A76: 201018 | B76: 支山祁 | C76: 内功 | D76: 江湖武学 | G76: 2011801;2011802;2011803;2011804;2011805;2011806;2011807;2011809 | J76: 7 | K76: 尧九年支祈为孽，应龙驱之淮阳山足下，其怨动山荡海。 | L76: ="skill/"&A76 -> skill/201018 | N76: 0 | O76: =A76 -> 201018 | P76: =B76 -> 支山祁

Sheet Sheet4
A1: 8020701 | B1: 槎枒寻梅 | C1: 敛英 | D1: 提升气血回复属性10% | E1: tricks/8020701
A2: 8020702 | B2: 槎枒寻梅 | C2: 銮客 | D2: 提升10％的移动速度 | E2: tricks/8020702
A3: 8060201 | B3: 羁离谱 | C3: 炼血 | D3: 进入战斗时，提升5％的移动速度 | E3: tricks/8060201
A4: 8060202 | B4: 羁离谱 | C4: 残筋 | D4: 降低【碎灯花】调息时间1秒 | E4: tricks/8060202
A5: 8010401 | B5: 神通剑指 | C5: 寥落 | D5: 招式【引星穹】调息降低1秒 | E5: tricks/8010401
A6: 8010402 | B6: 神通剑指 | C6: 束发 | D6: 招式【摘星寥】真气消耗降低1点 | E6: tricks/8010402
A7: 8100301 | B7: 弑流··伐剑取 | C7: 断绳 | D7: 降低【初取·攻伐】调息时间1秒 | E7: tricks/8100301
A8: 8100302 | B8: 弑流··伐剑取 | C8: 刀取 | D8: 进入战斗时，根据提升最终伤害5% | E8: tricks/8100302
A9: 8100401 | B9: 天威军阵刀术 | C9: 守土 | D9: 自身防御提升3%，进入战斗后反伤属性提升10% | E9: tricks/8100401
A10: 8100402 | B10: 天威军阵刀术 | C10: 开疆 | D10: 提升3%最终伤害，50点移动速度 | E10: tricks/8100402
A12: 8030203

Sheet Sheet2
A1: 动作ID | B1: 归属武学 | C1: 招式名称
A2: name | B2: WuxueName | C2: SkillName
A3: 1010001 | B3: 拳掌 | C3: 白猿托印
A4: 1010002 | B4: 拳掌 | C4: 如雷贯耳
A5: 1010101_1 | B5: 千锻拳势 | C5: 古锤-贯体
A6: 1010101_2 | B6: 千锻拳势 | C6: 古锤-贯体
A7: 1010101_3 | B7: 千锻拳势 | C7: 古锤-贯体
A8: 1010102 | B8: 千锻拳势 | C8: 百炼罡
A9: 1010103_1 | B9: 千锻拳势 | C9: 古锤-叠冲
A10: 1010103_2 | B10: 千锻拳势 | C10: 古锤-叠冲
A11: 1010104 | B11: 千锻拳势 | C11: 千锻守心
A12: 1010105 | B12: 千锻拳势 | C12: 古锤-锻终
A13: 1010106 | B13: 千锻拳势 | C13: 破新炉
A14: 1010107 | B14: 千锻拳势 | C14: 新炼-崩山
A15: 1010108 | B15: 千锻拳势 | C15: 新炼-断海
A16: 1010109 | B16: 千锻拳势 | C16: 破钢穹
A17: 1010110 | B17: 千锻拳势 | C17: 古叠复法
A18: 1010111 | B18: 千锻拳势 | C18: 破炉罡
A19: 1010201 | B19: 伏阳开碑拳 | C19: 旭烈万缕
A20: 1010202 | B20: 伏阳开碑拳 | C20: 中天诸悬
A21: 1010203 | B21: 伏阳开碑拳 | C21: 镇残碑
A22: 1010204 | B22: 伏阳开碑拳 | C22: 朝暮碎
... A42: 1020002 | B42: 单手轻刃 | C42: 贯日斩
A43: 1020201_1 | B43: 凌鸿剑势 | C43: 纵起惊鸿
A44: 1020201_2 | B44: 凌鸿剑势 | C44: 纵起惊鸿
A45: 1020201_2_2 | B45: 凌鸿剑势 | C45: 纵起惊鸿
A46: 1020201_3 | B46: 凌鸿剑势 | C46: 纵起惊鸿
A47: 1020202 | B47: 凌鸿剑势 | C47: 骋风图南
A48: 1020203 | B48: 凌鸿剑势 | C48: 物衍天行
A49: 1020204 | B49: 凌鸿剑势 | C49: 青扶意
A50: 1020205 | B50: 凌鸿剑势 | C50: 孤鸿照影
A51: 1020206 | B51: 凌鸿剑势 | C51: 振羽行
A52: 1020207 | B52: 凌鸿剑势 | C52: 何问南北
A53: 1020208 | B53: 凌鸿剑势 | C53: 雁归南返
A54: 1020209 | B54: 凌鸿剑势 | C54: 踏羽凌霄
A55: 1020210 | B55: 凌鸿剑势 | C55: 孤觅寒影
A56: 1020211 | B56: 凌鸿剑势 | C56: 掠远涯
A57: 1020301 | B57: 清风剑法 | C57: 风潇雨晦
A58: 1020302 | B58: 清风剑法 | C58: 游风皆引
... A215: 1100101 | B215: 无心流·拔刀术 | C215: 居·合
A216: 1100101_2 | B216: 无心流·拔刀术 | C216: 居·合
A217: 1100102 | B217: 无心流·拔刀术 | C217: 流·隙
A218: 1100103 | B218: 无心流·拔刀术 | C218: 刀术.里切
A219: 1100104 | B219: 无心流·拔刀术 | C219: 流·蛭丸
A220: 1100105 | B220: 无心流·拔刀术 | C220: 刀术.里返
A221: 1100106 | B221: 无心流·拔刀术 | C221: 流·烈
A222: 1100107 | B222: 无心流·拔刀术 | C222: 流·戮
A223: 1100108 | B223: 无心流·拔刀术 | C223: 流·凪
A224: 1100109 | B224: 无心流·拔刀术 | C224: 流·残心
A225: 1100110 | B225: 无心流·拔刀术 | C225: 奥义·双竜冥
A226: 1100111 | B226: 无心流·拔刀术 | C226: 升
A227: 1100201 | B227: 密剑·山中石响 | C227: 斩·断石
A228: 1100202 | B228: 密剑·山中石响 | C228: 响泉
... A908: 1130213 | B908: 掣骨金虹决 | C908: 诛骨断流虹

Sheet Sheet3
A1: 动作ID | B1: 归属武学 | C1: 招式名称 | E1: 所属类别 | F1: 所属亚类别 (武器类型) | G1: 境界要求 | H1: 对应武器 | I1: 武学性质 主动类型 | J1: 武学类型 | K1: 技能显示类似 | L1: 装配位置 | M1: 备注 | N1: 按键方式 | O1: 使用的技能效果 | P1: 散学类型 | Q1: 攻击距离 (这个字段战斗未使用) | R1: 属性提升 | S1: 招式效果 | U1: 效果组成公式 | V1: 内功效果组成公式 | X1: 招式描述 | Y1: 互斥组 | Z1: 互斥优先级 | AA1: 效果段数 (这个字段战斗未使用) | AB1: 效果目标 (这个字段战斗未使用) | AC1: 攻击附加状态(攻击的时候才会生效) | AD1: 状态持续时间(这个字段战斗未使用) | AE1: 消耗类型 | AF1: 消耗值 | AG1: 冷却时间 | AH1: 技能持续时间 | AI1: 增加内劲点 | AJ1: 受击方被击中增加内劲点 | AK1: 对应心诀 | AL1: 对应动作 | AM1: 共用CD动作 | AN1: 共用CD动作2 | AO1: 对应ICON | BA1: 招式描述
A2: name | B2: WuxueName | C2: SkillName | E2: AnimationType | F2: WeaponType | G2: attribute | H2: weapon | I2: ActiveType | J2: tipType | K2: ShowType | L2: EquipPos | O2: UseSkill | P2: SanxueName | Q2: AtkDistance | R2: SxTs | S2: EffectType | U2: Effect | V2: Effect2 | X2: Des | Y2: mutexGroup | Z2: mutexPriority | AB2: BuffTarget | AC2: Buff | AD2: BuffTime | AE2: CostType | AF2: cost | AG2: CD | AH2: sustainTime | AI2: addPoint | AJ2: BeaddPoint | AK2: XinJue | AL2: stateName | AM2: stateName2 | AN2: stateName3 | AO2: Icon | BA2: Des
A3: 1010001 | B3: 拳掌 | C3: 白猿托印 | D3: =IFERROR(VLOOKUP(B3,[4]招式!$B$2:$K$16,10,0),"不是技能") -> 不是技能 | E3: 武功 | F3: 拳掌 | G3: 1 | H3: 1 | I3: 主动 | J3: 江湖通式 | L3: 4 | M3: 主动技能：向前上方双掌斜推，攻击敌方下巴，把人托起 可中断普攻，敌浮空半人高 | Q3: 1 | R3: 0 | S3: 伤害 | T3: 1010001 | U3: 外功攻击*0.5 | V3: 内功攻击*0.5 | W3: =IFERROR(VLOOKUP(D3,[4]招式!$A:$H,5,0)&";"&VLOOKUP(D3,[4]招式!$A:$H,6,0),"0.5;0.5") -> 0.5;0.5 | X3: 主动招式：向前上方双掌斜推，攻击敌人下巴，把人托起，致使敌人浮空并造成外功攻击伤害和内功攻击伤害。可中断普通攻击强制施展。（影响属性：外功攻击，内功攻击） | AA3: 1 | AB3: 敌人 | AE3: 2 | AF3: 0 | AG3: 4 | AI3: 58 | AJ3: 39 | AL3: quan/Skill7 | AO3: tricks/1010001 | AP3: =A3 -> 1010001 | AQ3: =B3 -> 拳掌 | BA3: 主动招式：双掌向前上方斜推，猛击敌人下颌，造成内外功伤害并使其浮空。
A4: 1010002 | B4: 拳掌 | C4: 如雷贯耳 | D4: =IFERROR(VLOOKUP(B4,[4]招式!$B$2:$K$16,10,0),"不是技能") -> 不是技能 | E4: 武功 | F4: 拳掌 | G4: 1 | H4: 1 | I4: 主动 | J4: 江湖通式 | L4: 5 | M4: 集迅猛之势向前，聚势于一点，猛突贯破，对前方目标造成伤害 | Q4: 5 | R4: 0 | S4: 伤害 | T4: 1010002 | U4: 外功攻击*0.5 | V4: 内功攻击*0.5 | W4: =IFERROR(VLOOKUP(D4,[4]招式!$A:$H,5,0)&";"&VLOOKUP(D4,[4]招式!$A:$H,6,0),"0.5;0.5") -> 0.5;0.5 | X4: 主动招式：集迅猛之势向前，聚势于一点，猛突贯破，对前方目标造成外功攻击和内功攻击伤害。（影响属性：外功攻击，内功攻击） | AA4: 1 | AB4: 敌人 | AE4: 2 | AF4: 0 | AG4: 4 | AI4: 45 | AJ4: 32 | AL4: quan/Skill9 | AO4: tricks/1010002 | AP4: =A4 -> 1010002 | AQ4: =B4 -> 拳掌 | BA4: 主动招式：踏步趋前，聚势于掌心猛贯而出，对敌人造成外功伤害与内功伤害。
A5: 1010101_1 | B5: 千锻拳势 | C5: 古锤-贯体 | D5: =IFERROR(VLOOKUP(B5,[4]招式!$B$2:$K$16,10,0),"不是技能") -> 1 | E5: 武功 | F5: 拳掌 | G5: 1 | H5: 1 | I5: 主动 | J5: 武学总章 | L5: 1 | M5: 重拳冲击，猛击敌方腹部，造成{0}点伤害，在短暂间隔后爆发内劲，使目标倒地。 | R5: 0 | S5: 伤害 | T5: 1010101 | U5: ((1+武力*拳法系数*40*0.5)*(1.0/(1+0.5+0.5))*0.9+(外功攻击*0.9))*0.5 | V5: ((1+内息*拳法系数*40*0.5)*(1.0/(1+0.5+0.5))*0.1+(外功攻击*0.1))*1.1 | W5: =IFERROR(VLOOKUP(D5,[4]招式!$A:$H,5,0)&";"&VLOOKUP(D5,[4]招式!$A:$H,6,0),"1;1") -> 0.9;0.1 | X5: 主动招式：重拳冲击，猛击敌方腹部，造成大量外功攻击和部分内功攻击伤害，在短暂间隔后爆发内劲将敌人击倒。（影响属性：武力） | AB5: 敌人 | AE5: 1 | AF5: 1 | AG5: 5 | AI5: 39 | AJ5: 26 | AK5: 8010101;8010103 | AL5: quan/Skill1 | AO5: tricks/1010101 | AP5: =A5 -> 1010101_1 | AQ5: =B5 -> 千锻拳势 | BA5: 主动招式：势如雷霆，力若千钧，连续轰出三段猛击，造成外功伤害与部分内功伤害。武力越高，此招式效果越强。
A6: 1010101_2 | B6: 千锻拳势 | C6: 古锤-贯体 | D6: =IFERROR(VLOOKUP(B6,[4]招式!$B$2:$K$16,10,0),"不是技能") -> 1 | E6: 武功 | F6: 拳掌 | G6: 1 | H6: 1 | I6: 主动 | J6: 武学总章 | L6: 1 | M6: 古锤-贯体式开启二段攻击对敌人造成伤害。 | R6: 0 | S6: 伤害 | T6: 1010104 | U6: ((1+武力*拳法系数*40*0.5)*(1.0/(1+0.5+0.5))*0.9+(外功攻击*0.9))*0.8 | V6: ((1+内息*拳法系数*40*0.5)*(1.0/(1+0.5+0.5))*0.1+(外功攻击*0.1))*1.2 | W6: =IFERROR(VLOOKUP(D6,[4]招式!$A:$H,5,0)&";"&VLOOKUP(D6,[4]招式!$A:$H,6,0),"1;1") -> 0.9;0.1 | X6: （暂未实装）被动招式：古锤-贯体式开启二段攻击对敌人造成伤害。 | AA6: 2 | AB6: 自己 | AE6: 0 | AF6: 0 | AG6: 0 | AI6: 0 | AJ6: 0 | AK6: 0 | AL6: quan/Skill2 | AO6: tricks/1010104 | AP6: =A6 -> 1010101_2 | AQ6: =B6 -> 千锻拳势 | BA6: 主动招式：势如雷霆，力若千钧，可连续轰出三段猛击，造成外功伤害与部分内功伤害。武力越高，此招式效果越强。
A7: 1010101_3 | B7: 千锻拳势 | C7: 古锤-贯体 | D7: =IFERROR(VLOOKUP(B7,[4]招式!$B$2:$K$16,10,0),"不是技能") -> 1 | E7: 武功 | F7: 拳掌 | G7: 1 | H7: 1 | I7: 主动 | J7: 武学总章 | L7: 1 | M7: 古锤-贯体式开启三段攻击对敌人造成伤害。 | R7: 0 | S7: 伤害 | T7: 1010105 | U7: ((1+武力*拳法系数*40*0.5)*(1.0/(1+0.5+0.5))*0.9+(外功攻击*0.9))*1 | V7: ((1+内息*拳法系数*40*0.5)*(1.0/(1+0.5+0.5))*0.1+(外功攻击*0.1))*1.3 | W7: =IFERROR(VLOOKUP(D7,[4]招式!$A:$H,5,0)&";"&VLOOKUP(D7,[4]招式!$A:$H,6,0),"1;1") -> 0.9;0.1 | X7: （暂未实装）被动招式：古锤-贯体式开启三段攻击对敌人造成伤害。 | AA7: 3 | AB7: 自己 | AE7: 0 | AF7: 0 | AG7: 0 | AI7: 0 | AJ7: 0 | AK7: 0 | AL7: quan/Skill3 | AO7: tricks/1010105 | AP7: =A7 -> 1010101_3 | AQ7: =B7 -> 千锻拳势 | BA7: 主动招式：势如雷霆，力若千钧，可连续轰出三段猛击，造成外功伤害与部分内功伤害。武力越高，此招式效果越强。
A8: 1010102 | B8: 千锻拳势 | C8: 百炼罡 | D8: =IFERROR(VLOOKUP(B8,[4]招式!$B$2:$K$16,10,0),"不是技能") -> 1 | E8: 武功 | F8: 拳掌 | G8: 1 | H8: 1 | I8: 被动 | J8: 武学注解 | L8: 1 | M8: 古锤-贯体式开启二段攻击对敌人造成伤害。 | R8: 0 | S8: 伤害 | T8: 1010104 | W8: =IFERROR(VLOOKUP(D8,[4]招式!$A:$H,5,0)&";"&VLOOKUP(D8,[4]招式!$A:$H,6,0),"1;1") -> 0.9;0.1 | X8: （暂未实装）被动招式：角色的普攻伤害提升10%。 | AA8: 2 | AB8: 自己 | AE8: 0 | AF8: 0 | AG8: 0 | AI8: 0 | AJ8: 0 | AK8: 0 | AO8: tricks/1010104 | AP8: =A8 -> 1010102 | AQ8: =B8 -> 千锻拳势 | BA8: 轻击外功攻击提升10%。
A9: 1010103_1 | B9: 千锻拳势 | C9: 古锤-叠冲 | D9: =IFERROR(VLOOKUP(B9,[4]招式!$B$2:$K$16,10,0),"不是技能") -> 1 | E9: 武功 | F9: 拳掌 | G9: 1 | H9: 1 | I9: 主动 | J9: 武学总章 | L9: 2 | M9: 古锤-贯体式施展后{0}秒内可以施展，追击敌方目标，造成{0}点伤害，在短暂间隔后爆发内劲，使目标倒地。 | R9: 0 | S9: 伤害 | T9: 1010102 | U9: ((1+武力*拳法系数*40*0.5)*(0.5/(1+0.5+0.5))*0.9+(外功攻击*0.9))*0.8 | V9: ((1+内息*拳法系数*40*0.5)*(0.5/(1+0.5+0.5))*0.1+(外功攻击*0.1))*1.3 | W9: =IFERROR(VLOOKUP(D9,[4]招式!$A:$H,5,0)&";"&VLOOKUP(D9,[4]招式!$A:$H,6,0),"1;1") -> 0.9;0.1 | X9: 主动招式：向前冲刺一段距离左手出拳攻击敌人，造成大量外功攻击和部分内功攻击伤害，在短暂间隔后爆发内劲会将敌人击倒。（影响属性：武力） | AB9: 敌人 | AE9: 1 | AF9: 1 | AG9: 4 | AI9: 39 | AJ9: 26 | AK9: 8010102 | AL9: quan/Skill4 | AO9: tricks/1010102 | AP9: =A9 -> 1010103_1 | AQ9: =B9 -> 千锻拳势 | BA9: 主动招式：拳出如锤，迅猛无铸，持续按键可连续轰出两段猛击，造成外功伤害与部分内功伤害。武力越高，此招式效果越强。
A10: 1010103_2 | B10: 千锻拳势 | C10: 古锤-叠冲 | D10: =IFERROR(VLOOKUP(B10,[4]招式!$B$2:$K$16,10,0),"不是技能") -> 1 | E10: 武功 | F10: 拳掌 | G10: 1 | H10: 1 | I10: 主动 | J10: 武学总章 | L10: 2 | M10: 古锤-叠浪式开启二段 | R10: 0 | S10: 伤害 | T10: 1010106 | U10: ((1+武力*拳法系数*40*0.5)*(0.5/(1+0.5+0.5))*0.9+(外功攻击*0.9))*0.9 | V10: ((1+内息*拳法系数*40*0.5)*(0.5/(1+0.5+0.5))*0.1+(外功攻击*0.1))*1.4 | W10: =IFERROR(VLOOKUP(D10,[4]招式!$A:$H,5,0)&";"&VLOOKUP(D10,[4]招式!$A:$H,6,0),"1;1") -> 0.9;0.1 | X10: 被动招式：古锤-叠冲开启二段 | AA10: 2 | AB10: 自己 | AE10: 0 | AF10: 0 | AG10: 0 | AI10: 0 | AJ10: 0 | AK10: 0 | AL10: quan/Skill5 | AO10: tricks/1010106 | AP10: =A10 -> 1010103_2 | AQ10: =B10 -> 千锻拳势 | BA10: 主动招式：拳出如锤，迅猛无铸，持续按键可连续轰出两段猛击，造成外功伤害与部分内功伤害。武力越高，此招式效果越强。
A11: 1010104 | B11: 千锻拳势 | C11: 千锻守心 | D11: =IFERROR(VLOOKUP(B11,[4]招式!$B$2:$K$16,10,0),"不是技能") -> 1 | E11: 武功 | F11: 拳掌 | G11: 2 | H11: 1 | I11: 被动 | J11: 武学注解 | M11: 古锤-贯体式开启三段攻击对敌人造成伤害。 | R11: 0 | S11: 伤害 | T11: 1010105 | W11: =IFERROR(VLOOKUP(D11,[4]招式!$A:$H,5,0)&";"&VLOOKUP(D11,[4]招式!$A:$H,6,0),"1;1") -> 0.9;0.1 | X11: （暂未实装）被动招式：古锤-锻终式有（30%+内息*系数）几率造成额外50%外功攻击伤害 | AA11: 3 | AB11: 自己 | AE11: 0 | AF11: 0 | AG11: 0 | AI11: 0 | AJ11: 0 | AK11: 0 | AO11: tricks/1010105 | AP11: =A11 -> 1010104 | AQ11: =B11 -> 千锻拳势 | BA11: 【古锤-锻终】施展后有几率触发【守心】效果（影响属性：身法）：对目标额外造成5%招式伤害
A12: 1010105 | B12: 千锻拳势 | C12: 古锤-锻终 | D12: =IFERROR(VLOOKUP(B12,[4]招式!$B$2:$K$16,10,0),"不是技能") -> 1 | E12: 武功 | F12: 拳掌 | G12: 1 | H12: 1 | I12: 主动 | J12: 武学总章 | L12: 3 | M12: 古锤-叠冲式施展后{0}秒内可以施展，追击敌方目标，造成{0}点伤害，对目标造成击飞效果。 | R12: 0 | S12: 伤害 | T12: 1010103 | U12: (1+武力*拳法系数*40*0.5)*(0.5/(1+0.5+0.5))*0.9+(外功攻击*0.9) | V12: (1+内息*拳法系数*40*0.5)*(0.5/(1+0.5+0.5))*0.1+(外功攻击*0.1)*1.1 | W12: =IFERROR(VLOOKUP(D12,[4]招式!$A:$H,5,0)&";"&VLOOKUP(D12,[4]招式!$A:$H,6,0),"1;1") -> 0.9;0.1 | X12: 主动招式：用肩膀撞击敌人，造成大量外功攻击和部分内功攻击伤害，在短暂间隔后爆发内劲会将敌人击飞。（影响属性：武力） | AB12: 敌人 | AE12: 1 | AF12: 1 | AG12: 4 | AI12: 39 | AJ12: 26 | AK12: 8010101 | AL12: quan/Skill6 | AO12: tricks/1010103 | AP12: =A12 -> 1010105 | AQ12: =B12 -> 千锻拳势 | BA12: 主动招式：身形如箭，踏步藏身，以肩破敌。造成外功伤害与部分内功伤害。武力越高，此招式效果越强。
A13: 1010106 | B13: 千锻拳势 | C13: 破新炉 | D13: =IFERROR(VLOOKUP(B13,[4]招式!$B$2:$K$16,10,0),"不是技能") -> 1 | E13: 武功 | F13: 拳掌 | G13: 3 | H13: 1 | I13: 被动 | J13: 武学注解 | M13: 古锤-叠浪式开启二段 | R13: 0 | S13: 伤害 | T13: 1010106 | W13: =IFERROR(VLOOKUP(D13,[4]招式!$A:$H,5,0)&";"&VLOOKUP(D13,[4]招式!$A:$H,6,0),"1;1") -> 0.9;0.1 | X13: （暂未实装）被动招式：施展古锤-锻终式有（10%+内息*系数）概率获得BUFF【烈炉】，效果持续2秒，施展招式【新炼-崩山】时必定造成暴击伤害。。 | AA13: 2 | AB13: 自己 | AE13: 0 | AF13: 0 | AG13: 0 | AI13: 0 | AJ13: 0 | AK13: 0 | AO13: tricks/1010106 | AP13: =A13 -> 1010106 | AQ13: =B13 -> 千锻拳势 | BA13: 施展【古锤-锻终】时，使用者有概率获得【烈炉】效果，具有此效果时，施展招式【古锤-叠冲】时必定造成暴击。该效果持续三秒，身法越高，触发【烈炉】效果几率越大。
A14: 1010107 | B14: 千锻拳势 | C14: 新炼-崩山 | D14: =IFERROR(VLOOKUP(B14,[4]招式!$B$2:$K$16,10,0),"不是技能") -> 1 | E14: 武功 | F14: 拳掌 | G14: 4 | H14: 1 | I14: 被动 | J14: 武学注解 | M14: 古锤-贯体式三段攻击施展时有{0}概率附带【烈炉】效果，3秒内使用古锤-叠浪式攻击必暴击。 | R14: 0 | S14: 增加buff | T14: 1010107 | W14: =IFERROR(VLOOKUP(D14,[4]招式!$A:$H,5,0)&";"&VLOOKUP(D14,[4]招式!$A:$H,6,0),"1;1") -> 0.9;0.1 | X14: （暂未实装）被动招式：造成外功伤害后，获得1层【增伤】效果，提升3%外功攻击力，持续3秒，此效果最高可叠加（3）层。 | AB14: 自己 | AE14: 0 | AF14: 0 | AG14: 0 | AI14: 0 | AJ14: 0 | AK14: 0 | AO14: tricks/1010107 | AP14: =A14 -> 1010107 | AQ14: =B14 -> 千锻拳势 | BA14: 造成伤害后，使用者获得一层【崩山】效果，此效果可根据使用者自身属性额外提升3%外功攻击，该效果持续三秒，最高可叠加三层。
A15: 1010108 | B15: 千锻拳势 | C15: 新炼-断海 | D15: =IFERROR(VLOOKUP(B15,[4]招式!$B$2:$K$16,10,0),"不是技能") -> 1 | E15: 武功 | F15: 拳掌 | G15: 5 | H15: 1 | I15: 被动 | J15: 武学注解 | M15: 古锤-叠浪式二段攻击后，3秒内施展古锤-终锻式有{0}概率额外增加100%伤害。 | R15: 0 | S15: 增加buff | T15: 1010108 | W15: =IFERROR(VLOOKUP(D15,[4]招式!$A:$H,5,0)&";"&VLOOKUP(D15,[4]招式!$A:$H,6,0),"1;1") -> 0.9;0.1 | X15: （暂未实装）被动招式：古锤-叠浪式二段攻击后，3秒内施展古锤-锻终式有概率额外增加10%外功攻击伤害。（影响属性：身法） | AB15: 自己 | AE15: 0 | AF15: 0 | AG15: 0 | AI15: 0 | AJ15: 0 | AK15: 0 | AO15: tricks/1010108 | AP15: =A15 -> 1010108 | AQ15: =B15 -> 千锻拳势 | BA15: 施展【古锤-贯体】后，三秒内施展【古锤-锻终】有概率获得10%的外功攻击提升，该效果持续三秒。身法越高，该招式触发效果的概率越高。
A16: 1010109 | B16: 千锻拳势 | C16: 破钢穹 | D16: =IFERROR(VLOOKUP(B16,[4]招式!$B$2:$K$16,10,0),"不是技能") -> 1 | E16: 武功 | F16: 拳掌 | G16: 6 | H16: 1 | I16: 被动 | J16: 武学注解 | M16: 古锤-终锻式释放后，5秒内提升拳法轻击和重击的伤害10%。 | R16: 0 | S16: 增加buff | T16: 1010109 | W16: =IFERROR(VLOOKUP(D16,[4]招式!$A:$H,5,0)&";"&VLOOKUP(D16,[4]招式!$A:$H,6,0),"1;1") -> 0.9;0.1 | X16: （暂未实装）被动招式：古锤-终锻式释放后，5秒内提升拳法轻击和重击的伤害5%。 | AB16: 自己 | AE16: 0 | AF16: 0 | AG16: 0 | AI16: 0 | AJ16: 0 | AK16: 0 | AO16: tricks/1010109 | AP16: =A16 -> 1010109 | AQ16: =B16 -> 千锻拳势 | BA16: 施展【古锤-锻终】后，五秒内，提升5％拳法轻击造成的外功攻击
A17: 1010110 | B17: 千锻拳势 | C17: 古叠复法 | D17: =IFERROR(VLOOKUP(B17,[4]招式!$B$2:$K$16,10,0),"不是技能") -> 1 | E17: 武功 | F17: 拳掌 | G17: 7 | H17: 1 | I17: 被动 | J17: 武学注解 | M17: 每次施展技能【古锤-贯体式】会获得1层【锤炼】效果。每一层提高2%攻击力持续10秒，最高可以叠加10层。 | R17: 0 | S17: 增加buff | T17: 1010110 | W17: =IFERROR(VLOOKUP(D17,[4]招式!$A:$H,5,0)&";"&VLOOKUP(D17,[4]招式!$A:$H,6,0),"1;1") -> 0.9;0.1 | X17: （暂未实装）被动招式：每次施展招式【古锤-贯体式】会获得1层【锤炼】效果。每一层提高2%外功攻击持续10秒，最高可以叠加10层。 | AB17: 自己 | AE17: 0 | AF17: 0 | AG17: 0 | AI17: 0 | AJ17: 0 | AK17: 0 | AO17: tricks/1010110 | AP17: =A17 -> 1010110 | AQ17: =B17 -> 千锻拳势 | BA17: 【古锤-贯体】第一段若对敌人造成伤害，使用者获得一层【锤炼】效果。具有此效果时，提升2%外功攻击，该效果持续十秒，最高可叠加十层。
A18: =A17+1 -> 1010111 | B18: =B17 -> 千锻拳势 | C18: 破炉罡 | D18: =IFERROR(VLOOKUP(B18,[4]招式!$B$2:$K$16,10,0),"不是技能") -> 1 | E18: 武功 | F18: 拳掌 | G18: 1 | H18: 1 | I18: 主动 | J18: 武学总章 | L18: 1 | M18: 对前方目标造成迅速的（4）次伤害，每段造成{0}点伤害。 消耗：（5）点真气。 攻击部位：（胸腹） 冷却时间：（9s） | R18: 0 | S18: 伤害 | T18: 1010201 | U18: ((1+武力*拳法系数*40*0.5)*(1.5/(1.5+1+1))*0.5+(外功攻击*0.5))*0.6 | V18: ((1+内息*拳法系数*40*0.5)*(1.5/(1.5+1+1))*0.5+(内功攻击*0.5))*0.6 | W18: =IFERROR(VLOOKUP(D18,[4]招式!$A:$H,5,0)&";"&VLOOKUP(D18,[4]招式!$A:$H,6,0),"1;1") -> 0.9;0.1 | X18: 主动招式：对敌人造成4段外功攻击伤害和内功攻击伤害。（影响属性：武力，内息） | AB18: 敌人 | AE18: 1 | AF18: 1 | AG18: 5 | AI18: 39 | AJ18: 26 | AL18: quan/Skill10 | AO18: tricks/1010201 | AP18: =A18 -> 1010111 | AQ18: =B18 -> 千锻拳势 | BA18: 进入战斗后,武力属性增加3点
A19: 1010112 | B19: 千锻拳势 | C19: 覆锤古法 | AP19: =A19 -> 1010112 | AQ19: =B19 -> 千锻拳势
A20: 1010113 | B20: 千锻拳势 | C20: 震炉拳意 | AP20: =A20 -> 1010113 | AQ20: =B20 -> 千锻拳势
A21: 1010201 | B21: 伏阳开碑拳 | C21: 旭烈万缕 | D21: =IFERROR(VLOOKUP(B21,[4]招式!$B$2:$K$16,10,0),"不是技能") -> 2 | E21: 武功 | F21: 拳掌 | G21: 1 | H21: 1 | I21: 被动 | J21: 武学注解 | M21: 施展招式【旭烈万缕】时，有（50%+身法*系数/当前境界）的几率自动释放此招式，对目标造成{0}点伤害。 | R21: 0 | S21: 增加buff | T21: 1010202 | W21: =IFERROR(VLOOKUP(D21,[4]招式!$A:$H,5,0)&";"&VLOOKUP(D21,[4]招式!$A:$H,6,0),"1;1") -> 0.5;0.5 | X21: （暂未实装）被动招式：施展招式【旭烈万缕】时，有{0}概率额外增加5%点外功攻击伤害5％内功攻击伤害。（影响属性：身法） | AB21: 自己 | AE21: 0 | AO21: tricks/1010202 | AP21: =A21 -> 1010201 | AQ21: =B21 -> 伏阳开碑拳 | BA21: 主动招式：势如炎阳，炽热刚猛。对敌人连续攻出五段猛击，造成外功伤害与内功伤害并使其浮空。武力与内息越高，该招式效果越强。
A22: 1010202 | B22: 伏阳开碑拳 | C22: 中天诸悬 | D22: =IFERROR(VLOOKUP(B22,[4]招式!$B$2:$K$16,10,0),"不是技能") -> 2 | E22: 武功 | F22: 拳掌 | G22: 1 | H22: 1 | I22: 主动 | J22: 武学总章 | L22: 2 | M22: 骤起膝击，对目标{0}点伤害，若成功命中目标，则自动追加后续2次攻击，分别造成{0}点，与{0}点伤害，此技能可中断普通攻击，强制施展。 消耗：（3）点真气。 攻击部位：（胸腹） 冷却时间：（9s） | R22: 0 | S22: 伤害 | T22: 1010203 | U22: ((1+武力*拳法系数*40*0.5)*(1/(1.5+1+1))*0.5+(外功攻击*0.5))*0.7 | V22: ((1+内息*拳法系数*40*0.5)*(1/(1.5+1+1))*0.5+(内功攻击*0.5))*0.7 | W22: =IFERROR(VLOOKUP(D22,[4]招式!$A:$H,5,0)&";"&VLOOKUP(D22,[4]招式!$A:$H,6,0),"1;1") -> 0.5;0.5 | X22: 主动招式：骤起膝击，对目标造成外功攻击伤害和内功攻击伤害，此招式可中断普通攻击。（影响属性：武力，内息） | AB22: 敌人 | AE22: 1 | AF22: 1 | AG22: 4 | AI22: 39 | AJ22: 26 | AL22: quan/Skill11 | AO22: tricks/1010203 | AP22: =A22 -> 1010202 | AQ22: =B22 -> 伏阳开碑拳 | BA22: 施展【旭烈万缕】时，有几率获得【中天】效果，具有此效果时，提升5%外功攻击和内功攻击，该效果持续五秒。身法越高，该招式效果越强。
A23: 1010203 | B23: 伏阳开碑拳 | C23: 镇残碑 | D23: =IFERROR(VLOOKUP(B23,[4]招式!$B$2:$K$16,10,0),"不是技能") -> 2 | E23: 武功 | F23: 拳掌 | G23: 2 | H23: 1 | I23: 被动 | J23: 武学注解 | M23: 施展招式【镇残碑】后，下一次普通攻击造成破防效果。 | R23: 0 | S23: 增加buff | T23: 1010204 | W23: =IFERROR(VLOOKUP(D23,[4]招式!$A:$H,5,0)&";"&VLOOKUP(D23,[4]招式!$A:$H,6,0),"1;1") -> 0.5;0.5 | X23: （暂未实装）被动招式：施展招式【镇残碑】后，下一次普通攻击造成【破防】效果，该效果降低目标的外功防御20%。 | AB23: 自己 | AE23: 0 | AO23: tricks/1010204 | AP23: =A23 -> 1010203 | AQ23: =B23 -> 伏阳开碑拳 | BA23: 主动招式：旋身起膝，锐猛难当，对目标造成外功伤害与内功伤害，可中断轻击招式强制施展。武力与内息越高，该招式效果越强。
A24: 1010204 | B24: 伏阳开碑拳 | C24: 朝暮碎 | D24: =IFERROR(VLOOKUP(B24,[4]招式!$B$2:$K$16,10,0),"不是技能") -> 2 | E24: 武功 | F24: 拳掌 | G24: 1 | H24: 1 | I24: 主动 | J24: 武学总章 | L24: 3 | M24: 向前下方肘击，对目标{0}点伤害，反转侧身肘击，再对目标{0}点伤害。 消耗：（3）点真气。 攻击部位：（胸腹） 冷却时间：（9s） 可中断普通攻击 | R24: 0 | S24: 伤害 | T24: 1010205 | U24: ((1+武力*拳法系数*40*0.5)*(1/(1.5+1+1))*0.5+(外功攻击*0.5))*0.6 | V24: ((1+内息*拳法系数*40*0.5)*(1/(1.5+1+1))*0.5+(内功攻击*0.5))*0.6 | W24: =IFERROR(VLOOKUP(D24,[4]招式!$A:$H,5,0)&";"&VLOOKUP(D24,[4]招式!$A:$H,6,0),"1;1") -> 0.5;0.5 | X24: 主动招式：向前下方肘击，后反转侧身在次肘击，再对目标造成外功攻伤害和内功攻击伤害。（影响属性：武力，内息） | AB24: 敌人 | AE24: 1 | AF24: 1 | AG24: 4 | AI24: 39 | AJ24: 26 | AL24: quan/Skill12 | AO24: tricks/1010205 | AP24: =A24 -> 1010204 | AQ24: =B24 -> 伏阳开碑拳 | BA24: 施展【镇残碑】后5秒内，下一次轻击对敌人附加【破防】效果，具有此效果时，外功防御降低20%。
A25: 1010205 | B25: 伏阳开碑拳 | C25: 伏邪诛阳 | D25: =IFERROR(VLOOKUP(B25,[4]招式!$B$2:$K$16,10,0),"不是技能") -> 2 | E25: 武功 | F25: 拳掌 | G25: 3 | H25: 1 | I25: 被动 | J25: 武学注解 | M25: 每次施展招式【中天诸悬】后，下一次施展【伏邪诛阳】时获得霸体状态。 | R25: 0 | S25: 增加buff | T25: 1010206 | W25: =IFERROR(VLOOKUP(D25,[4]招式!$A:$H,5,0)&";"&VLOOKUP(D25,[4]招式!$A:$H,6,0),"1;1") -> 0.5;0.5 | X25: （暂未实装）被动招式：每次施展招式【中天诸悬】后，下一次施展【伏邪诛阳】时获得霸体状态。 | AB25: 自己 | AE25: 0 | AO25: tricks/1010206 | AP25: =A25 -> 1010205 | AQ25: =B25 -> 伏阳开碑拳 | BA25: 主动招式：动若炎雷，破云贯日，造成外功伤害与内功伤害。武力与内息越高，该招式效果越强。
A26: 1010206 | B26: 伏阳开碑拳 | C26: 射日引 | D26: =IFERROR(VLOOKUP(B26,[4]招式!$B$2:$K$16,10,0),"不是技能") -> 2 | E26: 武功 | F26: 拳掌 | G26: 4 | H26: 1 | I26: 被动 | J26: 武学注解 | M26: 每次施展招式【伏邪诛阳】后，提升招式【镇残碑】20%的命中率。 | R26: 0 | S26: 增加buff | T26: 1010207 | W26: =IFERROR(VLOOKUP(D26,[4]招式!$A:$H,5,0)&";"&VLOOKUP(D26,[4]招式!$A:$H,6,0),"1;1") -> 0.5;0.5 | X26: （暂未实装）被动招式：招式【伏邪诛阳】每一击额外造成（20%）外功攻击力的伤害。 | AB26: 自己 | AE26: 0 | AO26: tricks/1010207 | AP26: =A26 -> 1010206 | AQ26: =B26 -> 伏阳开碑拳 | BA26: 施展【旭烈万缕】后，两秒内施展【伏邪诛阳】，可在施展时获得【霸体】效果。
A27: 1010207 | B27: 伏阳开碑拳 | C27: 余晖尽 | D27: =IFERROR(VLOOKUP(B27,[4]招式!$B$2:$K$16,10,0),"不是技能") -> 2 | E27: 武功 | F27: 拳掌 | G27: 5 | H27: 1 | I27: 被动 | J27: 武学注解 | M27: 招式【镇残碑】每次造成暴击伤害时，减少招式【伏邪诛阳】（1）秒CD。 | R27: 0 | S27: 增加buff | T27: 1010208 | W27: =IFERROR(VLOOKUP(D27,[4]招式!$A:$H,5,0)&";"&VLOOKUP(D27,[4]招式!$A:$H,6,0),"1;1") -> 0.5;0.5 | X27: （暂未实装）被动招式：招式【镇残碑】每次造成暴击伤害时，减少招式【伏邪诛阳】（1）秒调息时间。 | AB27: 自己 | AE27: 0 | AO27: tricks/1010208 | AP27: =A27 -> 1010207 | AQ27: =B27 -> 伏阳开碑拳 | BA27: 施展【伏邪诛阳】时，获得10%的外功攻击提升，该效果持续三秒。
A28: 1010208 | B28: 伏阳开碑拳 | C28: 破残开碑 | D28: =IFERROR(VLOOKUP(B28,[4]招式!$B$2:$K$16,10,0),"不是技能") -> 2 | E28: 武功 | F28: 拳掌 | G28: 6 | H28: 1 | I28: 被动 | J28: 武学注解 | M28: 招式【伏邪诛阳】施展时，若处于霸体状态，则必定对敌方造成暴击伤害。 | R28: 0 | S28: 增加buff | T28: 1010209 | W28: =IFERROR(VLOOKUP(D28,[4]招式!$A:$H,5,0)&";"&VLOOKUP(D28,[4]招式!$A:$H,6,0),"1;1") -> 0.5;0.5 | X28: （暂未实装）被动招式：招式【伏邪诛阳】施展时，若处于霸体状态，则必定对敌方造成暴击。 | AB28: 自己 | AE28: 0 | AO28: tricks/1010209 | AP28: =A28 -> 1010208 | AQ28: =B28 -> 伏阳开碑拳 | BA28: 【镇残碑】若造成暴击，减少一秒【伏邪诛阳】当前的调息时间。
A29: 1010209 | B29: 伏阳开碑拳 | C29: 三千炙尽 | D29: =IFERROR(VLOOKUP(B29,[4]招式!$B$2:$K$16,10,0),"不是技能") -> 2 | E29: 武功 | F29: 拳掌 | G29: 7 | H29: 1 | I29: 被动 | J29: 武学注解 | M29: 施展招式【旭烈万缕】时，会获得buff【炽日】。 【炽日】：持续10秒，每层提升3%角色破甲，最高叠加5层。 | R29: 0 | S29: 增加buff | T29: 1010210 | W29: =IFERROR(VLOOKUP(D29,[4]招式!$A:$H,5,0)&";"&VLOOKUP(D29,[4]招式!$A:$H,6,0),"1;1") -> 0.5;0.5 | X29: （暂未实装）被动招式：施展招式【旭烈万缕】时，会对敌人造成【破甲】效果，每层提升3%角色外功破甲，最高叠加5层，持续10秒。 | AB29: 敌人 | AE29: 0 | AO29: tricks/1010210 | AP29: =A29 -> 1010209 | AQ29: =B29 -> 伏阳开碑拳 | BA29: 施展【伏邪诛阳】时若处于霸体状态，则必定造成暴击。
A30: 1010210 | B30: 伏阳开碑拳 | C30: 伏旱炽绝 | D30: =IFERROR(VLOOKUP(B30,[4]招式!$B$2:$K$16,10,0),"不是技能") -> 2 | E30: 武功 | F30: 拳掌 | G30: 1 | H30: 1 | I30: 主动 | J30: 武学总章 | L30: 1 | M30: 太极拳的第一技能：连出五拳，后面加被动可以连出六拳 | Q30: 2 | R30: 0 | S30: 伤害 | T30: 1010301 | U30: 0 | V30: ((1+内息*拳法系数*40*0.5)*(0.5/(0.5+0+0.5))*1+(内功攻击*1))*0.4 | W30: =IFERROR(VLOOKUP(D30,[4]招式!$A:$H,5,0)&";"&VLOOKUP(D30,[4]招式!$A:$H,6,0),"1;1") -> 0.5;0.5 | X30: 主动招式：运转舒展如绵，动作连而不断，掌法运行成环。对敌人造成4段内功攻击伤害。（影响属性：内息） | AA30: 1 | AB30: 敌人 | AE30: 1 | AF30: 1 | AG30: 5 | AI30: 39 | AJ30: 26 | AL30: quan/Skill13 | AM30: 8010301;8010303;8010305;8010307 | AO30: tricks/1010301 | AP30: =A30 -> 1010210 | AQ30: =B30 -> 伏阳开碑拳 | BA30: 施展【旭烈万缕】时，获得一层【旭烈】效果，具有此效果时，可无视敌人3％的外功防御，该效果持续十秒，最高可叠加五层。
A31: =A30+1 -> 1010211 | B31: =B30 -> 伏阳开碑拳 | C31: 覆众生 | D31: =IFERROR(VLOOKUP(B31,[4]招式!$B$2:$K$16,10,0),"不是技能") -> 2 | E31: 武功 | F31: 拳掌 | G31: 1 | H31: 1 | I31: 被动 | J31: 武学注解 | M31: 被动技能：1技能每次攻击给自己增加BUFF，增加自身3%防御，最多6层，持续6秒。 | Q31: 3 | R31: 0 | S31: 增加buff | T31: 1010302 | U31: 0 | W31: =IFERROR(VLOOKUP(D31,[4]招式!$A:$H,5,0)&";"&VLOOKUP(D31,[4]招式!$A:$H,6,0),"1;1") -> 0.5;0.5 | X31: （暂未实装）被动招式：施展【大道始分】后每次攻击给自己增加【卸力】效果：增加自身3%外功防御和内功防御，最多6层，持续6秒。再次按下按键，可以取消当前招架姿态。 | AA31: 1 | AE31: 0 | AF31: 0 | AG31: 0 | AI31: 0 | AJ31: 0 | AO31: tricks/1010302 | AP31: =A31 -> 1010211 | AQ31: =B31 -> 伏阳开碑拳 | BA31: 进入战斗后,武力属性增加3点
A32: 1010212 | B32: 伏阳开碑拳 | C32: 独抵泰山 | AP32: =A32 -> 1010212 | AQ32: =B32 -> 伏阳开碑拳
A33: 1010213 | B33: 伏阳开碑拳 | C33: 金乌焚尽 | AP33: =A33 -> 1010213 | AQ33: =B33 -> 伏阳开碑拳
A34: 1010301 | B34: 太极拳 | C34: 大道始分 | D34: =IFERROR(VLOOKUP(B34,[4]招式!$B$2:$K$16,10,0),"不是技能") -> 3 | E34: 武功 | F34: 拳掌 | G34: 1 | H34: 1 | I34: 主动 | J34: 武学总章 | L34: 2 | M34: 太极拳的第二技能 主动技能：按键不动后，我方做招架状，任何攻击打过来都会被化解，然后把敌方推到身后且处于踉跄状态 | Q34: 1 | R34: 0 | S34: 增加buff | T34: 1010303 | U34: 0 | W34: =IFERROR(VLOOKUP(D34,[4]招式!$A:$H,5,0)&";"&VLOOKUP(D34,[4]招式!$A:$H,6,0),"1;1") -> 0;1 | X34: 主动招式：收心猿，栓意马，心神合一。长按招式按键做招架状，任何攻击打过来都会被化解，并把敌方推到身后且处于踉跄状态。 | AA34: 1 | AB34: 敌人 | AE34: 1 | AF34: 1 | AG34: 4 | AI34: 39 | AJ34: 26 | AL34: quan/Skill14 | AM34: 8010304;8010306 | AO34: tricks/1010303 | AP34: =A34 -> 1010301 | AQ34: =B34 -> 太极拳 | BA34: 主动招式：肩肘云舒，意在劲先，对敌人连续攻出五段连击，造成内功伤害。内息越高，该招式效果越强。
A35: 1010302 | B35: 太极拳 | C35: 抱元守一 | D35: =IFERROR(VLOOKUP(B35,[4]招式!$B$2:$K$16,10,0),"不是技能") -> 3 | E35: 武功 | F35: 拳掌 | G35: 2 | H35: 1 | I35: 被动 | J35: 武学注解 | M35: 角色受到的所有来源的最终伤害降低10% | R35: 0 | S35: 增加buff | T35: 1010304 | W35: =IFERROR(VLOOKUP(D35,[4]招式!$A:$H,5,0)&";"&VLOOKUP(D35,[4]招式!$A:$H,6,0),"1;1") -> 0;1 | X35: （暂未实装）被动招式：3技能每次成功招架敌人都把本次敌方攻击的伤害转为储能的BUFF，一直持续，储能上限为X+内息*系数/境界。 | AA35: 2 | AB35: 自己 | AE35: 0 | AF35: 0 | AG35: 0 | AI35: 0 | AJ35: 0 | AO35: tricks/1010304 | AP35: =A35 -> 1010302 | AQ35: =B35 -> 太极拳 | BA35: 施展【大道始分】后，十秒内每次造成伤害，使用者都会获得【卸力】效果，具有此效果时，提升3%外功防御与内功防御，最多六层，该效果持续六秒。
A36: 1010303 | B36: 太极拳 | C36: 合太极 | D36: =IFERROR(VLOOKUP(B36,[4]招式!$B$2:$K$16,10,0),"不是技能") -> 3 | E36: 武功 | F36: 拳掌 | G36: 1 | H36: 1 | I36: 主动 | J36: 武学总章 | L36: 3 | M36: 太极拳的第三技能：按键后如果马上松开，会直接爆炸，伤害为X+内息*系数/境界，如果之前有储能的BUFF，加上储能的伤害并清除储能BUFF。 | Q36: 2 | R36: 0 | S36: 伤害 | T36: 1010305 | V36: ((1+内息*拳法系数*40*0.5)*(0.5/(0.5+0+0.5))*1+(内功攻击*1))*1.4 | W36: =IFERROR(VLOOKUP(D36,[4]招式!$A:$H,5,0)&";"&VLOOKUP(D36,[4]招式!$A:$H,6,0),"1;1") -> 0;1 | X36: 主动招式：气势团聚，水到渠成。持续按键后，会开始聚力成一个气团。按键释放后，会将气团原地炸开，并造成内功攻击伤害。（影响属性：内息） | AA36: 2 | AB36: 敌人 | AE36: 1 | AF36: 1 | AG36: 4 | AI36: 39 | AJ36: 26 | AL36: quan/Skill16 | AM36: 8010302; | AO36: tricks/1010305 | AP36: =A36 -> 1010303 | AQ36: =B36 -> 太极拳 | BA36: 主动招式：收心猿，栓意马，心神合一。使用后可将所有近战招式悉数化解，并把敌方劲力卸至一旁，使其进入踉跄状态。
A37: 1010304 | B37: 太极拳 | C37: 无极劲 | D37: =IFERROR(VLOOKUP(B37,[4]招式!$B$2:$K$16,10,0),"不是技能") -> 3 | E37: 武功 | F37: 拳掌 | G37: 3 | H37: 1 | I37: 被动 | J37: 武学注解 | M37: 被动技能：5技能晕眩敌人1秒。 | R37: 0 | S37: 增加buff | T37: 1010306 | W37: =IFERROR(VLOOKUP(D37,[4]招式!$A:$H,5,0)&";"&VLOOKUP(D37,[4]招式!$A:$H,6,0),"1;1") -> 0;1 | X37: （暂未实装）被动招式：施展【开太极】后，被击中的敌人会造成1秒的眩晕 | AB37: 自己 | AE37: 0 | AF37: 0 | AG37: 10 | AI37: 0 | AJ37: 0 | AO37: tricks/1010306 | AP37: =A37 -> 1010304 | AQ37: =B37 -> 太极拳 | BA37: 【合太极】每次成功化解招式，都会将部分劲力储于自身，施展【开太极】时，将释放所有储存劲力，额外提升【开太极】的招式伤害。
A38: 1010305 | B38: 太极拳 | C38: 开太极 | D38: =IFERROR(VLOOKUP(B38,[4]招式!$B$2:$K$16,10,0),"不是技能") -> 3 | E38: 武功 | F38: 拳掌 | G38: 4 | H38: 1 | I38: 被动 | J38: 武学注解 | M38: 角色造成的内功伤害额外提升（悟性*1%）点。 | R38: 0 | S38: 增加buff | T38: 1010307 | W38: =IFERROR(VLOOKUP(D38,[4]招式!$A:$H,5,0)&";"&VLOOKUP(D38,[4]招式!$A:$H,6,0),"1;1") -> 0;1 | X38: （暂未实装）被动招式：【开太极】按住后蓄力的伤害增加，眩晕时间增加。 | AB38: 敌人 | AE38: 0 | AF38: 0 | AG38: 0 | AI38: 0 | AJ38: 0 | AO38: tricks/1010307 | AP38: =A38 -> 1010305 | AQ38: =B38 -> 太极拳 | BA38: 主动招式：气势团聚，水到渠成。长按可持续运转真气，释放按键可对周围敌人造成内功伤害。内息越高，该招式效果越强。
