Workbook

Sheet NPC
A1: touchId | B1: 交互名称 | C1: 性别 | D1: 年龄 | E1: 寿命 | F1: 身份图标 | G1: 父亲Id | H1: 母亲Id | I1: 配偶touchId | J1: 师父touchId | K1: 徒弟touchId | L1: 子女touchId | M1: 同怀touchId | N1: 眷侣touchId | O1: 金兰touchId | P1: 仇敌touchId | Q1: 喜欢 | R1: 讨厌 | S1: 立场值 | T1: 特质 | U1: 善值 | V1: 恶值 | W1: 饱食 | X1: 精力 | Y1: 门派Id | Z1: 门派位阶 | AA1: 角色银两 | AB1: 初始道具列表 | AC1: 随机抽取道具 | AD1: 现居住地址 | AE1: 在视野外是否还需渲染动画 | AF1: 可参与武林大会 | AG1: 是否接入切磋功能 | AH1: 切磋胜利 | AI1: 切磋失败 | AJ1: 成为同伴后对话 | AK1: 分道扬镳时的对话 | AL1: 自带场景buffer
A2: id | B2: name | C2: sex | D2: age | E2: lifeSpan | F2: tagIcon | G2: fId | H2: mId | I2: mateId | J2: teacherId | K2: apprenticeId | L2: kidsId | M2: siblingsId | N2: spouseId | O2: partnerId | P2: enemyId | Q2: likeList | R2: hateList | S2: lichang | T2: characteristic | U2: kindness | V2: evil | W2: satisfied | X2: energy | Y2: sect | Z2: sectLv | AA2: money | AB2: itemList | AC2: randomItems | AD2: live | AE2: KeepSipneAnim | AF2: canJoinWulin | AG2: WhetherToBattle | AH2: dialog_battleSucc | AI2: dialog_battleFail | AJ2: dialog_bePartner | AK2: dialog_whenLeaveTeam | AL2: mapbuffer
A3: 1100001001 | B3: 毛毛 | C3: 1 | D3: 9 | E3: 60 | G3: 0 | H3: 0 | I3: 0 | J3: 0 | K3: 0 | L3: 0 | M3: 0 | N3: 0 | O3: 0 | P3: 0 | Q3: 1;3 | R3: 28 | S3: 75 | T3: 2034 | U3: 30 | V3: 0 | W3: 30 | X3: 60 | Y3: 0 | Z3: 0 | AA3: 0 | AB3: 908004 | AC3: 6|1_1|1_3|1_1 | AD3: 11000 | AE3: 0 | AF3: 0 | AG3: 0 | AH3: [少侠||姑娘]好身手，假以时日想必能扬名武林！ | AI3: 胜败乃兵家常事，[少侠||姑娘]可精研武艺，日后再与在下切磋。 | AJ3: 30 | AK3: 33
A4: 1100001002 | B4: 杜颜白 | C4: 1 | D4: 37 | E4: 60 | G4: 0 | H4: 0 | I4: 0 | J4: 0 | K4: 0 | L4: 0 | M4: 0 | N4: 0 | O4: 0 | P4: 0 | Q4: 21;22 | R4: 29 | S4: 80 | T4: 2003;2018;2020;2031 | U4: 80 | V4: -10 | W4: 76 | X4: 87 | Y4: 0 | Z4: 0 | AA4: 600 | AB4: 95102015;95301065;95102025 | AC4: 1|2_4|3_6|1_1#5|2_4|1_2|1_1#6|1_1|1_3|1_1 | AD4: 11000 | AE4: 0 | AF4: 0 | AG4: 1 | AH4: 28 | AI4: 29 | AJ4: 30 | AK4: 33
A5: 1100001003 | B5: 麻木的少年 | C5: 1 | D5: 15 | E5: 20 | G5: 0 | H5: 0 | I5: 0 | J5: 0 | K5: 0 | L5: 0 | M5: 0 | N5: 0 | O5: 0 | P5: 0 | Q5: 9; | R5: 28 | S5: 50 | T5: 2024 | U5: 10 | V5: 0 | W5: 38 | X5: 30 | Y5: 0 | Z5: 0 | AA5: 0 | AC5: 6|1_1|1_3|1_1 | AD5: 11000 | AE5: 0 | AF5: 0 | AG5: 0 | AH5: 28 | AI5: 29 | AJ5: 30 | AK5: 33
A6: 1100001004 | B6: 豆丁 | C6: 1 | D6: 7 | E6: 60 | G6: 0 | H6: 0 | I6: 0 | J6: 0 | K6: 0 | L6: 0 | M6: 0 | N6: 0 | O6: 0 | P6: 0 | Q6: 1; | R6: 28 | S6: 70 | T6: 2034 | U6: 20 | V6: 0 | W6: 40 | X6: 57 | Y6: 0 | Z6: 0 | AA6: 0 | AC6: 6|1_1|1_3|1_1 | AD6: 11000 | AE6: 0 | AF6: 0 | AG6: 0 | AH6: 28 | AI6: 29 | AJ6: 30 | AK6: 33
A7: 1100001005 | B7: 小若 | C7: 2 | D7: 6 | E7: 60 | G7: 0 | H7: 0 | I7: 0 | J7: 0 | K7: 0 | L7: 0 | M7: 0 | N7: 0 | O7: 0 | P7: 0 | Q7: 24;25 | R7: 28 | S7: 70 | T7: 2035 | U7: 20 | V7: 0 | W7: 39 | X7: 54 | Y7: 0 | Z7: 0 | AA7: 0 | AC7: 6|1_1|1_3|1_1 | AD7: 11000 | AE7: 0 | AF7: 0 | AG7: 0 | AH7: 28 | AI7: 29 | AJ7: 30 | AK7: 33
A8: 1100001006 | B8: 依依 | C8: 2 | D8: 6 | E8: 60 | G8: 0 | H8: 0 | I8: 0 | J8: 0 | K8: 0 | L8: 0 | M8: 0 | N8: 0 | O8: 0 | P8: 0 | Q8: 32; | R8: 28 | S8: 70 | T8: 2002 | U8: 20 | V8: 0 | W8: 39 | X8: 60 | Y8: 0 | Z8: 0 | AA8: 0 | AC8: 6|1_1|1_3|1_1 | AD8: 11000 | AE8: 0 | AF8: 0 | AG8: 0 | AH8: 28 | AI8: 29 | AJ8: 30 | AK8: 33
A9: 1100002001 | B9: 人贩看守 | C9: 1 | D9: 31 | E9: 60 | G9: 0 | H9: 0 | I9: 0 | J9: 0 | K9: 0 | L9: 0 | M9: 0 | N9: 0 | O9: 0 | P9: 0 | Q9: 18;5 | R9: 32 | S9: 32 | T9: 2028 | U9: 10 | V9: -40 | W9: 79 | X9: 50 | Y9: 0 | Z9: 0 | AA9: 79 | AB9: 902002;907010 | AC9: 1|1_3|2_4|1_1#5|1_3|1_2|1_1#6|1_1|1_3|1_1 | AD9: 11000 | AE9: 0 | AF9: 0 | AG9: 0 | AH9: 28 | AI9: 29 | AJ9: 30 | AK9: 33
A10: 1100002002 | B10: 大当家西虎 | C10: 1 | D10: 36 | E10: 60 | G10: 0 | H10: 0 | I10: 0 | J10: 0 | K10: 0 | L10: 0 | M10: 1100002003 | N10: 0 | O10: 0 | P10: 0 | Q10: 3;34 | R10: 20 | S10: 22 | T10: 1001;1004;2029 | U10: 0 | V10: -75 | W10: 83 | X10: 92 | Y10: 0 | Z10: 0 | AA10: 850 | AB10: 902006;901101;103001;101002 | AC10: 1|2_4|3_6|1_1#5|2_4|1_2|1_1#6|1_1|1_3|1_1 | AD10: 11000 | AE10: 0 | AF10: 0 | AG10: 0 | AH10: 28 | AI10: 29 | AJ10: 30 | AK10: 33
A11: 1100002003 | B11: 二当家北豺 | C11: 1 | D11: 33 | E11: 60 | G11: 0 | H11: 0 | I11: 0 | J11: 0 | K11: 0 | L11: 0 | M11: 1100002002 | N11: 0 | O11: 0 | P11: 0 | Q11: 31;28 | R11: 20 | S11: 15 | T11: 2002;2028;3001 | U11: 0 | V11: -80 | W11: 85 | X11: 87 | Y11: 0 | Z11: 0 | AA11: 720 | AB11: 907023;907008;902006;901101 | AC11: 1|2_4|3_6|1_1#5|2_4|1_2|1_1#6|1_1|1_3|1_1 | AD11: 11000 | AE11: 0 | AF11: 0 | AG11: 0 | AH11: 28 | AI11: 29 | AJ11: 30 | AK11: 33
A12: 1100002004 | B12: 瘦弱匪徒 | C12: 1 | D12: 29 | E12: 60 | G12: 0 | H12: 0 | I12: 1160001104 | J12: 0 | K12: 0 | L12: 1160001105 | M12: 0 | N12: 0 | O12: 0 | P12: 0 | Q12: 8 | R12: 5 | S12: 46 | T12: 1005;2017 | U12: 20 | V12: -10 | W12: 50 | X12: 67 | Y12: 0 | Z12: 0 | AA12: 50 | AB12: 902003 | AC12: 1|1_3|2_4|1_1#5|1_3|1_2|1_1#6|1_1|1_3|1_1 | AD12: 11000 | AE12: 0 | AF12: 0 | AG12: 0 | AH12: 28 | AI12: 29 | AJ12: 30 | AK12: 33
A13: 1100002005 | B13: 醉酒匪徒 | C13: 1 | D13: 27 | E13: 60 | G13: 0 | H13: 0 | I13: 0 | J13: 0 | K13: 0 | L13: 0 | M13: 0 | N13: 0 | O13: 0 | P13: 0 | Q13: 5 | R13: 19 | S13: 39 | T13: 2017 | U13: 4 | V13: -30 | W13: 75 | X13: 20 | Y13: 0 | Z13: 0 | AA13: 258 | AB13: 907010;907009 | AC13: 1|1_3|2_4|1_1#5|1_3|1_2|1_1#6|1_1|1_3|1_1 | AD13: 11000 | AE13: 0 | AF13: 0 | AG13: 0 | AH13: 28 | AI13: 29 | AJ13: 30 | AK13: 33
A14: 1100002006 | B14: 人贩匪徒 | C14: 1 | D14: 30 | E14: 60 | G14: 0 | H14: 0 | I14: 0 | J14: 0 | K14: 0 | L14: 0 | M14: 0 | N14: 0 | O14: 0 | P14: 0 | Q14: 18 | R14: 19 | S14: 37 | T14: 2031 | U14: 3 | V14: -30 | W14: 71 | X14: 74 | Y14: 0 | Z14: 0 | AA14: 107 | AB14: 907011;907010 | AC14: 1|1_3|2_4|1_1#5|1_3|1_2|1_1#6|1_1|1_3|1_1 | AD14: 11000 | AE14: 0 | AF14: 0 | AG14: 1 | AH14: 28 | AI14: 29 | AJ14: 30 | AK14: 33
A15: 1100002007 | B15: 人贩匪徒 | C15: 1 | D15: 29 | E15: 60 | G15: 0 | H15: 0 | I15: 0 | J15: 0 | K15: 0 | L15: 0 | M15: 0 | N15: 0 | O15: 0 | P15: 0 | Q15: 18 | R15: 19 | S15: 31 | T15: 1004 | U15: 7 | V15: -30 | W15: 78 | X15: 84 | Y15: 0 | Z15: 0 | AA15: 212 | AB15: 907011;901001 | AC15: 1|1_3|2_4|1_1#5|1_3|1_2|1_1#6|1_1|1_3|1_1 | AD15: 11000 | AE15: 0 | AF15: 0 | AG15: 1 | AH15: 28 | AI15: 29 | AJ15: 30 | AK15: 33
A16: 1100002008 | B16: 人贩匪徒 | C16: 1 | D16: 33 | E16: 60 | G16: 0 | H16: 0 | I16: 0 | J16: 0 | K16: 0 | L16: 0 | M16: 0 | N16: 0 | O16: 0 | P16: 0 | Q16: 18 | R16: 19 | S16: 38 | T16: 2022 | U16: 8 | V16: -30 | W16: 81 | X16: 72 | Y16: 0 | Z16: 0 | AA16: 231 | AB16: 907011;901002 | AC16: 1|1_3|2_4|1_1#5|1_3|1_2|1_1#6|1_1|1_3|1_1 | AD16: 11000 | AE16: 0 | AF16: 0 | AG16: 1 | AH16: 28 | AI16: 29 | AJ16: 30 | AK16: 33
A17: 1110001001 | B17: 村中少年 | C17: 1 | D17: 17 | E17: 60 | G17: 1110001005 | H17: 0 | I17: 0 | J17: 0 | K17: 0 | L17: 0 | M17: 0 | N17: 0 | O17: 1110001003 | P17: 0 | Q17: 3;34 | R17: 9;10;11 | S17: 65 | T17: 3004;2018;2005;2026 | U17: 35 | V17: 0 | W17: 87 | X17: 82 | Y17: 0 | Z17: 0 | AA17: 515 | AB17: 902009;901003;101001;200001 | AC17: 3|1_1|1_4|1_2#6|1_1|1_4|1_1#2|1_3|1_3|1_3 | AD17: 12000 | AE17: 0 | AF17: 0 | AG17: 1 | AH17: 28 | AI17: 29 | AJ17: 30 | AK17: 33
A18: 1110001002 | B18: 王阿生 | C18: 1 | D18: 17 | E18: 60 | G18: 1110001005 | H18: 0 | I18: 0 | J18: 0 | K18: 0 | L18: 0 | M18: 0 | N18: 0 | O18: 1110001003 | P18: 0 | Q18: 3;34 | R18: 9;10;11 | S18: 65 | T18: 3004;2018;2005;2026 | U18: 35 | V18: 0 | W18: 87 | X18: 82 | Y18: 0 | Z18: 0 | AA18: 515 | AB18: 902009;901003;101001;200001 | AC18: 3|1_1|1_4|1_2#6|1_1|1_4|1_1#2|1_3|1_3|1_3 | AD18: 12000 | AE18: 0 | AF18: 0 | AG18: 1 | AH18: 28 | AI18: 29 | AJ18: 30 | AK18: 33
A19: 1110001003 | B19: 小钰 | C19: 2 | D19: 16 | E19: 60 | G19: 1110001004 | H19: 0 | I19: 0 | J19: 0 | K19: 0 | L19: 0 | M19: 0 | N19: 0 | O19: 1110001002 | P19: 0 | Q19: 32;29 | R19: 7 | S19: 60 | T19: 1005;2012;2022 | U19: 40 | V19: 0 | W19: 80 | X19: 90 | Y19: 0 | Z19: 0 | AA19: 664 | AB19: 902019;904001;902012 | AC19: 3|1_1|1_4|1_2#6|1_1|1_4|1_1#2|1_3|1_3|1_3 | AD19: 12000 | AE19: 0 | AF19: 0 | AG19: 0 | AH19: 28 | AI19: 29 | AJ19: 30 | AK19: 33
A20: 1110001004 | B20: 小钰爹 | C20: 1 | D20: 42 | E20: 60 | G20: 0 | H20: 0 | I20: 0 | J20: 0 | K20: 0 | L20: 1110001003 | M20: 0 | N20: 0 | O20: 1150001001 | P20: 0 | Q20: 5 | R20: 20;21;22 | S20: 50 | T20: 3004;2035;1003;2019 | U20: 64 | V20: -44 | W20: 83 | X20: 77 | Y20: 0 | Z20: 0 | AA20: 1014 | AB20: 902007;902004;95201013;103202 | AC20: 1|2_4|3_6|1_1#5|2_4|1_2|1_1#6|1_1|1_3|1_1 | AD20: 12000 | AE20: 0 | AF20: 0 | AG20: 1 | AH20: 28 | AI20: 29 | AJ20: 30 | AK20: 33
A21: 1110001005 | B21: 王村长 | C21: 1 | D21: 45 | E21: 60 | G21: 0 | H21: 0 | I21: 0 | J21: 0 | K21: 0 | L21: 1110001002 | M21: 0 | N21: 0 | O21: 0 | P21: 0 | Q21: 22;16;17 | R21: 33 | S21: 93 | T21: 2019 | U21: 88 | V21: 0 | W21: 84 | X21: 98 | Y21: 0 | Z21: 0 | AA21: 1789 | AB21: 902013;901303;901004;102302 | AC21: 1|2_4|3_6|1_1#5|2_4|1_2|1_1#6|1_1|1_3|1_1 | AD21: 12000 | AE21: 0 | AF21: 0 | AG21: 1 | AH21: 28 | AI21: 29 | AJ21: 30 | AK21: 33
A22: 1110001006 | B22: 果果 | C22: 2 | D22: 6 | E22: 60 | G22: 1110003001 | H22: 0 | I22: 0 | J22: 0 | K22: 0 | L22: 0 | M22: 0 | N22: 0 | O22: 0 | P22: 0 | Q22: 25;31 | R22: 5 | S22: 66 | T22: 2022 | U22: 30 | V22: 0 | W22: 71 | X22: 100 | Y22: 0 | Z22: 0 | AA22: 105 | AB22: 907012;907014 | AC22: 3|1_1|1_3|1_1#6|1_1|1_3|1_1 | AD22: 12000 | AE22: 0 | AF22: 0 | AG22: 0 | AH22: 28 | AI22: 29 | AJ22: 30 | AK22: 33
A23: 1110001007 | B23: 跑跑 | C23: 1 | D23: 9 | E23: 60 | G23: 0 | H23: 0 | I23: 0 | J23: 0 | K23: 0 | L23: 0 | M23: 0 | N23: 0 | O23: 0 | P23: 0 | Q23: 1;30 | R23: 11 | S23: 58 | T23: 2012 | U23: 15 | V23: -8 | W23: 76 | X23: 71 | Y23: 0 | Z23: 0 | AA23: 124 | AB23: 907021;907028;907034 | AC23: 3|1_1|1_3|1_1#6|1_1|1_3|1_1 | AD23: 12000 | AE23: 0 | AF23: 0 | AG23: 0 | AH23: 28 | AI23: 29 | AJ23: 30 | AK23: 33
A24: 1110001008 | B24: 蹦蹦 | C24: 1 | D24: 8 | E24: 60 | G24: 0 | H24: 0 | I24: 0 | J24: 0 | K24: 0 | L24: 0 | M24: 0 | N24: 0 | O24: 0 | P24: 0 | Q24: 25;24 | R24: 6 | S24: 56 | T24: 2005 | U24: 15 | V24: -5 | W24: 90 | X24: 95 | Y24: 0 | Z24: 0 | AA24: 45 | AB24: 907035;907036 | AC24: 3|1_1|1_3|1_1#6|1_1|1_3|1_1 | AD24: 12000 | AE24: 0 | AF24: 0 | AG24: 0 | AH24: 28 | AI24: 29 | AJ24: 30 | AK24: 33
A25: 1110001009 | B25: 跳跳 | C25: 1 | D25: 7 | E25: 60 | G25: 0 | H25: 0 | I25: 0 | J25: 0 | K25: 0 | L25: 0 | M25: 0 | N25: 0 | O25: 0 | P25: 0 | Q25: 25;24 | R25: 10 | S25: 59 | T25: 2010 | U25: 15 | V25: -5 | W25: 97 | X25: 88 | Y25: 0 | Z25: 0 | AA25: 42 | AB25: 907020;907016 | AC25: 3|1_1|1_3|1_1#6|1_1|1_3|1_1 | AD25: 12000 | AE25: 0 | AF25: 0 | AG25: 0 | AH25: 28 | AI25: 29 | AJ25: 30 | AK25: 33
A26: 1110001010 | B26: 杜颜白 | C26: 1 | D26: 37 | E26: 60 | G26: 0 | H26: 0 | I26: 0 | J26: 0 | K26: 0 | L26: 0 | M26: 0 | N26: 0 | O26: 0 | P26: 0 | Q26: 21;22 | R26: 29 | S26: 80 | T26: 2003;2018;2020;2031 | U26: 80 | V26: -10 | W26: 76 | X26: 87 | Y26: 0 | Z26: 0 | AA26: 600 | AB26: 95102015;95301065;95102025 | AC26: 1|2_4|3_6|1_1#5|2_4|1_2|1_1#6|1_1|1_3|1_1 | AD26: 12000 | AE26: 0 | AF26: 0 | AG26: 1 | AH26: 28 | AI26: 29 | AJ26: 30 | AK26: 33
A27: 1110002001 | B27: 今川留 | C27: 1 | D27: 35 | E27: 60 | G27: 0 | H27: 0 | I27: 0 | J27: 0 | K27: 0 | L27: 0 | M27: 0 | N27: 0 | O27: 0 | P27: 0 | Q27: 16;13;28 | R27: 21;25 | S27: 14 | T27: 3002;2018 ;1004 | U27: 10 | V27: -57 | W27: 75 | X27: 77 | Y27: 0 | Z27: 0 | AA27: 3822 | AB27: 110202;800102 | AC27: 1|2_4|3_6|1_1#5|2_4|1_2|1_1#6|1_1|1_3|1_1 | AD27: 12000 | AE27: 0 | AF27: 0 | AG27: 1 | AH27: 28 | AI27: 29 | AJ27: 30 | AK27: 33
A28: 1110002002 | B28: 柳星雨 | C28: 2 | D28: 33 | E28: 60 | G28: 0 | H28: 0 | I28: 0 | J28: 0 | K28: 0 | L28: 0 | M28: 0 | N28: 0 | O28: 0 | P28: 0 | Q28: 29;11 | R28: 21;22 | S28: 47 | T28: 2015;2012;2001;2024 | U28: 37 | V28: -46 | W28: 89 | X28: 92 | Y28: 0 | Z28: 0 | AA28: 7910 | AB28: 95301015;600102;901401;106202 | AC28: 1|2_4|3_6|1_1#5|2_4|1_2|1_1#6|1_1|1_3|1_1 | AD28: 12000 | AE28: 0 | AF28: 1 | AG28: 1 | AH28: 28 | AI28: 29 | AJ28: 30 | AK28: 33
A29: 1110002003 | B29: 水寨供奉 | C29: 1 | D29: 35 | E29: 60 | G29: 0 | H29: 0 | I29: 0 | J29: 0 | K29: 0 | L29: 0 | M29: 0 | N29: 0 | O29: 0 | P29: 0 | Q29: 16;13;28 | R29: 21;25 | S29: 14 | T29: 3002;2018 ;1004 | U29: 10 | V29: -57 | W29: 75 | X29: 77 | Y29: 0 | Z29: 0 | AA29: 3822 | AB29: 110202;800102 | AC29: 1|2_4|3_6|1_1#5|2_4|1_2|1_1#6|1_1|1_3|1_1 | AD29: 12000 | AE29: 0 | AF29: 0 | AG29: 1 | AH29: 28 | AI29: 29 | AJ29: 30 | AK29: 33
A30: 1110002004 | B30: 山贼首领 | C30: 1 | D30: 37 | E30: 60 | G30: 0 | H30: 0 | I30: 0 | J30: 0 | K30: 0 | L30: 0 | M30: 0 | N30: 0 | O30: 0 | P30: 0 | Q30: 18;5 | R30: 32 | S30: 20 | T30: 2020 | U30: 0 | V30: -72 | W30: 79 | X30: 92 | Y30: 0 | Z30: 0 | AA30: 1268 | AB30: 300001;109002;95503002;95503011 | AC30: 1|1_4|3_6|1_1#5|1_4|1_2|1_1#6|1_1|1_3|1_1 | AD30: 12000 | AE30: 0 | AF30: 0 | AG30: 1 | AH30: 28 | AI30: 29 | AJ30: 30 | AK30: 33
A31: 1110002005 | B31: 酒铺小贩 | C31: 1 | D31: 31 | E31: 60 | G31: 0 | H31: 0 | I31: 0 | J31: 0 | K31: 0 | L31: 0 | M31: 0 | N31: 0 | O31: 0 | P31: 0 | Q31: 5;34 | R31: 6 | S31: 28 | T31: 1003 | U31: 6 | V31: -48 | W31: 77 | X31: 77 | Y31: 0 | Z31: 0 | AA31: 475 | AB31: 902001;902002;902005;104001 | AC31: 1|1_3|2_4|1_1#5|1_3|1_2|1_1#6|1_1|1_3|1_1 | AD31: 12000 | AE31: 0 | AF31: 0 | AG31: 1 | AH31: 28 | AI31: 29 | AJ31: 30 | AK31: 33
A32: 1110002006 | B32: 山贼护卫 | C32: 1 | D32: 29 | E32: 60 | G32: 0 | H32: 0 | I32: 0 | J32: 0 | K32: 0 | L32: 0 | M32: 0 | N32: 0 | O32: 0 | P32: 0 | Q32: 7;3 | R32: 26 | S32: 31 | T32: 2032 | U32: 7 | V32: -21 | W32: 87 | X32: 93 | Y32: 0 | Z32: 0 | AA32: 411 | AB32: 105001;907013;103001 | AC32: 1|1_3|2_4|1_1#5|1_3|1_2|1_1#6|1_1|1_3|1_1 | AD32: 12000 | AE32: 0 | AF32: 0 | AG32: 1 | AH32: 28 | AI32: 29 | AJ32: 30 | AK32: 33
A33: 1110002007 | B33: 肖婆婆 | C33: 2 | D33: 51 | E33: 60 | G33: 0 | H33: 0 | I33: 0 | J33: 0 | K33: 0 | L33: 0 | M33: 0 | N33: 0 | O33: 0 | P33: 0 | Q33: 31;20 | R33: 32 | S33: 24 | T33: 2024 | U33: 3 | V33: -55 | W33: 77 | X33: 74 | Y33: 0 | Z33: 0 | AA33: 725 | AB33: 200001;300001;901103 | AC33: 1|2_4|3_6|1_1#5|2_4|1_2|1_1#6|1_1|1_3|1_1 | AD33: 12000 | AE33: 0 | AF33: 0 | AG33: 1 | AH33: 28 | AI33: 29 | AJ33: 30 | AK33: 33
A34: 1110002008 | B34: 穷酸书生 | C34: 1 | D34: 32 | E34: 60 | G34: 0 | H34: 0 | I34: 1120003005 | J34: 0 | K34: 0 | L34: 0 | M34: 0 | N34: 0 | O34: 0 | P34: 0 | Q34: 9;10;11;34 | R34: 7 | S34: 27 | T34: 2014;2021;2012 | U34: 2 | V34: -47 | W34: 72 | X34: 73 | Y34: 0 | Z34: 0 | AA34: 182 | AB34: 95502011;904015;102002;901003 | AC34: 1|2_4|3_6|1_1#5|2_4|1_2|1_1#6|1_1|1_3|1_1 | AD34: 12000 | AE34: 0 | AF34: 0 | AG34: 1 | AH34: 28 | AI34: 29 | AJ34: 30 | AK34: 33
A35: 1110002009 | B35: 糖人张 | C35: 1 | D35: 56 | E35: 60 | F35: Tag/1007 | G35: 0 | H35: 0 | I35: 0 | J35: 0 | K35: 0 | L35: 0 | M35: 0 | N35: 0 | O35: 0 | P35: 0 | Q35: 24;25;34 | R35: 11 | S35: 24 | T35: 2025 | U35: 6 | V35: -53 | W35: 92 | X35: 63 | Y35: 0 | Z35: 0 | AA35: 826 | AB35: 907039;907041;95506002;95506003;95506011 | AC35: 1|2_4|3_6|1_1#5|2_4|1_2|1_1#6|1_1|1_3|1_1 | AD35: 12000 | AE35: 0 | AF35: 0 | AG35: 1 | AH35: 28 | AI35: 29 | AJ35: 30 | AK35: 33
A36: 1110002010 | B36: 酒铺小二 | C36: 1 | D36: 31 | E36: 60 | G36: 0 | H36: 0 | I36: 0 | J36: 0 | K36: 0 | L36: 0 | M36: 0 | N36: 0 | O36: 0 | P36: 0 | Q36: 5;27 | R36: 9 | S36: 25 | T36: 2028 | U36: 6 | V36: -48 | W36: 94 | X36: 80 | Y36: 0 | Z36: 0 | AA36: 652 | AC36: 1|1_3|2_4|1_1#5|1_3|1_2|1_1#6|1_1|1_3|1_1 | AD36: 12000 | AE36: 0 | AF36: 0 | AG36: 1 | AH36: 28 | AI36: 29 | AJ36: 30 | AK36: 33
A37: 1110002011 | B37: 胎记男 | C37: 1 | D37: 28 | E37: 60 | G37: 0 | H37: 0 | I37: 0 | J37: 0 | K37: 0 | L37: 0 | M37: 0 | N37: 0 | O37: 0 | P37: 0 | Q37: 18;31 | R37: 9 | S37: 26 | T37: 1006 | U37: 13 | V37: -21 | W37: 89 | X37: 74 | Y37: 0 | Z37: 0 | AA37: 790 | AB37: 902008;907016 | AC37: 1|1_3|2_4|1_1#5|1_3|1_2|1_1#6|1_1|1_3|1_1 | AD37: 12000 | AE37: 0 | AF37: 0 | AG37: 1 | AH37: 28 | AI37: 29 | AJ37: 30 | AK37: 33
A38: 1110002014 | B38: 山贼匪徒 | C38: 1 | D38: 26 | E38: 60 | G38: 0 | H38: 0 | I38: 0 | J38: 0 | K38: 0 | L38: 0 | M38: 0 | N38: 0 | O38: 0 | P38: 0 | Q38: 18;13 | R38: 10 | S38: 21 | T38: 3004 | U38: 13 | V38: -28 | W38: 85 | X38: 77 | Y38: 0 | Z38: 0 | AA38: 731 | AB38: 907037;907027;907010 | AC38: 1|1_3|2_4|1_1#5|1_3|1_2|1_1#6|1_1|1_3|1_1 | AD38: 12000 | AE38: 0 | AF38: 0 | AG38: 1 | AH38: 28 | AI38: 29 | AJ38: 30 | AK38: 33
A39: 1110002015 | B39: 山贼前哨 | C39: 1 | D39: 31 | E39: 60 | G39: 0 | H39: 0 | I39: 0 | J39: 0 | K39: 0 | L39: 0 | M39: 0 | N39: 0 | O39: 0 | P39: 0 | Q39: 18;23 | R39: 11 | S39: 18 | T39: 2024 | U39: 8 | V39: -31 | W39: 81 | X39: 95 | Y39: 0 | Z39: 0 | AA39: 209 | AB39: 907033;907040;902001;901001 | AC39: 1|1_3|2_4|1_1#5|1_3|1_2|1_1#6|1_1|1_3|1_1 | AD39: 12000 | AE39: 0 | AF39: 0 | AG39: 1 | AH39: 28 | AI39: 29 | AJ39: 30 | AK39: 33
A40: 1110002016 | B40: 山贼前哨 | C40: 1 | D40: 36 | E40: 60 | G40: 0 | H40: 0 | I40: 0 | J40: 0 | K40: 0 | L40: 0 | M40: 0 | N40: 0 | O40: 0 | P40: 0 | Q40: 18;27 | R40: 12 | S40: 29 | T40: 3001 | U40: 9 | V40: -27 | W40: 73 | X40: 94 | Y40: 0 | Z40: 0 | AA40: 342 | AB40: 902001;901004;500001 | AC40: 1|1_3|2_4|1_1#5|1_3|1_2|1_1#6|1_1|1_3|1_1 | AD40: 12000 | AE40: 0 | AF40: 0 | AG40: 1 | AH40: 28 | AI40: 29 | AJ40: 30 | AK40: 33
A41: 1110002017 | B41: 山贼前哨 | C41: 1 | D41: 29 | E41: 60 | G41: 0 | H41: 0 | I41: 0 | J41: 0 | K41: 0 | L41: 0 | M41: 0 | N41: 0 | O41: 0 | P41: 0 | Q41: 18;31 | R41: 6 | S41: 21 | T41: 1005 | U41: 2 | V41: -30 | W41: 72 | X41: 79 | Y41: 0 | Z41: 0 | AA41: 505 | AB41: 901004;907027;95504003 | AC41: 1|1_3|2_4|1_1#5|1_3|1_2|1_1#6|1_1|1_3|1_1 | AD41: 12000 | AE41: 0 | AF41: 0 | AG41: 1 | AH41: 28 | AI41: 29 | AJ41: 30 | AK41: 33
A42: 1110002018 | B42: 山贼匪徒 | C42: 1 | D42: 28 | E42: 60 | G42: 0 | H42: 0 | I42: 0 | J42: 0 | K42: 0 | L42: 0 | M42: 0 | N42: 0 | O42: 0 | P42: 0 | Q42: 18;34 | R42: 7 | S42: 20 | T42: 2015 | U42: 5 | V42: -16 | W42: 91 | X42: 76 | Y42: 0 | Z42: 0 | AA42: 532 | AB42: 95505003;901003;101001 | AC42: 1|1_3|2_4|1_1#5|1_3|1_2|1_1#6|1_1|1_3|1_1 | AD42: 12000 | AE42: 0 | AF42: 0 | AG42: 1 | AH42: 28 | AI42: 29 | AJ42: 30 | AK42: 33
A43: 1110002019 | B43: 山贼匪徒 | C43: 1 | D43: 35 | E43: 60 | G43: 0 | H43: 0 | I43: 0 | J43: 0 | K43: 0 | L43: 0 | M43: 0 | N43: 0 | O43: 0 | P43: 0 | Q43: 18;7 | R43: 20 | S43: 21 | T43: 2031 | U43: 7 | V43: -22 | W43: 86 | X43: 82 | Y43: 0 | Z43: 0 | AA43: 887 | AB43: 95504011;110001;902003 | AC43: 1|1_3|2_4|1_1#5|1_3|1_2|1_1#6|1_1|1_3|1_1 | AD43: 12000 | AE43: 0 | AF43: 0 | AG43: 1 | AH43: 28 | AI43: 29 | AJ43: 30 | AK43: 33
A44: 1110002020 | B44: 残瘸老者 | C44: 1 | D44: 58 | E44: 60 | G44: 0 | H44: 0 | I44: 0 | J44: 0 | K44: 0 | L44: 0 | M44: 0 | N44: 0 | O44: 0 | P44: 1110001005 | Q44: 28;34 | R44: 25 | S44: 15 | T44: 2032 | U44: 4 | V44: -66 | W44: 30 | X44: 70 | Y44: 1005 | Z44: 0 | AA44: 0 | AB44: 907018;907015;907014;700102 | AC44: 1|2_4|3_6|1_1#5|2_4|1_2|1_1#6|1_1|1_3|1_1 | AD44: 12000 | AE44: 0 | AF44: 0 | AG44: 0 | AH44: 28 | AI44: 29 | AJ44: 30 | AK44: 33
A45: 1110003001 | B45: 孙猎户 | C45: 1 | D45: 36 | E45: 60 | G45: 0 | H45: 0 | I45: 0 | J45: 0 | K45: 0 | L45: 1110001006 | M45: 0 | N45: 0 | O45: 0 | P45: 0 | Q45: 1;3;7 | R45: 16 | S45: 55 | T45: 2031 | U45: 38 | V45: -35 | W45: 81 | X45: 83 | Y45: 0 | Z45: 0 | AA45: 1938 | AB45: 102102;109001;907037;907040;907038 | AC45: 3|1_1|1_4|1_2#6|1_1|1_4|1_1#2|1_2|1_3|1_3 | AD45: 12000 | AE45: 0 | AF45: 0 | AG45: 1 | AH45: 28 | AI45: 29 | AJ45: 30 | AK45: 33
A46: 1110003002 | B46: 胡郎中 | C46: 1 | D46: 45 | E46: 60 | F46: Tag/1002 | G46: 0 | H46: 0 | I46: 0 | J46: 0 | K46: 0 | L46: 0 | M46: 0 | N46: 0 | O46: 0 | P46: 0 | Q46: 6;27 | R46: 28 | S46: 60 | T46: 2005 | U46: 47 | V46: -34 | W46: 71 | X46: 97 | Y46: 0 | Z46: 0 | AA46: 1491 | AB46: 902010;901101;901102;901103 | AC46: 6|1_1|1_6|1_1#2|1_3|3_5|1_3 | AD46: 12000 | AE46: 0 | AF46: 0 | AG46: 0 | AH46: 28 | AI46: 29 | AJ46: 30 | AK46: 33
A47: 1110003003 | B47: 垂钓翁 | C47: 1 | D47: 59 | E47: 70 | G47: 0 | H47: 0 | I47: 0 | J47: 0 | K47: 0 | L47: 0 | M47: 0 | N47: 0 | O47: 0 | P47: 0 | Q47: 27;17 | R47: 13 | S47: 45 | T47: 2030 | U47: 38 | V47: -42 | W47: 92 | X47: 87 | Y47: 0 | Z47: 0 | AA47: 328 | AB47: 901201;600001;300002;95509002;95509003;95509004 | AC47: 1|1_4|3_6|1_1#5|1_4|1_2|1_1#6|1_1|1_3|1_1 | AD47: 12000 | AE47: 0 | AF47: 0 | AG47: 1 | AH47: 28 | AI47: 29 | AJ47: 30 | AK47: 33
A48: 1110004001 | B48: 山贼匪徒 | C48: 1 | D48: 35 | E48: 60 | G48: 0 | H48: 0 | I48: 0 | J48: 0 | K48: 0 | L48: 0 | M48: 0 | N48: 0 | O48: 0 | P48: 0 | Q48: 14;18 | R48: 15 | S48: 26 | T48: 2009 | U48: 3 | V48: -44 | W48: 83 | X48: 78 | Y48: 0 | Z48: 0 | AA48: 481 | AB48: 902005;102101 | AC48: 1|1_3|2_4|1_1#5|1_3|1_2|1_1#6|1_1|1_3|1_1 | AD48: 12000 | AE48: 0 | AF48: 0 | AG48: 0 | AH48: 28 | AI48: 29 | AJ48: 30 | AK48: 33
A49: 1110004002 | B49: 山贼匪徒 | C49: 1 | D49: 27 | E49: 60 | G49: 0 | H49: 0 | I49: 0 | J49: 0 | K49: 0 | L49: 0 | M49: 0 | N49: 0 | O49: 0 | P49: 0 | Q49: 24;18 | R49: 17 | S49: 29 | T49: 2013 | U49: 6 | V49: -47 | W49: 81 | X49: 78 | Y49: 0 | Z49: 0 | AA49: 539 | AB49: 102001;907019 | AC49: 1|1_3|2_4|1_1#5|1_3|1_2|1_1#6|1_1|1_3|1_1 | AD49: 12000 | AE49: 0 | AF49: 0 | AG49: 0 | AH49: 28 | AI49: 29 | AJ49: 30 | AK49: 33
A50: 1110004003 | B50: 小钰 | C50: 2 | D50: 16 | E50: 60 | G50: 1110001004 | H50: 0 | I50: 0 | J50: 0 | K50: 0 | L50: 0 | M50: 0 | N50: 0 | O50: 1110001002 | P50: 0 | Q50: 32;29 | R50: 7 | S50: 60 | T50: 1005;2012;2022 | U50: 40 | V50: 0 | W50: 80 | X50: 90 | Y50: 0 | Z50: 0 | AA50: 664 | AB50: 902019;904001;902012 | AC50: 3|1_1|1_4|1_2#6|1_1|1_4|1_1#2|1_2|1_3|1_3 | AD50: 12000 | AE50: 0 | AF50: 0 | AG50: 0 | AH50: 28 | AI50: 29 | AJ50: 30 | AK50: 33
A51: 1110004004 | B51: 杜颜白 | C51: 1 | D51: 37 | E51: 60 | G51: 0 | H51: 0 | I51: 0 | J51: 0 | K51: 0 | L51: 0 | M51: 0 | N51: 0 | O51: 0 | P51: 0 | Q51: 21;22 | R51: 29 | S51: 80 | T51: 2003;2018;2020;2031 | U51: 80 | V51: -10 | W51: 76 | X51: 87 | Y51: 0 | Z51: 0 | AA51: 600 | AB51: 95102015;95301065;95102025 | AC51: 1|2_4|3_6|1_1#5|2_4|1_2|1_1#6|1_1|1_3|1_1 | AD51: 12000 | AE51: 0 | AF51: 0 | AG51: 1 | AH51: 28 | AI51: 29 | AJ51: 30 | AK51: 33
A52: 1110004005 | B52: 柳星雨 | C52: 2 | D52: 33 | E52: 60 | G52: 0 | H52: 0 | I52: 0 | J52: 0 | K52: 0 | L52: 0 | M52: 0 | N52: 0 | O52: 0 | P52: 0 | Q52: 29;11 | R52: 21;22 | S52: 47 | T52: 2015;2012;2001;2024 | U52: 37 | V52: -46 | W52: 89 | X52: 92 | Y52: 0 | Z52: 0 | AA52: 7910 | AB52: 95301015;600102;901401;106202 | AC52: 1|2_4|3_6|1_1#5|2_4|1_2|1_1#6|1_1|1_3|1_1 | AD52: 12000 | AE52: 0 | AF52: 0 | AG52: 1 | AH52: 28 | AI52: 29 | AJ52: 30 | AK52: 33
A53: 1110004006 | B53: 疯癔之人 | C53: 1 | D53: 31 | E53: 40 | G53: 0 | H53: 0 | I53: 0 | J53: 0 | K53: 0 | L53: 0 | M53: 0 | N53: 0 | O53: 0 | P53: 0 | Q53: 26 | R53: 3 | S53: 33 | T53: 2025;1003 | U53: 26 | V53: -39 | W53: 40 | X53: 40 | Y53: 0 | Z53: 0 | AA53: 87 | AB53: 907033;907013;907018 | AC53: 1|2_4|3_6|1_1#5|2_4|1_2|1_1#6|1_1|1_3|1_1 | AD53: 12000 | AE53: 0 | AF53: 0 | AG53: 0 | AH53: 28 | AI53: 29 | AJ53: 30 | AK53: 33
A54: 1120001001 | B54: 孙茶 | C54: 1 | D54: 22 | E54: 70 | G54: 0 | H54: 0 | I54: 0 | J54: 0 | K54: 0 | L54: 0 | M54: 0 | N54: 0 | O54: 0 | P54: 0 | Q54: 13;29 | R54: 31 | S54: 75 | T54: 2024;2023;2021;2012 | U54: 52 | V54: 0 | W54: 71 | X54: 77 | Y54: 0 | Z54: 0 | AA54: 866 | AB54: 908002 | AC54: 1|2_4|3_6|1_1#5|2_4|1_2|1_1#6|1_1|1_3|1_1 | AD54: 13000 | AE54: 0 | AF54: 0 | AG54: 0 | AH54: 28 | AI54: 29 | AJ54: 30 | AK54: 33
A55: 1120001002 | B55: “梅花易数”孙茶 | C55: 1 | D55: 22 | E55: 70 | G55: 0 | H55: 0 | I55: 0 | J55: 0 | K55: 0 | L55: 0 | M55: 0 | N55: 0 | O55: 0 | P55: 0 | Q55: 13;29 | R55: 31 | S55: 75 | T55: 2024;2023;2021;2012 | U55: 52 | V55: 0 | W55: 71 | X55: 77 | Y55: 0 | Z55: 0 | AA55: 866 | AB55: 908002 | AC55: 1|2_4|3_6|1_1#5|2_4|1_2|1_1#6|1_1|1_3|1_1 | AD55: 13000 | AE55: 0 | AF55: 0 | AG55: 0 | AH55: 28 | AI55: 29 | AJ55: 30 | AK55: 33
A56: 1120001003 | B56: 少女 | C56: 2 | D56: 18 | E56: 60 | G56: 0 | H56: 0 | I56: 0 | J56: 0 | K56: 0 | L56: 0 | M56: 0 | N56: 0 | O56: 0 | P56: 0 | Q56: 30;23;3 | R56: 5 | S56: 73 | T56: 2002;2008;2012;3003 | U56: 45 | V56: 0 | W56: 67 | X56: 78 | Y56: 0 | Z56: 0 | AA56: 2931 | AC56: 1|2_4|3_6|1_1#5|2_4|1_2|1_1#6|1_1|1_3|1_1 | AD56: 13000 | AE56: 0 | AF56: 0 | AG56: 1 | AH56: 28 | AI56: 29 | AJ56: 30 | AK56: 33
A57: 1120001004 | B57: 楚林灵 | C57: 2 | D57: 18 | E57: 60 | G57: 0 | H57: 0 | I57: 0 | J57: 0 | K57: 0 | L57: 0 | M57: 0 | N57: 0 | O57: 0 | P57: 0 | Q57: 30;23;3 | R57: 5 | S57: 73 | T57: 2002;2008;2012;3003 | U57: 45 | V57: 0 | W57: 67 | X57: 78 | Y57: 0 | Z57: 0 | AA57: 2931 | AC57: 1|2_4|3_6|1_1#5|2_4|1_2|1_1#6|1_1|1_3|1_1 | AD57: 13000 | AE57: 0 | AF57: 0 | AG57: 1 | AH57: 28 | AI57: 29 | AJ57: 30 | AK57: 33
A58: 1120001005 | B58: 小乞儿 | C58: 2 | D58: 16 | E58: 60 | G58: 0 | H58: 0 | I58: 0 | J58: 0 | K58: 0 | L58: 0 | M58: 0 | N58: 0 | O58: 0 | P58: 0 | Q58: 1;30;4 | R58: 28;31 | S58: 57 | T58: 2012;2013;2001;2002 | U58: 27 | V58: -7 | W58: 30 | X58: 64 | Y58: 0 | Z58: 0 | AA58: 105 | AC58: 3|1_1|1_4|1_2#6|1_1|1_4|1_1#2|1_2|1_3|1_3 | AD58: 13000 | AE58: 0 | AF58: 0 | AG58: 1 | AH58: 28 | AI58: 29 | AJ58: 30 | AK58: 33
A59: 1120001006 | B59: 小包袱 | C59: 2 | D59: 7 | E59: 60 | G59: 0 | H59: 0 | I59: 0 | J59: 0 | K59: 0 | L59: 0 | M59: 0 | N59: 0 | O59: 0 | P59: 0 | Q59: 30 | R59: 13 | S59: 54 | T59: 1001 | U59: 15 | V59: 0 | W59: 40 | X59: 63 | Y59: 0 | Z59: 0 | AA59: 15 | AC59: 6|1_1|1_3|1_1 | AD59: 13000 | AE59: 0 | AF59: 0 | AG59: 0 | AH59: 28 | AI59: 29 | AJ59: 30 | AK59: 33
A60: 1120001007 | B60: 狗剩儿 | C60: 1 | D60: 6 | E60: 60 | G60: 0 | H60: 0 | I60: 0 | J60: 0 | K60: 0 | L60: 0 | M60: 0 | N60: 0 | O60: 0 | P60: 0 | Q60: 25 | R60: 15 | S60: 45 | T60: 2021 | U60: 12 | V60: 0 | W60: 38 | X60: 60 | Y60: 0 | Z60: 0 | AA60: 10 | AC60: 6|1_1|1_3|1_1 | AD60: 13000 | AE60: 0 | AF60: 0 | AG60: 0 | AH60: 28 | AI60: 29 | AJ60: 30 | AK60: 33
A61: 1120001008 | B61: 小七 | C61: 2 | D61: 16 | E61: 60 | G61: 0 | H61: 0 | I61: 0 | J61: 0 | K61: 0 | L61: 0 | M61: 0 | N61: 0 | O61: 0 | P61: 0 | Q61: 1;30;4 | R61: 28;31 | S61: 57 | T61: 2012;2013;2001;2002 | U61: 27 | V61: -7 | W61: 30 | X61: 64 | Y61: 0 | Z61: 0 | AA61: 105 | AC61: 3|1_1|1_4|1_2#6|1_1|1_4|1_1#2|1_2|1_3|1_3 | AD61: 13000 | AE61: 0 | AF61: 1 | AG61: 1 | AH61: 28 | AI61: 29 | AJ61: 30 | AK61: 33
A62: 1120001009 | B62: 朗落男声 | C62: 1 | D62: 27 | E62: 60 | G62: 0 | H62: 0 | I62: 0 | J62: 0 | K62: 0 | L62: 0 | M62: 0 | N62: 0 | O62: 0 | P62: 0 | Q62: 31;16;14 | R62: 23 | S62: 33 | T62: 2018;2021;1006 | U62: 18 | V62: -28 | W62: 78 | X62: 75 | Y62: 0 | Z62: 0 | AA62: 81133 | AC62: 1|2_4|3_6|1_1#5|2_4|1_2|1_1#6|1_1|1_3|1_1 | AD62: 13000 | AE62: 0 | AF62: 0 | AG62: 1 | AH62: 28 | AI62: 29 | AJ62: 30 | AK62: 33
A63: 1120001010 | B63: 西门仲 | C63: 1 | D63: 27 | E63: 60 | G63: 0 | H63: 0 | I63: 0 | J63: 0 | K63: 0 | L63: 0 | M63: 0 | N63: 0 | O63: 0 | P63: 0 | Q63: 31;16;14 | R63: 23 | S63: 33 | T63: 2018;2021;1006 | U63: 18 | V63: -28 | W63: 78 | X63: 75 | Y63: 0 | Z63: 0 | AA63: 81133 | AC63: 1|2_4|3_6|1_1#5|2_4|1_2|1_1#6|1_1|1_3|1_1 | AD63: 13000 | AE63: 0 | AF63: 0 | AG63: 1 | AH63: 28 | AI63: 29 | AJ63: 30 | AK63: 33
A64: 1120001011 | B64: 雍容女子 | C64: 2 | D64: 25 | E64: 60 | G64: 0 | H64: 0 | I64: 0 | J64: 0 | K64: 0 | L64: 0 | M64: 0 | N64: 0 | O64: 0 | P64: 0 | Q64: 17;21;32 | R64: 33 | S64: 72 | T64: 2002;2007;2020 | U64: 54 | V64: 0 | W64: 77 | X64: 85 | Y64: 0 | Z64: 0 | AA64: 91438 | AC64: 1|2_4|3_6|1_1#5|2_4|1_2|1_1#6|1_1|1_3|1_1 | AD64: 13000 | AE64: 0 | AF64: 0 | AG64: 1 | AH64: 28 | AI64: 29 | AJ64: 30 | AK64: 33
A65: 1120001012 | B65: 南宫莲 | C65: 2 | D65: 25 | E65: 60 | G65: 0 | H65: 0 | I65: 0 | J65: 0 | K65: 0 | L65: 0 | M65: 0 | N65: 0 | O65: 0 | P65: 0 | Q65: 17;21;32 | R65: 33 | S65: 72 | T65: 2002;2007;2020 | U65: 54 | V65: 0 | W65: 77 | X65: 85 | Y65: 0 | Z65: 0 | AA65: 91438 | AC65: 1|2_4|3_6|1_1#5|2_4|1_2|1_1#6|1_1|1_3|1_1 | AD65: 13000 | AE65: 0 | AF65: 1 | AG65: 1 | AH65: 28 | AI65: 29 | AJ65: 30 | AK65: 33
A66: 1120001013 | B66: 黄老翁 | C66: 1 | D66: 55 | E66: 60 | G66: 0 | H66: 0 | I66: 0 | J66: 0 | K66: 0 | L66: 0 | M66: 0 | N66: 0 | O66: 0 | P66: 0 | Q66: 5;22 | R66: 26 | S66: 50 | T66: 2003 | U66: 35 | V66: -36 | W66: 68 | X66: 68 | Y66: 0 | Z66: 0 | AA66: 896 | AC66: 3|1_1|2_6|1_2#6|1_1|2_5|1_1#2|1_3|1_5|1_3 | AD66: 13000 | AE66: 0 | AF66: 0 | AG66: 0 | AH66: 28 | AI66: 29 | AJ66: 30 | AK66: 33
A67: 1120001014 | B67: 阿大 | C67: 1 | D67: 34 | E67: 60 | F67: Tag/1007 | G67: 0 | H67: 0 | I67: 0 | J67: 0 | K67: 0 | L67: 0 | M67: 0 | N67: 0 | O67: 0 | P67: 0 | Q67: 33;3 | R67: 23 | S67: 50 | T67: 3005 | U67: 27 | V67: -10 | W67: 69 | X67: 81 | Y67: 0 | Z67: 0 | AA67: 3401 | AC67: 1|1_3|2_4|1_1#5|1_3|1_2|1_1#6|1_1|1_3|1_1 | AD67: 13000 | AE67: 0 | AF67: 0 | AG67: 1 | AH67: 28 | AI67: 29 | AJ67: 30 | AK67: 33
A68: 1120001015 | B68: 阿二 | C68: 1 | D68: 29 | E68: 60 | G68: 0 | H68: 0 | I68: 0 | J68: 0 | K68: 0 | L68: 0 | M68: 1120002075 | N68: 0 | O68: 0 | P68: 0 | Q68: 33;13 | R68: 21 | S68: 49 | T68: 2023 | U68: 21 | V68: -8 | W68: 64 | X68: 74 | Y68: 0 | Z68: 0 | AA68: 1324 | AC68: 1|1_3|2_4|1_1#5|1_3|1_2|1_1#6|1_1|1_3|1_1 | AD68: 13000 | AE68: 0 | AF68: 0 | AG68: 1 | AH68: 28 | AI68: 29 | AJ68: 30 | AK68: 33
A69: 1120001016 | B69: 梁三 | C69: 1 | D69: 22 | E69: 60 | G69: 0 | H69: 0 | I69: 0 | J69: 0 | K69: 0 | L69: 0 | M69: 0 | N69: 0 | O69: 0 | P69: 0 | Q69: 22;9;12 | R69: 31 | S69: 66 | T69: 1002;2012;3005 | U69: 38 | V69: 0 | W69: 65 | X69: 60 | Y69: 0 | Z69: 0 | AA69: 293 | AB69: 908002;908017 | AC69: 3|1_1|1_4|1_2#6|1_1|1_4|1_1#2|1_2|1_3|1_3 | AD69: 13000 | AE69: 0 | AF69: 0 | AG69: 0 | AH69: 28 | AI69: 29 | AJ69: 30 | AK69: 33
A70: 1120001017 | B70: 马俊才 | C70: 1 | D70: 24 | E70: 60 | G70: 0 | H70: 0 | I70: 0 | J70: 0 | K70: 0 | L70: 0 | M70: 0 | N70: 0 | O70: 0 | P70: 0 | Q70: 23;10;14 | R70: 7 | S70: 56 | T70: 2016;2011 | U70: 17 | V70: -3 | W70: 79 | X70: 74 | Y70: 0 | Z70: 0 | AA70: 4997 | AC70: 3|1_1|2_6|1_2#6|1_1|2_5|1_1#2|1_3|1_5|1_3 | AD70: 13000 | AE70: 0 | AF70: 0 | AG70: 0 | AH70: 28 | AI70: 29 | AJ70: 30 | AK70: 33
A71: 1120001018 | B71: 乔应珠 | C71: 2 | D71: 19 | E71: 60 | G71: 0 | H71: 0 | I71: 0 | J71: 0 | K71: 0 | L71: 0 | M71: 0 | N71: 0 | O71: 0 | P71: 0 | Q71: 12;13 | R71: 16 | S71: 60 | T71: 2015;1005;2008;2022 | U71: 30 | V71: 0 | W71: 72 | X71: 71 | Y71: 0 | Z71: 0 | AA71: 3974 | AC71: 3|1_1|2_6|1_2#6|1_1|2_5|1_1#2|1_3|1_5|1_3 | AD71: 13000 | AE71: 0 | AF71: 0 | AG71: 0 | AH71: 28 | AI71: 29 | AJ71: 30 | AK71: 33
A72: 1120001019 | B72: 小花 | C72: 2 | D72: 17 | E72: 60 | G72: 0 | H72: 0 | I72: 0 | J72: 0 | K72: 0 | L72: 0 | M72: 0 | N72: 0 | O72: 0 | P72: 0 | Q72: 32 | R72: 3 | S72: 49 | T72: 2014 | U72: 10 | V72: 0 | W72: 64 | X72: 63 | Y72: 0 | Z72: 0 | AA72: 145 | AC72: 3|1_1|1_3|1_1#6|1_1|1_3|1_1 | AD72: 13000 | AE72: 0 | AF72: 0 | AG72: 0 | AH72: 28 | AI72: 29 | AJ72: 30 | AK72: 33
A73: 1120001020 | B73: 余水民 | C73: 1 | D73: 48 | E73: 60 | G73: 0 | H73: 0 | I73: 0 | J73: 0 | K73: 0 | L73: 0 | M73: 0 | N73: 0 | O73: 0 | P73: 0 | Q73: 1;18 | R73: 11 | S73: 47 | T73: 2034 | U73: 19 | V73: -4 | W73: 79 | X73: 77 | Y73: 0 | Z73: 0 | AA73: 389 | AC73: 3|1_1|1_4|1_2#6|1_1|1_4|1_1#2|1_2|1_3|1_3 | AD73: 13000 | AE73: 0 | AF73: 0 | AG73: 0 | AH73: 28 | AI73: 29 | AJ73: 30 | AK73: 33
A74: 1120001021 | B74: 梁三顾 | C74: 1 | D74: 22 | E74: 60 | G74: 0 | H74: 0 | I74: 0 | J74: 0 | K74: 0 | L74: 0 | M74: 0 | N74: 0 | O74: 0 | P74: 0 | Q74: 22;9;12 | R74: 31 | S74: 66 | T74: 1002;2012;3005 | U74: 38 | V74: 0 | W74: 65 | X74: 60 | Y74: 0 | Z74: 0 | AA74: 293 | AB74: 908002;908017 | AC74: 3|1_1|1_4|1_2#6|1_1|1_4|1_1#2|1_2|1_3|1_3 | AD74: 13000 | AE74: 0 | AF74: 0 | AG74: 0 | AH74: 28 | AI74: 29 | AJ74: 30 | AK74: 33
A75: 1120001022 | B75: 乔应珠 | C75: 2 | D75: 19 | E75: 60 | G75: 0 | H75: 0 | I75: 0 | J75: 0 | K75: 0 | L75: 0 | M75: 0 | N75: 0 | O75: 0 | P75: 0 | Q75: 12;13 | R75: 16 | S75: 60 | T75: 2015;1005;2008;2022 | U75: 30 | V75: 0 | W75: 72 | X75: 71 | Y75: 0 | Z75: 0 | AA75: 3974 | AC75: 3|1_1|2_6|1_2#6|1_1|2_5|1_1#2|1_3|1_5|1_3 | AD75: 13000 | AE75: 0 | AF75: 0 | AG75: 0 | AH75: 28 | AI75: 29 | AJ75: 30 | AK75: 33
A76: 1120001023 | B76: 洪四海 | C76: 1 | D76: 29 | E76: 60 | G76: 0 | H76: 0 | I76: 0 | J76: 0 | K76: 0 | L76: 0 | M76: 0 | N76: 0 | O76: 0 | P76: 0 | Q76: 23;24 | R76: 18 | S76: 54 | T76: 2022;2034;2027 | U76: 39 | V76: -19 | W76: 77 | X76: 82 | Y76: 0 | Z76: 0 | AA76: 416 | AC76: 1|2_4|3_6|1_1#5|2_4|1_2|1_1#6|1_1|1_3|1_1 | AD76: 13000 | AE76: 0 | AF76: 1 | AG76: 1 | AH76: 28 | AI76: 29 | AJ76: 30 | AK76: 33
A77: 1120001024 | B77: 孟阳伯 | C77: 1 | D77: 53 | E77: 60 | G77: 0 | H77: 0 | I77: 0 | J77: 0 | K77: 0 | L77: 0 | M77: 0 | N77: 0 | O77: 0 | P77: 0 | Q77: 17 | R77: 34 | S77: 69 | T77: 2007 | U77: 33 | V77: -11 | W77: 63 | X77: 69 | Y77: 0 | Z77: 0 | AA77: 608 | AC77: 1|2_4|3_6|1_1#5|2_4|1_2|1_1#6|1_1|1_3|1_1 | AD77: 13000 | AE77: 0 | AF77: 0 | AG77: 1 | AH77: 28 | AI77: 29 | AJ77: 30 | AK77: 33
A78: 1120001025 | B78: 傻小子 | C78: 1 | D78: 16 | E78: 60 | G78: 0 | H78: 0 | I78: 0 | J78: 0 | K78: 0 | L78: 0 | M78: 0 | N78: 0 | O78: 0 | P78: 0 | Q78: 32;7 | R78: 33 | S78: 50 | T78: 1004;2011;2016 | U78: 13 | V78: 0 | W78: 68 | X78: 90 | Y78: 0 | Z78: 0 | AA78: 113 | AC78: 6|1_1|1_3|1_1 | AD78: 13000 | AE78: 0 | AF78: 0 | AG78: 0 | AH78: 28 | AI78: 29 | AJ78: 30 | AK78: 33
A79: 1120001026 | B79: 孩童 | C79: 1 | D79: 7 | E79: 60 | G79: 0 | H79: 0 | I79: 0 | J79: 0 | K79: 0 | L79: 0 | M79: 0 | N79: 0 | O79: 0 | P79: 0 | Q79: 24 | R79: 16 | S79: 46 | T79: 2020 | U79: 8 | V79: 0 | W79: 61 | X79: 84 | Y79: 0 | Z79: 0 | AA79: 105 | AC79: 3|1_1|2_6|1_2#6|1_1|1_4|1_1 | AD79: 13000 | AE79: 0 | AF79: 0 | AG79: 0 | AH79: 28 | AI79: 29 | AJ79: 30 | AK79: 33
A80: 1120001027 | B80: 赵辛 | C80: 1 | D80: 34 | E80: 60 | F80: Tag/1004 | G80: 0 | H80: 0 | I80: 0 | J80: 0 | K80: 0 | L80: 0 | M80: 0 | N80: 0 | O80: 0 | P80: 0 | Q80: 3;7 | R80: 14 | S80: 58 | T80: 2023 | U80: 28 | V80: -3 | W80: 80 | X80: 76 | Y80: 0 | Z80: 0 | AA80: 1503 | AC80: 4|1_1|1_6|1_2#1|1_4|1_6|1_3#6|1_1|1_6|1_3 | AD80: 13000 | AE80: 0 | AF80: 0 | AG80: 0 | AH80: 28 | AI80: 29 | AJ80: 30 | AK80: 33
A81: 1120001028 | B81: 道悟 | C81: 1 | D81: 25 | E81: 60 | G81: 0 | H81: 0 | I81: 0 | J81: 0 | K81: 0 | L81: 0 | M81: 0 | N81: 0 | O81: 0 | P81: 0 | Q81: 20 | R81: 5 | S81: 82 | T81: 2034 | U81: 76 | V81: 0 | W81: 62 | X81: 84 | Y81: 0 | Z81: 0 | AA81: 387 | AC81: 6|1_1|1_3|1_1#5|1_3|1_2|1_1 | AD81: 13000 | AE81: 0 | AF81: 0 | AG81: 1 | AH81: 28 | AI81: 29 | AJ81: 30 | AK81: 33
A82: 1120001029 | B82: 探花七 | C82: 1 | D82: 28 | E82: 60 | G82: 0 | H82: 0 | I82: 0 | J82: 0 | K82: 0 | L82: 0 | M82: 0 | N82: 0 | O82: 0 | P82: 0 | Q82: 34 | R82: 30 | S82: 32 | T82: 2027 | U82: 7 | V82: -42 | W82: 79 | X82: 74 | Y82: 0 | Z82: 0 | AA82: 892 | AC82: 1|2_4|3_6|1_1#5|2_4|1_2|1_1#6|1_1|1_3|1_1 | AD82: 13000 | AE82: 0 | AF82: 0 | AG82: 1 | AH82: 28 | AI82: 29 | AJ82: 30 | AK82: 33
A83: 1120001030 | B83: 许张氏 | C83: 2 | D83: 39 | E83: 60 | F83: Tag/1008 | G83: 0 | H83: 0 | I83: 0 | J83: 0 | K83: 0 | L83: 0 | M83: 0 | N83: 0 | O83: 0 | P83: 0 | Q83: 26;4 | R83: 8 | S83: 48 | T83: 3004 | U83: 27 | V83: -4 | W83: 62 | X83: 50 | Y83: 0 | Z83: 0 | AA83: 2772 | AC83: 3|1_1|1_4|1_2#6|1_1|1_4|1_1#2|1_2|1_3|1_3 | AD83: 13000 | AE83: 0 | AF83: 0 | AG83: 0 | AH83: 28 | AI83: 29 | AJ83: 30 | AK83: 33
A84: 1120001031 | B84: 西门家仆 | C84: 1 | D84: 24 | E84: 60 | G84: 0 | H84: 0 | I84: 0 | J84: 0 | K84: 0 | L84: 0 | M84: 0 | N84: 0 | O84: 0 | P84: 0 | Q84: 23;18 | R84: 9 | S84: 34 | T84: 2021 | U84: 8 | V84: -19 | W84: 80 | X84: 81 | Y84: 0 | Z84: 0 | AA84: 422 | AC84: 3|1_1|1_4|1_2#6|1_1|1_4|1_1#2|1_2|1_3|1_3 | AD84: 13000 | AE84: 0 | AF84: 0 | AG84: 0 | AH84: 28 | AI84: 29 | AJ84: 30 | AK84: 33
A85: 1120001032 | B85: 何郎中 | C85: 1 | D85: 43 | E85: 60 | F85: Tag/1002 | G85: 0 | H85: 0 | I85: 0 | J85: 0 | K85: 0 | L85: 0 | M85: 0 | N85: 0 | O85: 0 | P85: 0 | Q85: 6;27 | R85: 28 | S85: 73 | T85: 2036 | U85: 42 | V85: -3 | W85: 66 | X85: 62 | Y85: 0 | Z85: 0 | AA85: 1524 | AC85: 6|1_1|1_6|1_1#2|1_3|3_5|1_3 | AD85: 13000 | AE85: 0 | AF85: 0 | AG85: 0 | AH85: 28 | AI85: 29 | AJ85: 30 | AK85: 33
A86: 1120001033 | B86: 南宫侍女 | C86: 2 | D86: 22 | E86: 60 | G86: 0 | H86: 0 | I86: 0 | J86: 0 | K86: 0 | L86: 0 | M86: 0 | N86: 0 | O86: 0 | P86: 0 | Q86: 15;29 | R86: 19 | S86: 56 | T86: 3001 | U86: 27 | V86: -2 | W86: 78 | X86: 84 | Y86: 0 | Z86: 0 | AA86: 572 | AC86: 3|1_1|1_4|1_2#6|1_1|1_4|1_1#2|1_2|1_3|1_3 | AD86: 13000 | AE86: 0 | AF86: 0 | AG86: 1 | AH86: 28 | AI86: 29 | AJ86: 30 | AK86: 33
A87: 1120001034 | B87: 杂货郎 | C87: 1 | D87: 33 | E87: 60 | F87: Tag/1007 | G87: 0 | H87: 0 | I87: 0 | J87: 0 | K87: 0 | L87: 0 | M87: 0 | N87: 0 | O87: 0 | P87: 0 | Q87: 33;8 | R87: 26 | S87: 45 | T87: 2034 | U87: 24 | V87: -5 | W87: 80 | X87: 83 | Y87: 0 | Z87: 0 | AA87: 1050 | AC87: 6|1_1|1_6|1_1#2|1_3|1_5|1_3#4|1_1|1_3|1_3 | AD87: 13000 | AE87: 0 | AF87: 0 | AG87: 0 | AH87: 28 | AI87: 29 | AJ87: 30 | AK87: 33
A88: 1120001035 | B88: 青松阁特使 | C88: 2 | D88: 26 | E88: 60 | F88: Tag/1007 | G88: 0 | H88: 0 | I88: 0 | J88: 0 | K88: 0 | L88: 0 | M88: 0 | N88: 0 | O88: 0 | P88: 0 | Q88: 4;31;2 | R88: 34 | S88: 54 | T88: 1002 | U88: 26 | V88: 0 | W88: 64 | X88: 81 | Y88: 0 | Z88: 0 | AA88: 3638 | AC88: 3|1_1|1_6|1_2#6|1_1|1_6|1_1#2|1_3|1_5|1_3#4|1_1|1_3|1_3 | AD88: 13000 | AE88: 0 | AF88: 0 | AG88: 0 | AH88: 28 | AI88: 29 | AJ88: 30 | AK88: 33
A89: 1120001036 | B89: 孩童 | C89: 1 | D89: 6 | E89: 60 | G89: 0 | H89: 0 | I89: 0 | J89: 0 | K89: 0 | L89: 0 | M89: 0 | N89: 0 | O89: 0 | P89: 0 | Q89: 9 | R89: 5 | S89: 45 | T89: 2005 | U89: 5 | V89: 0 | W89: 61 | X89: 85 | Y89: 0 | Z89: 0 | AA89: 151 | AC89: 3|1_1|1_3|1_1#6|1_1|1_3|1_1 | AD89: 13000 | AE89: 0 | AF89: 0 | AG89: 0 | AH89: 28 | AI89: 29 | AJ89: 30 | AK89: 33
A90: 1120001037 | B90: 孩童 | C90: 1 | D90: 8 | E90: 60 | G90: 0 | H90: 0 | I90: 0 | J90: 0 | K90: 0 | L90: 0 | M90: 0 | N90: 0 | O90: 0 | P90: 0 | Q90: 16 | R90: 15 | S90: 47 | T90: 2033 | U90: 3 | V90: 0 | W90: 66 | X90: 80 | Y90: 0 | Z90: 0 | AA90: 137 | AC90: 3|1_1|1_3|1_1#6|1_1|1_3|1_1 | AD90: 13000 | AE90: 0 | AF90: 0 | AG90: 0 | AH90: 28 | AI90: 29 | AJ90: 30 | AK90: 33
A91: 1120001038 | B91: 南宫侍女 | C91: 2 | D91: 17 | E91: 60 | G91: 0 | H91: 0 | I91: 0 | J91: 0 | K91: 0 | L91: 0 | M91: 0 | N91: 0 | O91: 0 | P91: 0 | Q91: 32 | R91: 7 | S91: 55 | T91: 2002 | U91: 23 | V91: -1 | W91: 78 | X91: 75 | Y91: 0 | Z91: 0 | AA91: 708 | AC91: 3|1_1|1_4|1_2#6|1_1|1_4|1_1#2|1_2|1_3|1_3 | AD91: 13000 | AE91: 0 | AF91: 0 | AG91: 1 | AH91: 28 | AI91: 29 | AJ91: 30 | AK91: 33
A92: 1120001039 | B92: 南宫侍女 | C92: 2 | D92: 20 | E92: 60 | G92: 0 | H92: 0 | I92: 0 | J92: 0 | K92: 0 | L92: 0 | M92: 0 | N92: 0 | O92: 0 | P92: 0 | Q92: 25 | R92: 9 | S92: 59 | T92: 1003 | U92: 26 | V92: -3 | W92: 78 | X92: 78 | Y92: 0 | Z92: 0 | AA92: 682 | AC92: 3|1_1|1_4|1_2#6|1_1|1_4|1_1#2|1_2|1_3|1_3 | AD92: 13000 | AE92: 0 | AF92: 0 | AG92: 1 | AH92: 28 | AI92: 29 | AJ92: 30 | AK92: 33
A93: 1120001040 | B93: 南宫侍女 | C93: 2 | D93: 21 | E93: 60 | G93: 0 | H93: 0 | I93: 0 | J93: 0 | K93: 0 | L93: 0 | M93: 0 | N93: 0 | O93: 0 | P93: 0 | Q93: 19 | R93: 20 | S93: 57 | T93: 2023 | U93: 28 | V93: -1 | W93: 65 | X93: 74 | Y93: 0 | Z93: 0 | AA93: 822 | AC93: 3|1_1|1_4|1_2#6|1_1|1_4|1_1#2|1_2|1_3|1_3 | AD93: 13000 | AE93: 0 | AF93: 0 | AG93: 1 | AH93: 28 | AI93: 29 | AJ93: 30 | AK93: 33
A94: 1120002001 | B94: 店小二 | C94: 1 | D94: 20 | E94: 60 | F94: Tag/1001 | G94: 0 | H94: 0 | I94: 0 | J94: 0 | K94: 0 | L94: 0 | M94: 0 | N94: 0 | O94: 0 | P94: 0 | Q94: 1;5 | R94: 6 | S94: 48 | T94: 2003 | U94: 17 | V94: -8 | W94: 76 | X94: 82 | Y94: 0 | Z94: 0 | AA94: 1344 | AC94: 3|1_1|1_4|1_2#6|1_1|1_4|1_1#2|1_2|1_3|1_3 | AD94: 13000 | AE94: 0 | AF94: 0 | AG94: 0 | AH94: 28 | AI94: 29 | AJ94: 30 | AK94: 33
A95: 1120002002 | B95: 毛贼 | C95: 1 | D95: 22 | E95: 60 | F95: Tag/1007 | G95: 0 | H95: 0 | I95: 0 | J95: 0 | K95: 0 | L95: 0 | M95: 0 | N95: 0 | O95: 0 | P95: 0 | Q95: 18 | R95: 22 | S95: 36 | T95: 3003 | U95: 6 | V95: -15 | W95: 68 | X95: 71 | Y95: 0 | Z95: 0 | AA95: 708 | AC95: 1|1_3|2_4|1_1#5|1_3|1_2|1_1#6|1_1|1_3|1_1 | AD95: 13000 | AE95: 0 | AF95: 0 | AG95: 1 | AH95: 28 | AI95: 29 | AJ95: 30 | AK95: 33
A96: 1120002003 | B96: 黑市看门人 | C96: 1 | D96: 33 | E96: 60 | G96: 0 | H96: 0 | I96: 0 | J96: 0 | K96: 0 | L96: 0 | M96: 0 | N96: 0 | O96: 0 | P96: 0 | Q96: 11 | R96: 26 | S96: 47 | T96: 2035 | U96: 30 | V96: -1 | W96: 80 | X96: 76 | Y96: 0 | Z96: 0 | AA96: 300 | AC96: 1|1_3|2_4|1_1#5|1_3|1_2|1_1#6|1_1|1_3|1_1 | AD96: 13000 | AE96: 0 | AF96: 0 | AG96: 1 | AH96: 28 | AI96: 29 | AJ96: 30 | AK96: 33
A97: 1120002004 | B97: 小贩甲 | C97: 1 | D97: 28 | E97: 60 | G97: 0 | H97: 0 | I97: 0 | J97: 0 | K97: 0 | L97: 0 | M97: 0 | N97: 0 | O97: 0 | P97: 0 | Q97: 18;26 | R97: 29 | S97: 47 | T97: 1002 | U97: 11 | V97: -5 | W97: 70 | X97: 84 | Y97: 0 | Z97: 0 | AA97: 778 | AC97: 1|1_3|2_4|1_1#5|1_3|1_2|1_1#6|1_1|1_3|1_1 | AD97: 13000 | AE97: 0 | AF97: 0 | AG97: 0 | AH97: 28 | AI97: 29 | AJ97: 30 | AK97: 33
A98: 1120002005 | B98: 小贩乙 | C98: 1 | D98: 32 | E98: 60 | G98: 0 | H98: 0 | I98: 0 | J98: 0 | K98: 0 | L98: 0 | M98: 0 | N98: 0 | O98: 0 | P98: 0 | Q98: 18;8 | R98: 32 | S98: 48 | T98: 2003 | U98: 21 | V98: -1 | W98: 61 | X98: 71 | Y98: 0 | Z98: 0 | AA98: 733 | AC98: 1|1_3|2_4|1_1#5|1_3|1_2|1_1#6|1_1|1_3|1_1 | AD98: 13000 | AE98: 0 | AF98: 0 | AG98: 0 | AH98: 28 | AI98: 29 | AJ98: 30 | AK98: 33
A99: 1120002006 | B99: 小贩丙 | C99: 1 | D99: 31 | E99: 60 | G99: 0 | H99: 0 | I99: 0 | J99: 0 | K99: 0 | L99: 0 | M99: 0 | N99: 0 | O99: 0 | P99: 0 | Q99: 18;7 | R99: 27 | S99: 54 | T99: 2012 | U99: 24 | V99: -6 | W99: 71 | X99: 62 | Y99: 0 | Z99: 0 | AA99: 597 | AC99: 1|1_3|2_4|1_1#5|1_3|1_2|1_1#6|1_1|1_3|1_1 | AD99: 13000 | AE99: 0 | AF99: 0 | AG99: 0 | AH99: 28 | AI99: 29 | AJ99: 30 | AK99: 33
A100: 1120002007 | B100: 茶客甲 | C100: 1 | D100: 31 | E100: 60 | G100: 0 | H100: 0 | I100: 0 | J100: 0 | K100: 0 | L100: 0 | M100: 0 | N100: 0 | O100: 0 | P100: 0 | Q100: 17 | R100: 10 | S100: 53 | T100: 2006 | U100: 33 | V100: -2 | W100: 77 | X100: 80 | Y100: 0 | Z100: 0 | AA100: 527 | AC100: 1|1_3|2_4|1_1#5|1_3|1_2|1_1#6|1_1|1_3|1_1 | AD100: 13000 | AE100: 0 | AF100: 0 | AG100: 0 | AH100: 28 | AI100: 29 | AJ100: 30 | AK100: 33
...

Sheet NpcDialogLips
A1: ID | B1: 名称 | C1: 显示参数 | D1: 显示条件 | E1: 显示值 | F1: 执行参数 | G1: 执行条件 | H1: 执行值 | I1: 不满足提示 | J1: 方法 | K1: 概率 | N1: CD时间 | O1: 成功参数 | P1: 成功赋值 | Q1: 失败参数 | R1: 失败赋值 | S1: 成功对话ID | T1: 失败对话ID | U1: 战斗胜利对话ID | V1: 战斗失败对话ID | W1: 限制次数 | X1: 限制恢复CD | Y1: 受限提示 | Z1: 特殊参数 | AA1: 成功提示 | AB1: 失败提示
A2: id | B2: name | C2: param | D2: term | E2: value | F2: eParam | G2: eTerm | H2: eValue | I2: lipsTips | J2: fun | K2: mathP | L2: mathN | M2: battle | N2: cdTime | O2: succParam | P2: succValue | Q2: failParam | R2: failValue | S2: succDialog | T2: failDialog | U2: succAttackDialog | V2: failAttackDialog | W2: count | X2: regainTime | Y2: RestrictTips | Z2: tsParam | AA2: succTips | AB2: failTips
A3: 30 | B3: 浏览货品 | C3: touchId | D3: // | E3: 1110003002 | J3: Shop12001 | K3: 100 | N3: 0 | W3: 1000
A4: 31 | B4: 浏览货品 | C4: touchId | D4: // | E4: 1110002005 | J4: Shop12002 | K4: 100 | N4: 0 | W4: 1000
A5: 32 | B5: 浏览货品 | C5: touchId | D5: // | E5: 1110003006 | J5: Shop12003 | K5: 100 | N5: 0 | W5: 1000
A6: 33 | B6: 浏览货品 | C6: touchId | D6: // | E6: 1110003007 | J6: Shop12004 | K6: 100 | N6: 0 | W6: 1000
A7: 34 | B7: 浏览货品 | C7: touchId | D7: // | E7: 1110002009 | J7: Shop12005 | K7: 100 | N7: 0 | W7: 1000
A8: 36 | B8: 浏览货品 | J8: Shop12002 | K8: 100 | N8: 0 | W8: 1000
A9: 37 | B9: 睡到某时 | J9: Sleep | K9: 100 | N9: 0 | W9: 1000
A10: 38 | B10: 睡到天亮 | J10: SleepDawn | K10: 100 | N10: 0 | W10: 1000
A11: 39 | B11: 武馆交易 | J11: GymsShop,CloseUI | K11: 100 | N11: 0 | W11: 1000
A12: 40 | B12: 上门踢馆 | K12: 100 | N12: 0 | S12: 112 | W12: 1 | X12: 7200 | Y12: 阁下近日已挑战过此处，且待五日后再来为好。
A13: 41 | B13: 开始挑战 | J13: GymsBattle3 | K13: 100 | N13: 0 | U13: 113 | V13: 116 | W13: 1000
A14: 42 | B14: 开始挑战 | J14: GymsBattle2 | K14: 100 | N14: 0 | U14: 114 | V14: 116 | W14: 1000
A15: 43 | B15: 开始挑战 | J15: GymsBattle1 | K15: 100 | N15: 0 | U15: 115 | V15: 116 | W15: 1000
A16: 44 | B16: 夺取武馆 | J16: GymsOwn | K16: 100 | N16: 0 | S16: 119 | W16: 1000
A17: 45 | B17: 礼貌离开 | K17: 100 | N17: 0 | O17: PlayerLove(),1000+ | P17: 30+,sliver | S17: 120 | W17: 1000
A18: 46 | B18: 接受挑战 | J18: GymsBattle4 | K18: 100 | N18: 0 | U18: 117 | V18: 118 | W18: 1000
A19: 47 | B19: 无奈离开 | J19: GymsLose,CloseUI | K19: 100 | N19: 0 | W19: 1000
A20: 48 | B20: 赶走挑战者 | J20: GymsKeep,CloseUI | K20: 100 | N20: 0 | W20: 1000
A21: 49 | B21: 武馆交易（免费） | C21: gymsOwnerId | D21: // | E21: 1 | J21: GymsShop,CloseUI | K21: 100 | N21: 0 | W21: 1000
A22: 50 | B22: 调整武馆镇守 | C22: gymsOwnerId | D22: // | E22: 1 | F22: gymsDefierId | G22: // | H22: 0 | I22: 正有挑战者来犯 | J22: GymsGuardSet | K22: 100 | N22: 0 | W22: 1000
A23: 51 | B23: 召回同伴 | J23: GymsGuardRemove,CloseUI | K23: 100 | N23: 0 | W23: 1000
A24: 60 | B24: 打探行踪 | J24: NpcSrcout | K24: 100 | N24: 0 | W24: 1000
A25: 61 | B25: 取消委托 | J25: NpcSrcoutRemove | K25: 100 | N25: 0 | W25: 1000
A26: 100 | B26: 随心畅谈 | C26: age,state | D26: >,!/ | E26: 9,2 | F26: love | G26: > | H26: -31 | I26: 需好感度≥-30 | K26: 100 | N26: 0 | S26: 1001 | W26: 1000
A27: 200 | B27: 礼尚往来 | C27: age,state | D27: >,!/ | E27: 9,2 | F27: love | G27: > | H27: -31 | I27: 需好感度≥-30 | K27: 100 | N27: 0 | S27: 2001 | W27: 1000
A28: 300 | B28: 图谋不轨 | C28: age,JiaoQing<FuMu> | D28: >,!/ | E28: 9,1 | K28: 100 | N28: 0 | S28: 3001 | W28: 1000
A29: 400 | B29: 江湖结缘 | C29: age,state,JiaoQing<FuMu> | D29: >,!/,!/ | E29: 9,2,1 | K29: 100 | N29: 0 | S29: 4001 | W29: 1000
A30: 700 | B30: 技艺武学 | C30: age,state | D30: >,!/ | E30: 13,2 | K30: 100 | N30: 0 | S30: 7001 | W30: 1000
A31: 500 | B31: 暂且离去 | J31: CloseUI | K31: 100 | N31: 0 | W31: 1000
A32: 600 | B32: 返回 | J32: ReturnTopDialog | K32: 100 | N32: 0 | W32: 1000
A33: 601 | B33: 返回 | J33: ReturnBack | K33: 100 | N33: 0 | W33: 1000
A34: 110 | B34: 简单问候 | C34: love | D34: < | E34: 20 | F34: 4 | G34: < | H34: SP | I34: 精力值不足 | J34: CutTo你二人简问互答，诉近日之见闻，相谈甚欢…… | K34: 100 | N34: 0 | O34: PlayerLove(),5- | P34: 1+,LessenSP() | S34: 1101 | W34: 1 | X34: 1440 | Y34: 今日已经问候过此人，不妨十二时辰之后再来。
A35: 111 | B35: 简单问候 | C35: love | D35: < | E35: 0 | J35: CutTo你二人简问互答，诉近日之见闻，相谈甚欢…… | K35: 100 | N35: 0 | O35: PlayerLove(),10- | P35: 3+,LessenSP() | S35: 1101 | W35: 1 | X35: 1440 | Y35: 今日已经问候过此人，不妨十二时辰之后再来。
A36: 120 | B36: 畅谈心事 | C36: love | D36: > | E36: 19 | F36: 9 | G36: < | H36: SP | I36: 精力值不足 | J36: CutTo你与其言语互诉，置腹畅谈，言语酣畅，不觉内心大慰。 | K36: 80 | N36: 0 | O36: PlayerLove(),10- | P36: 2+,LessenSP() | Q36: 10- | R36: LessenSP() | S36: 1201 | T36: 1202 | W36: 2 | X36: 1440 | Y36: 今日一番长谈后，其人甚为疲倦，不妨十二时辰之后再来。
A37: 121 | B37: 畅谈心事 | K37: 50 | N37: 0 | O37: PlayerLove(),10- | P37: 1+,LessenSP() | Q37: 10- | R37: LessenSP() | S37: 1201 | T37: 1202 | W37: 2 | X37: 1440 | Y37: 今日一番长谈后，其人甚为疲倦，不妨十二时辰之后再来。
A38: 130 | B38: 探讨武学 | C38: attribute | D38: > | E38: attribute | F38: attribute | G38: < | H38: attribute | I38: 境界需至少与对方相当 | K38: attribute | L38: attribute | N38: 0 | O38: PlayerLove(),10-,xiuWei,10+ | P38: 5+,LessenSP(),10+,xiuWei | Q38: 10- | R38: LessenSP() | S38: 1301 | T38: 1302 | W38: 1 | X38: 1440 | Y38: 今日一番长谈后，其人甚为疲倦，不妨十二时辰之后再来。
A39: 131 | B39: 探讨武学 | C39: attribute | D39: < | E39: attribute | F39: love,9 | G39: >,< | H39: 29,SP | I39: 需好感度≥30,精力值不足 | J39: CutTo你与其言语互诉，摹武假演，为其讲述此招武学之精意…… | K39: attribute | L39: attribute | N39: 0 | O39: PlayerLove(),10-,xiuWei,10+ | P39: 5+,LessenSP(),10+,xiuWei | Q39: 10- | R39: LessenSP() | S39: 1301 | T39: 1302 | W39: 1 | X39: 1440 | Y39: 今日一番长谈后，其人甚为疲倦，不妨十二时辰之后再来。
A40: 132 | B40: 探讨武学 | C40: attribute | D40: // | E40: attribute | F40: love,9 | G40: >,< | H40: 29,SP | I40: 需好感度≥30,精力值不足 | J40: CutTo你与其言语互诉，摹武假演，为其讲述此招武学之精意…… | K40: attribute | L40: attribute | N40: 0 | O40: PlayerLove(),10-,xiuWei,10+ | P40: 5+,LessenSP(),10+,xiuWei | Q40: 10- | R40: LessenSP() | S40: 1301 | T40: 1302 | W40: 1 | X40: 1440 | Y40: 今日一番长谈后，其人甚为疲倦，不妨十二时辰之后再来。
A41: 210 | B41: 赠送道具（每5日可赠一次） | F41: 29 | G41: < | H41: SP | I41: 精力值不足 | J41: GiveItem | K41: 100 | N41: 0 | W41: 1 | X41: 7200 | Y41: 礼尚往来不宜多，莫以钱财论知音。
A42: 10003 | B42: 择物相赠 | K42: 100 | N42: 0 | O42: 30-,1+ | P42: LessenSP(),friendsSan | Q42: 30- | R42: LessenSP() | S42: 2101 | T42: 2102 | W42: 1000
A43: 220 | B43: 求取物品 | F43: love,9 | G43: >,< | H43: 24,SP | I43: 需好感度≥25,精力值不足 | J43: ShowItem | K43: 100 | N43: 0 | W43: 1000
A44: 221 | B44: 求取物品 | K44: 100 | N44: 0 | W44: 1000
A45: 10002 | B45: 求取成功后判断 | K45: 50 | N45: 0 | O45: 10- | P45: LessenSP() | Q45: 10- | R45: LessenSP() | S45: 2201 | T45: 2202 | W45: 1000 | Z45: 1,5,8,10,20,40,80
A46: 230 | B46: 求取银两 | F46: love,9 | G46: >,< | H46: 39,SP | I46: 需好感度≥40,精力值不足 | K46: 100 | N46: 0 | S46: 2301 | W46: 1000
A47: 234 | B47: 求取银两 | I47: 好感度不足 | K47: 100 | N47: 0 | W47: 1000
A48: 231 | B48: 求取纹银1两 | F48: 9,goldCoin | G48: <,> | H48: SP,999 | I48: 精力值不足,对方金钱不足 | K48: 70 | N48: 0 | O48: PlayerLove(),goldCoin,1000+,10- | P48: 10-,1000-,sliver,LessenSP() | Q48: 10- | R48: LessenSP() | S48: 2311 | T48: 2312 | W48: 1000
A49: 232 | B49: 求取纹银5两 | F49: 9,goldCoin | G49: <,> | H49: SP,4999 | I49: 精力值不足,对方金钱不足 | K49: 50 | N49: 0 | O49: PlayerLove(),goldCoin,5000+,10- | P49: 20-,5000-,sliver,LessenSP() | Q49: 10- | R49: LessenSP() | S49: 2311 | T49: 2312 | W49: 1000
A50: 233 | B50: 求取纹银10两 | F50: 9,goldCoin | G50: <,> | H50: SP,9999 | I50: 精力值不足,对方金钱不足 | K50: 30 | N50: 0 | O50: PlayerLove(),goldCoin,10000+,10- | P50: 30-,10000-,sliver,LessenSP() | Q50: 10- | R50: LessenSP() | S50: 2311 | T50: 2312 | W50: 1000
A51: 240 | B51: 切磋演练 | F51: 14 | G51: < | H51: SP | I51: 精力值不足 | K51: 100 | N51: 0 | O51: 15- | P51: LessenSP() | S51: 2401 | T51: 2402 | W51: 1 | X51: 1440 | Y51: 今日一番切磋后，其人甚为疲倦，不妨十二时辰之后再来。
A52: 244 | B52: 切磋演练 | K52: 100 | N52: 0 | W52: 1000
A53: 241 | B53: 望请指教 | J53: RebelBattle | K53: 100 | N53: 0 | U53: 2403 | V53: 2404 | W53: 1000
A54: 242 | B54: 承让 | J54: CloseUI | K54: 100 | N54: 0 | O54: PlayerLove(),xiuWei,10+ | P54: 5+,10+,xiuWei | W54: 1000
A55: 243 | B55: 多谢赐教 | J55: CloseUI | K55: 100 | N55: 0 | O55: PlayerLove(),xiuWei,5+ | P55: 3+,5+,xiuWei | W55: 1000
A56: 310 | B56: 挑衅讥讽 | C56: state | D56: !/ | E56: 2 | F56: 9 | G56: < | H56: SP | I56: 精力值不足 | K56: 100 | N56: 0 | O56: PlayerLove(),10-,3-,1-,ResetState() | P56: 2-,LessenSP(),friendsEr,lichang,5 | Q56: 10-,ResetState() | R56: LessenSP(),5 | S56: 3101 | T56: 3102 | W56: 1000
A57: 313 | B57: 再度言语相讥 | K57: 100 | N57: 0 | O57: PlayerLove(),5-,3- | P57: 10-,friendsEr,lichang | S57: 3105 | W57: 1000
A58: 312 | B58: 出手攻袭 | J58: Battle | K58: 100 | N58: 0 | U58: 3103 | V58: 3104 | W58: 1000
A59: 311 | B59: 肆意羞辱 | K59: 100 | N59: 0 | O59: PlayerLove(),10-,SetChouDiLoveAtPlayer(),7- | P59: 50-,friendsEr,10+,lichang | S59: 3111 | W59: 1000
A60: 320 | B60: 偷窃财物 | F60: 29 | G60: < | H60: SP | I60: 精力值不足 | J60: StartSteal | K60: 100 | N60: 0 | O60: 30-,10-,3-,ResetState() | P60: LessenSP(),friendsEr,lichang,5 | Q60: PlayerLove(),30-,5-,3-,ResetState() | R60: 20-,LessenSP(),friendsEr,lichang,5 | S60: 3201 | U60: 3203 | V60: 3204 | W60: 1000
A61: 10102 | B61: 特殊-偷窃财物 | M61: attributeSf | N61: 0 | O61: 30-,ResetState() | P61: LessenSP(),5 | Q61: PlayerLove(),10-,5-,3-,ResetState() | R61: 10-,LessenSP(),friendsEr,lichang,5 | W61: 1000
A62: 323 | B62: …… | K62: 100 | N62: 0 | O62: PlayerLove() | P62: 20- | S62: 3221 | W62: 1000
A63: 322 | B63: …… | K63: 100 | N63: 0 | O63: 3- | P63: lichang | S63: 3222 | W63: 1000 | AA63: 你身法鬼魅，从{0}怀中窃走物品，神鬼莫觉。
A64: 321 | B64: 事已至此，放手一搏！ | J64: Battle | K64: 100 | N64: 0 | U64: 3203 | V64: 3204 | W64: 1000
A65: 330 | B65: 劫其财物 | F65: 19 | G65: < | H65: SP | I65: 精力值不足 | J65: RecordItem10103 | K65: 100 | N65: 0 | W65: 1000
A66: 10103 | B66: 抢劫财物 | K66: 100 | N66: 0 | O66: PlayerLove(),10-,5-,SetLoveAtPlayer(),ResetState() | P66: 20-,LessenSP(),friendsEr,3-,5 | S66: 3307 | W66: 1000
A67: 331 | B67: 既是不允，那便强抢过来！ | J67: Battle | K67: 100 | N67: 0 | O67: AddPlayerArrestNum() | P67: 10+ | U67: 3303 | V67: 3304 | W67: 1000
A68: 332 | B68: 早该如此！这便收下此物！ | J68: GetRecordItem | K68: 100 | N68: 0 | O68: AddPlayerArrestNum() | P68: 10+ | S68: 3308 | W68: 1000
A69: 340 | B69: 蓄意袭击 | F69: 9 | G69: < | H69: SP | I69: 精力值不足 | K69: 100 | N69: 0 | S69: 3401 | W69: 1000
A70: 342 | B70: 出手攻袭 | J70: Battle | K70: 100 | N70: 0 | O70: PlayerLove(),10-,SetLoveAtPlayer(),5-,AddPlayerArrestNum() | P70: 20-,LessenSP(),5-,SetPlayerAreaPrestige(),5+ | U70: 3403 | V70: 3404 | W70: 1000
A71: 341 | B71: 取其性命 | C71: touchId | D71: // | E71: 0 | K71: 100 | N71: 0 | S71: 3412 | W71: 1000
A72: 3410 | B72: 取其性命 | C72: isJuQing | D72: // | E72: 1 | K72: 100 | N72: 0 | S72: 3412 | W72: 1000
A73: 343 | B73: 吾意已决，取其性命！ | J73: TryKill | K73: 100 | N73: 0 | O73: PlayerLoveToValue(),5-,SetLoveAtPlayerToValue(),SetChouDiLoveAtPlayerToValue(),15-,AddPlayerArrestNum() | P73: 100-,friendsEr,30-,30+,SetPlayerAreaPrestige(),20+ | S73: 3411 | T73: 3414 | W73: 1000
A74: 344 | B74: 求饶无用，纳命来！ | J74: Kill | K74: 100 | N74: 0 | O74: PlayerLove(),5-,SetLoveAtPlayer(),SetChouDiLoveAtPlayer(),15-,20-,AddPlayerArrestNum() | P74: 100-,friendsEr,100-,30+,lichang,SetPlayerAreaPrestige(),20+ | S74: 3411 | W74: 1000
A75: 345 | B75: 取其性命 | J75: CloseUI | K75: 100 | N75: 0 | O75: 30+ | P75: SetPlayerAreaPrestige() | W75: 1000
A76: 346 | B76: 取其性命 | J76: Kill,CloseUI | K76: 100 | N76: 0 | W76: 1000
A77: 349 | B77: 吾意已决，放其离开。 | J77: CloseUI | K77: 100 | N77: 0 | W77: 1000
A78: 350 | B78: 放其一马 | K78: 100 | N78: 0 | S78: 3413 | W78: 1000
A79: 351 | B79: 破财免灾，乞求饶恕 | F79: 299 | G79: < | H79: sliver | I79: 所需银两不足 | J79: ClearRecordItem | K79: 60 | N79: 0 | O79: PlayerLove(),goldCoin,300- | P79: 5-,300+,sliver | S79: 3510 | T79: 3511 | W79: 1000
A80: 352 | B80: 诚心悔过，发誓不再逞强斗狠 | J80: ClearRecordItem | K80: 40 | N80: 0 | O80: PlayerLove(),8- | P80: 5-,lichang | S80: 3520 | T80: 3511 | W80: 1000
A81: 353 | B81: 技不如人，认命待宰 | J81: ClearRecordItem | K81: 100 | N81: 0 | S81: 3530 | W81: 1000
A82: 370 | B82: 俘获 | C82: touchId | D82: // | E82: 0 | F82: 29,0,0 | G82: <,<,// | H82: SP,listMyItemData<908175>,CaptureOnBagLimited | I82: 精力值不足,需要空麻袋,麻袋太多背不动了 | K82: 100 | N82: 0 | S82: 3704 | W82: 1000
A83: 3702 | B83: 俘获 | C83: isJuQing | D83: // | E83: 1 | F83: 29,0,0 | G83: <,<,// | H83: SP,listMyItemData<908175>,CaptureOnBagLimited | I83: 精力值不足,需要空麻袋,麻袋太多背不动了 | K83: 100 | N83: 0 | S83: 3704 | W83: 1000
A84: 377 | B84: 执意不退，逞凶作恶 | J84: Battle | K84: 100 | N84: 0 | O84: ResetState(),30-,15-,7-,PlayerLove(),15-,AddPlayerArrestNum() | P84: 5,LessenSP(),friendsEr,lichang,60-,SetPlayerAreaPrestige(),10+ | Q84: PlayerLove(),30-,15-,7- | R84: 50-,LessenSP(),friendsEr,lichang | U84: 3701 | V84: 3703 | W84: 1000
A85: 3700 | B85: 俘获 | C85: isJuQing | D85: // | E85: 1 | F85: 29,0,0 | G85: <,<,// | H85: SP,listMyItemData<908175>,CaptureOnBagLimited | I85: 精力值不足,需要空麻袋,麻袋太多背不动了 | K85: 100 | N85: 0 | S85: 3704 | W85: 1000
A86: 371 | B86: 击昏此人，且装入麻袋。 | C86: 0 | D86: < | E86: listMyItemData<908175> | J86: UseItemCount908175,CloseUI | K86: 100 | N86: 0 | O86: Kidnap(),10-,AddPlayerArrestNum() | P86: 1,SetPlayerAreaPrestige(),10+ | W86: 1000
A87: 378 | B87: 身上恰好没有空麻袋，只好放任而去。 | C87: 1 | D87: > | E87: listMyItemData<908175> | J87: CloseUI | K87: 100 | N87: 0 | W87: 1000
A88: 379 | B88: 此刻难明，且任其逃走，日后再算！ | J88: Release,CloseUI | K88: 100 | N88: 0 | W88: 1000
A89: 380 | B89: 起身直追！ | J89: RebelBattle | K89: 100 | N89: 0 | U89: 3418 | V89: 3419 | W89: 1000
A90: 381 | B90: 暂饶过此人，以观后效！ | J90: CloseUI | K90: 100 | N90: 0 | W90: 1000
A91: 382 | B91: 对方技高一筹，暂且离去，来日再报！ | J91: Release,CloseUI | K91: 100 | N91: 0 | W91: 1000
A92: 383 | B92: 击昏此人，且装入麻袋。 | J92: UseItemCount908175,CloseUI | K92: 100 | N92: 0 | O92: Kidnap(),PlayerLove(),10+ | P92: 1,60-,SetPlayerAreaPrestige() | W92: 1000 | AA92: 你出手俘获此间恶徒，本地称颂之声不绝……
A93: 372 | B93: 强行掳掠 | J93: Battle | K93: 100 | N93: 0 | O93: AddPlayerArrestNum(), 15- | P93: 20+,SetPlayerAreaPrestige() | U93: 3701 | V93: 3703 | W93: 1000
A94: 373 | B94: 求饶逃走 | J94: CloseUI | K94: 100 | N94: 0 | W94: 1000
A95: 374 | B95: 将其释放 | K95: 100 | N95: 0 | S95: 3741 | W95: 1000
A96: 375 | B96: 将其释放 | J96: Release,CloseUI | K96: 100 | N96: 0 | W96: 1000
A97: 376 | B97: 俘获 | C97: touchId | D97: // | E97: 0 | F97: 0,0 | G97: <,// | H97: listMyItemData<908175>,CaptureOnBagLimited | I97: 需要空麻袋,麻袋太多背不动了 | K97: 100 | N97: 0 | O97: 30-,15-,7-,PlayerLove(),15-,AddPlayerArrestNum() | P97: LessenSP(),friendsEr,lichang,60-,SetPlayerAreaPrestige(),20+ | Q97: PlayerLove(),30-,15-,7- | R97: 50-,LessenSP(),friendsEr,lichang | S97: 3701 | W97: 1000
A98: 3760 | B98: 俘获此人 | F98: 0,0 | G98: <,// | H98: listMyItemData<908175>,CaptureOnBagLimited | I98: 需要空麻袋,麻袋太多背不动了 | K98: 100 | N98: 0 | S98: 3707 | W98: 1000
A99: 3701 | B99: 俘获 | C99: isJuQing | D99: // | E99: 1 | F99: 0,0 | G99: <,// | H99: listMyItemData<908175>,CaptureOnBagLimited | I99: 需要空麻袋,麻袋太多背不动了 | K99: 100 | N99: 0 | O99: 30-,15-,7-,PlayerLove(),15-,AddPlayerArrestNum() | P99: LessenSP(),friendsEr,lichang,60-,SetPlayerAreaPrestige(),20+ | Q99: PlayerLove(),30-,15-,7- | R99: 50-,LessenSP(),friendsEr,lichang | S99: 3701 | W99: 1000
A100: 4120 | B100: 义结金兰 | C100: kithKin<>,JiaoQing<ChouDi>,love,JiaoQing<JinLan> | D100: !/,!/,<,!/ | E100: 1,1,60,1 | F100: JiaoQing<ZhiJiao>,love | G100: //,> | H100: 1,59 | I100: 需先结为知交,需好感度≥60 | K100: 50 | N100: 0 | O100: RemoveJiaoQing(),ZhiJiao;id,20-,relationship,AddJiaoQing(),JinLan;id,SetLoveAtPlayer(),ShowUIAnim() | P100: ZhiJiao;1,RemoveJiaoQing(),LessenSP(),1,JinLan;1,AddJiaoQing(),5+,9 | Q100: 15- | R100: LessenSP() | S100: 4101 | T100: 4102 | W100: 1000 | AA100: 你与{0}二人交情深厚，义结金兰！
...

Sheet NpcDialog
A1: 对话ID | B1: 对话 | C1: Lips选项
A2: id | B2: dialog | C2: lipsID
A3: 1 | B3: 1 | C3: 100,200,300,400,700,4602,4502,500 | D3: 初始
A4: 98 | B4: 14 | C4: 385,170,176,177,178,179,390,391,392,394,386,387,388,389,374,500 | D4: 帮派地牢
A5: 99 | B5: 江湖秘闻，武林逸事，有心自可得之，阁下若有何事，不妨明言。 | C5: 60,61,500 | D5: 探子
A6: 101 | B6: 14 | C6: 385,170,176,177,178,179,390,391,392,394,386,387,388,389,374,500 | D6: 俘获
A7: 102 | B7: 1 | C7: 30,31,32,33,34,100,200,300,400,700,500 | D7: 剧情
A8: 103 | B8: 27 | C8: 100,400,700,500 | D8: 同伴
A9: 104 | B9: 30 | C9: 100,400,700,500 | D9: 剧情同伴
A10: 105 | B10: 33 | C10: 500 | D10: 同伴分道扬镳
A11: 106 | B11: 客官请坐，吃饭还是住店。 | C11: 36,37,38,500 | D11: 掌柜
A12: 107 | B12: 32 | C12: 169,172,173,174,175,500 | D12: 尸首
A13: 108 | B13: 17 | C13: 39,40,500 | D13: 武馆馆主
A14: 109 | B14: 17 | C14: 50,49,500 | D14: 武馆大弟子
A15: 110 | B15: 17 | C15: 500 | D15: 武馆小弟子
A16: 111 | B16: 17 | C16: 46,500 | D16: 武馆挑战者
A17: 112 | B17: 既然朋友有兴致，便让吾之小徒儿与阁下搭手试招……只怕，我这徒儿学艺不精，若是致阁下有所伤残……哼，不若早些退去。 | C17: 41,500 | D17: 武馆踢馆1
A18: 113 | B18: 阁下好武艺，今日这梁子便算结下了！若再不退去，我首席弟子下场，生死不论！劝你速离，莫要丢了性命！ | C18: 42 | D18: 武馆踢馆2
A19: 114 | B19: 当真深藏不露……我这便亲自出马，教你识得人外有人，天外有天！夺我武馆，痴心妄想！ | C19: 43 | D19: 武馆踢馆3
A20: 115 | B20: 在下技不如人……甘拜，甘拜下风……可否，且放过鄙武馆，此乃我唯一营生啊…… | C20: 44,45 | D20: 武馆踢馆胜利
A21: 116 | B21: 如此伎俩，却妄学甚踢馆斗狠？徒儿们，送客！ | C21: 500 | D21: 武馆踢馆失败
A22: 117 | B22: 在下技不如人，输得心甘情愿，是吾狂妄自大……要杀要剐，悉听尊便。 | C22: 48 | D22: 武馆对抗挑战者胜利
A23: 118 | B23: 既如此，这间武馆便归我了！ | C23: 47 | D23: 武馆对抗挑战者失败
A24: 119 | B24: 阁下夺我武馆，断人财路，如此行径……终有一日，我定当寻汝报此仇！ | C24: 500 | D24: 武馆馆主被强夺武馆
A25: 120 | B25: 阁下宅心仁厚，实……实令在下汗颜，些许银两不成敬意，还望大侠收下…… | C25: 500 | D25: 武馆馆主被击败后，礼貌离开
A26: 121 | B26: 17 | C26: 51,500 | D26: 武馆守卫
A27: 200 | B27: 21 | C27: 375,392,601,500 | D27: 勒索成功
A28: 201 | B28: 22 | C28: 392,601,500 | D28: 勒索失败
A29: 1001 | B29: 15 | C29: 110,120,601 | D29: 随心畅谈
A30: 2001 | B30: 1 | C30: 210,220,230,601 | D30: 礼尚往来
A31: 3001 | C31: 310,320,330,340,370,3700,601 | D31: 图谋不轨
A32: 3002 | C32: 310,320,330,340,370,3700,500 | D32: 对剧情Npc行凶作恶
A33: 4001 | B33: 1 | C33: 4400,4120,4121,4122,4220,4221,4320,4321,4322,4323,4100,4101,4102,4103,4104,4105,4106,4107,4108,4109,4110,412,411,4200,4201,4202,4203,4204,4205,4206,4207,4208,4209,421,422,423,4300,4301,4302,4303,4304,4305,4306,431,434,435,436,432,4700,4701,4702,4703,4704,4705,4706,4707,4708,4709,4710,4711,472,471,4800,4801,4802,4803,4804,4805,4806,4807,4808,4809,4810,482,481,4900,4901,4902,4903,4904,4905,4906,4907,4908,4909,4910,492,491,4600,4500,4501,601 | D33: 江湖结缘
A34: 1101 | B34: 数日时间竟有如此多趣闻，江湖际遇实是出乎意料…… | C34: 600
A35: 1201 | B35: 能倾听你的心底私事，想来是被阁下当成了至亲至近之人，江湖人海茫茫，能被阁下信任也算是我的善缘了。 | C35: 600
A36: 1202 | B36: 我知道阁下心事重重，但我自己也是俗务缠身。无暇与阁下闲谈，还请多多包涵。 | C36: 600
A37: 1301 | B37: 能得阁下指点，实在是让我受益匪浅。 | C37: 600
A38: 1302 | B38: 阁下虽然武功造诣在我之上，但刚刚的一番指点确实不得要领。且恕在下无礼，还请阁下不要再多言了。 | C38: 600
A39: 2101 | B39: 太好了，这正是我所喜欢的东西，多谢阁下不吝相赠。 | C39: 600
A40: 2102 | B40: 阁下欲赠我礼品，确实令我十分欣喜，但恐在下身无长物，无以回赠，因而愧不敢受。 | C40: 600
A41: 2201 | B41: 这本是我颇费周折得来之物，不过既然是朋友想要，自然不该吝啬，你拿去便是了。 | C41: 600
A42: 2202 | B42: 实不相瞒，这东西正是我眼下当用之物，确实不方便赠予阁下，还请见谅。 | C42: 600
A43: 2301 | B43: 不知道阁下需要多少银两呢？ | C43: 231,232,233,601
A44: 2311 | B44: 这些银两虽是我长久积攒而来，不过既然是朋友想要，自然不该吝啬，你拿去便是了。 | C44: 600
A45: 2312 | B45: 实不相瞒，这些银两正是我当下急需之物，确实不方便挪借予你，还请见谅。 | C45: 600
... A74: 3307 | B74: 宵小之辈，妄夺他人之物？今日便当教训教训你！ | C74: 331
A75: 3401 | B75: 16 | C75: 342,601
A76: 3403 | B76: 山野蛮夫，逞凶斗狠而已，算什么英雄好汉，要杀要剐悉听尊便。 | C76: 311,176,177,178,179,341,3410,376,3701,500
A77: 3404 | B77: 尔等败类，贼性难移，还需得让尔等宵小终身铭记教训！ | C77: 351,352,353
A78: 3510 | B78: 倒是识趣，看在财物的份上……放过你也并非不可，快滚，莫要让我再看到你！ | C78: 500
A79: 3511 | B79: 事已至此才想起摇尾讨饶？且去和阎王求饶罢！ | C79: 364
A80: 3520 | B80: 倒是识趣，如此……放过你也并非不可，快滚，莫要让我再看到你！ | C80: 500
A81: 3530 | B81: 江湖之中，生死比斗本属寻常，后悔的话，便来世再说罢！ | C81: 364
A82: 3601 | B82: 于我习武之时在一旁偷看，是何居心？莫不是要偷师学艺不成？ | C82: 361
A83: 3602 | B83: 你暗中揣摩，暗下苦功，终将其所擅武学习得一二。 | C83: 500
A84: 3603 | B84: 我之武学皆乃心血所凝，岂容你就此偷习！ | C84: 362
A85: 3604 | B85: 你暗中揣摩，暗下苦功，终将其所擅武学习得一二。 | C85: 500
A86: 3605 | B86: ……我所擅武学虽微不足道，然亦是常年累月，辛苦所得，望主上心念同行之谊，莫再如此。 | C86: 500
A87: 3611 | B87: 你这偷师他人门派武功的败类，看招。 | C87: 500
... A94: 3704 | B94: 悍贼！胆敢如此胡作非为，莫要逼我使出手段！速速退去，免我出手伤你！ | C94: 377,601
A95: 3705 | B95: 此人已然束手，当放当诛，皆在你一念之间…… | C95: 3760,345,350 | D95: 野怪的战斗胜利后交互
A96: 3706 | B96: 拦路恶徒已然穷途末路，当放当诛，皆在你一念之间…… | C96: 3760,346,350 | D96: 劫镖Npc的战斗胜利后交互
A97: 3707 | B97: 你要干什么？放开我……唔~唔！ | C97: 383 | D97: 做好事【俘获】交互
A98: 3741 | B98: 纵然你今日将我放了，等来日再见，依然要找你算这笔账。 | C98: 375,601
A99: 3410 | B99: 事已至此，要杀要剐随尔！ | C99: 389
A100: 3411 | B100: 你竟如此歹毒……我之亲朋定然不会善罢甘休！定然会为…我复仇…… | C100: 500
A101: 3412 | B101: 你……你当真要取我性命不成？ | C101: 343,601
A102: 3413 | B102: 你……此言当真？ | C102: 349,601
A103: 3414 | B103: ……若阁下能饶我性命，在下愿为阁下家仆，日夜侍奉！ | C103: 393,344,500
A104: 3415 | B104: 得主人不弃……在下定当竭心侍奉主人…… | C104: 500
A105: 3416 | B105: 士可杀不可辱！恕在下无法服从！ | C105: 601,500
A106: 3417 | B106: 终不负我心！让我逮到重获自由的机会了！往日之仇，定当相报！ | C106: 379,380
A107: 3418 | B107: 终归……还是难逃魔掌，我，我认负了…… | C107: 381
A108: 3419 | B108: 哈哈哈！皇天不负！我终于再得自由！ | C108: 382
A109: 4101 | B109: 你我二人性情相近，志趣相投，此番你我二人结义，真是我三生有幸。 | C109: 500
... A142: 4905 | B142: 我虽亦欲同你把盏言欢，只是此刻并非饮酒赏乐之时，且先忙要事如何？ | C142: 500
A143: 7001 | C143: 701,250,710,360,363,720,721,601
A144: 7102 | B144: 此乃我安身立命之技，然你我确为挚交，此技传你倒不失你我情分…… | C144: 500
A145: 7103 | B145: 我手里这点小本领，本不足道，况且朋友这番技艺远在我之上，指教二字，在下实在愧不敢当。 | C145: 500
A146: 7104 | B146: 以武会友，实乃人生乐事！ | C146: 130,131,132,240,601
A147: 7201 | B147: 我手里这点小本领，本不足道。不过阁下在一旁鬼鬼祟祟暗中窥探，实在是有失身份。 | C147: 500
A148: 7202 | B148: 我之技艺皆乃心血所凝，岂容你就此偷习！ | C148: 730
A149: 7203 | B149: 你暗中揣摩，暗下苦功，终将其所擅技艺习得一二。 | C149: 500
A150: 7204 | B150: ……我所擅技艺虽微不足道，然亦是常年累月，辛苦所得，望主上心念同行之谊，莫再如此。 | C150: 500
A151: 7211 | B151: 阁下技艺卓绝，我这粗手笨脚的手段，实在不值得阁下暗中关注，还请离开吧。 | C151: 500
A152: 7212 | B152: 你暗中揣摩，暗下苦功，终将其所擅技艺习得一二。 | C152: 500
A153: 7213 | B153: 今日败于阁下之手，他日定要讨个公道。 | C153: 500
A154: 7214 | B154: 你这鬼祟龌龊之徒，贼性难移，还需得让尔等终身铭记教训！ | C154: 351,352,353
A155: 7215 | B155: 既落于你手，又有何话可说，且直接杀了我便是，否则，纵十载百年，我也誓杀汝之亲族满门！ | C155: 500
A156: 7216 | B156: 何必动此大刑……大侠欲求何物，拿了便是，小的知无不言，只求留小的一条性命苟活，日后为大侠鞍前马后，亦是美事…… | C156: 500
A157: 7217 | B157: 竟对我下如此重手……罢了，你直言所求之物便是了。 | C157: 500
A158: 7218 | B158: 你当我是那等无骨气之人否？有何手段，不妨使来！ | C158: 500
A159: 7219 | B159: ……人在屋檐下，不得不低头，你所欲何为，尽管告知于我便是了…… | C159: 500
A160: 7220 | B160: 区区小道，不过如此……我怎会轻易开口？ | C160: 500
A161: 7221 | B161: 这，也罢……你所欲为何，我应了便是…… | C161: 500
A162: 7222 | B162: 吾行为磊落，岂可让你等小人得逞？ | C162: 500
A163: 7223 | B163: 既有所求，何不直言？以我之性情怎会有不允之理？ | C163: 500
A164: 7224 | B164: 正邪不两立，孤侠至死不偷生！有何手段，尽管使出来！ | C164: 500
A165: 7225 | B165: 尔既将我囚困于此，又复问些什么！ | C165: 20399,20400,20401,20402,20403,20404,20405,20408,20409,20410,20411,20412,20413,20414,601
A166: 7226 | B166: 尔既已取得欲取之物，还困留我于此做甚？ | C166: 500
...

Sheet NpcXingWei
A1: 行为ID | B1: 行为类别 | C1: 母行为 | D1: 行为名 | E1: 行为限制 | F1: 精力消耗 | G1: 人情消耗 | H1: 好感度要求 | I1: 行为操作流程 | J1: 行为结果 | K1: 结果参数1 | L1: 结果参数2 | M1: 结果参数3（倍数） | N1: 备注 | O1: 谈话id
A2: id | B2: type | C2: typeM | D2: name | E2: acupointId | F2: jlNum | G2: rqNum | H2: loveNum | I2: selectType | J2: result | K2: c1 | L2: c2 | M2: c3 | N2: tip | O2: talkId
A3: 1 | B3: 1 | C3: 0 | D3: 闲谈 | E3: 无限制 | F3: 10 | G3: 0 | H3: 0 | I3: 选择话题库 | J3: 好感度增加 | K3: 3 | L3: 0 | M3: 0 | N3: 0 | O3: 10001
A4: 2 | B4: 2 | C4: 0 | D4: 向对方求取道具 | E4: 仅能求取对方身上携带道具 | F4: 10 | G4: 0 | H4: 40 | I4: 选择对方携带道具 | J4: 0 | K4: 0 | L4: 0 | M4: 0 | N4: 0 | O4: 20001
A5: 3 | B5: 2 | C5: 0 | D5: 向对方求取银两 | E5: 求取数不得超过对方身上银两 | F5: 10 | G5: 0 | H5: 40 | I5: 输入银两数 | J5: 0 | K5: 0 | L5: 0 | M5: 0 | N5: 0 | O5: 20001
A6: 4 | B6: 3 | C6: 0 | D6: 赠送财物 | E6: 自身携带道具 | F6: 10 | G6: 0 | H6: 0 | I6: 选择赠送礼物（含银两）及数量 | J6: 提升好感度和人情 | K6: 0 | L6: 0 | M6: 2 | N6: 只能选一种，可以选多个 | O6: 30001
A7: 5 | B7: 3 | C7: 0 | D7: 切磋武学 | E7: 无限制 | F7: 15 | G7: 0 | H7: 0 | I7: 战斗 | J7: 胜利提升好感度 | K7: 5 | L7: 0 | M7: 0 | N7: 0 | O7: 30002
A8: 6 | B8: 4 | C8: 0 | D8: 挑衅对方 | E8: 无限制 | F8: 5 | G8: 0 | H8: 0 | I8: 0 | J8: 降低好感度； 概率触发战斗； | K8: 5 | L8: 0 | M8: 0 | N8: 0 | O8: 40001
A9: 7 | B9: 4 | C9: 0 | D9: 偷窃财物 | E9: 查看过对方行囊 | F9: 10 | G9: 0 | H9: 0 | I9: 选择偷窃的道具或银两数量 | J9: 成功获得道具； 失败触发战斗； 降低好感度 | K9: 5 | L9: 0 | M9: 0 | N9: 0 | O9: 40002
A10: 8 | B10: 4 | C10: 0 | D10: 抢夺财物 | E10: 求取失败后触发 | F10: 10 | G10: 0 | H10: 0 | I10: 选择抢夺的道具或银两数量 | J10: 触发战斗，成功必定获得道具； 降低好感度 | K10: 5 | L10: 0 | M10: 0 | N10: 0 | O10: 40003
A11: 9 | B11: 4 | C11: 0 | D11: 拔刀相向 | E11: 0 | F11: 10 | G11: 0 | H11: 0 | I11: 触发战斗 | J11: 胜利； 失败； | K11: 5 | L11: 0 | M11: 0 | N11: 0 | O11: 40004
A12: 10 | B12: 5 | C12: 0 | D12: 赶尽杀绝 | E12: 战斗胜利 | F12: 10 | G12: 0 | H12: 0 | I12: 0 | J12: 杀死对方； 降低关系好感度； 提升相对善恶值； | K12: 5 | L12: 5 | M12: 0 | N12: 0 | O12: 50001
A13: 11 | B13: 5 | C13: 0 | D13: 肆意凌辱 | E13: 战斗胜利 | F13: 10 | G13: 0 | H13: 0 | I13: 0 | J13: 给对方留下DeBuff； 降低好感度； | K13: 5 | L13: 0 | M13: 0 | N13: 0 | O13: 50004
A14: 12 | B14: 5 | C14: 0 | D14: 放其一马 | F14: 10 | G14: 0 | H14: 0 | I14: 0 | J14: 降低好感度； 增加人情值； | K14: 5 | L14: 5 | M14: 0 | N14: 0 | O14: 50005
A15: 13 | B15: 5 | C15: 0 | D15: 伤害 | E15: 战斗胜利 | F15: 2 | G15: 0 | H15: 0 | I15: 0 | J15: 给对方留下DeBuff； 降低好感度； | K15: 5 | L15: 0 | M15: 0 | N15: 0 | O15: 50003
A16: 14 | B16: 5 | C16: 0 | D16: 绑架 | E16: 战斗胜利 | F16: 3 | G16: 0 | H16: 0 | I16: 0 | J16: 将对方掳走，携带在身上 | K16: 0 | L16: 0 | M16: 0 | N16: 0 | O16: 50006
A17: 15 | B17: 6 | C17: 0 | D17: 求饶 | E17: 战斗失败 | F17: 0 | G17: 0 | H17: 0 | I17: 0 | J17: 0 | K17: 5 | L17: 5 | M17: 0 | N17: 0 | O17: 60004
A18: 16 | B18: 6 | C18: 0 | D18: 要杀要剐，悉听尊便 | E18: 战斗失败 | F18: 0 | G18: 0 | H18: 0 | I18: 0 | J18: 0 | K18: 0 | L18: 0 | M18: 0 | N18: 0 | O18: 60001
A19: 17 | B19: 6 | C19: 0 | D19: 自行了断 | E19: 战斗失败 | F19: 0 | G19: 0 | H19: 0 | I19: 0 | J19: 0 | K19: 0 | L19: 0 | M19: 0 | N19: 0 | O19: 60002
A20: 18 | B20: 6 | C20: 0 | D20: 献物求生 | E20: 战斗失败 | F20: 0 | G20: 0 | H20: 0 | I20: 选择道具 | J20: 0 | K20: 5 | L20: 5 | M20: 0 | N20: 0 | O20: 60003
A21: 19 | B21: 7 | C21: 0 | D21: 义结金兰 | E21: 好感度越高，成功率越高。无性别限制，仅在未建立关系时显示 | F21: 10 | G21: 0 | H21: 70 | I21: 0 | J21: 成功：与对方成为异性兄弟； 失败：降低好感度 | K21: 5 | L21: 0 | M21: 0 | N21: 0 | O21: 70001
A22: 20 | B22: 7 | C22: 0 | D22: 倾诉爱意 | E22: 好感度越高，成功率越高。限制异性且无血缘关系，且非眷侣，非配偶显示。 | F22: 10 | G22: 0 | H22: 0 | I22: 0 | J22: 成功：与对方成为眷侣 失败：降低好感度 | K22: 5 | L22: 0 | M22: 0 | N22: 0 | O22: 70002
A23: 21 | B23: 7 | C23: 0 | D23: 共结连理 | E23: 必须是眷侣且没有和其他人成功共结连理显示，好感度越高，成功率越高。 | F23: 10 | G23: 0 | H23: 90 | I23: 0 | J23: 成功：与对方成为配偶 失败：降低好感度 | K23: 5 | L23: 0 | M23: 0 | N23: 0 | O23: 70003
A24: 22 | B24: 7 | C24: 19 | D24: 亲近 | E24: 仅关系为金兰显示 | F24: 1 | G24: 0 | H24: 50 | I24: 0 | J24: 0 | K24: 0 | L24: 0 | M24: 0 | N24: 0 | O24: 70004
A25: 23 | B25: 7 | C25: 19 | D25: 割袍断义 | E25: 仅关系为金兰显示 | F25: 0 | G25: 0 | H25: 50 | I25: 0 | J25: 0 | K25: 0 | L25: 0 | M25: 0 | N25: 0 | O25: 70005
A26: 24 | B26: 7 | C26: 21 | D26: 倾诉爱意 | E26: 仅关系为金兰显示 | F26: 5 | G26: 0 | H26: 0 | I26: 0 | J26: 0 | K26: 5 | L26: 0 | M26: 0 | N26: 0 | O26: 0
A27: 24 | B27: 7 | C27: 20 | D27: 风花雪月 | E27: 仅关系为眷侣显示 | F27: 10 | G27: 0 | H27: 70 | I27: 0 | J27: 0 | K27: 10 | L27: 0 | M27: 0 | N27: 0 | O27: 70006
A28: 25 | B28: 7 | C28: 20 | D28: 分手 | E28: 仅关系为眷侣显示 | F28: 0 | G28: 0 | H28: 0 | I28: 0 | J28: 0 | K28: 0 | L28: 0 | M28: 0 | N28: 0 | O28: 70007
A29: 26 | B29: 7 | C29: 21 | D29: 亲近 | E29: 仅关系为配偶显示 | F29: 1 | G29: 0 | H29: 80 | I29: 0 | J29: 0 | K29: 5 | L29: 0 | M29: 0 | N29: 0 | O29: 70008
A30: 27 | B30: 7 | C30: 21 | D30: 风华雪月 | E30: 仅关系为配偶显示 | F30: 10 | G30: 0 | H30: 80 | I30: 0 | J30: 0 | K30: 10 | L30: 0 | M30: 0 | N30: 0 | O30: 70009
A31: 28 | B31: 7 | C31: 21 | D31: 休书 | E31: 仅关系为配偶显示 | F31: 0 | G31: 0 | H31: 0 | I31: 0 | J31: 0 | K31: 0 | L31: 0 | M31: 0 | N31: 0 | O31: 70010
A32: 29 | B32: 1 | C32: 0 | D32: 踢馆（小弟子） | E32: 仅踢馆第一关显示 | F32: 5 | G32: 0 | H32: 0 | I32: 0 | J32: 0 | K32: 0 | L32: 0 | M32: 0 | N32: 0 | O32: 3
A33: 30 | B33: 1 | C33: 0 | D33: 踢馆（大弟子） | E33: 仅踢馆第二关显示 | F33: 5 | G33: 0 | H33: 0 | I33: 0 | J33: 0 | K33: 0 | L33: 0 | M33: 0 | N33: 0 | O33: 4
A34: 31 | B34: 1 | C34: 0 | D34: 踢馆（馆主） | E34: 仅踢馆第三关显示 | F34: 5 | G34: 0 | H34: 0 | I34: 0 | J34: 0 | K34: 0 | L34: 0 | M34: 0 | N34: 0 | O34: 5
A35: 32 | B35: 1 | C35: 0 | D35: 商店 | E35: 武馆永久显示 | F35: 0 | G35: 0 | H35: 0 | I35: 0 | J35: 0 | K35: 0 | L35: 0 | M35: 0 | N35: 0 | O35: 0
A36: 33 | B36: 1 | C36: 0 | D36: 馆主收益 | E36: 馆主身份显示 | F36: 0 | G36: 0 | H36: 0 | I36: 0 | J36: 0 | K36: 0 | L36: 0 | M36: 0 | N36: 0 | O36: 0

Sheet dialogChange
A1: ID | B1: A条件 | C1: A值 | D1: B条件 | E1: B值 | F1: 对话内容 | G1: 说明
A2: id | B2: aParam | C2: aValue | D2: bParam | E2: bValue | F2: content | G2: explain
A3: 1 | B3: SetSP(),PlayerLove(),1-,2- | C3: 25-,5-,friendsEr,lichang | F3: 蛇毒在体内淤积，不得排出。致使a内息受阻，全身乏力。幸而毒不致命，若来日多加修养调息，身体或也可以完全恢复。 | G3: 蛇毒在体内淤积，不得排出。致使a内息受阻，全身乏力。幸而毒不致命，若来日多加修养调息，身体或也可以完全恢复。
A4: 2 | B4: SetSP(),PlayerLove() | C4: 10-,10+ | D4: 3+,4+,15- | E4: friendsSan,lichang,LessenSP() | F4: p见a身中蛇毒，当即耗费内力帮助他打通内息，助其将毒素排出体外。方使其内脏免受蛇毒之害。 | G4: p见a身中蛇毒，当即耗费内力帮助他打通内息，助其将毒素排出体外。方使其内脏免受蛇毒之害。
A5: 3 | B5: SetSP(),PlayerLove() | C5: 10-,40- | D5: 1-,2-,20+,500+,15- | E5: friendsEr,lichang,xiuWei,sliver,LessenSP() | F5: 趁a无力反抗之际，p忽在暗中施以毒手，使其奄奄一息，生命垂危。 | G5: 趁a无力反抗之际，p忽在暗中施以毒手，使其奄奄一息，生命垂危。
A6: 4 | B6: SetSP(),npcLove<id> | C6: 25-,10- | D6: SetSP(),npcLove<id> | E6: 25-,10- | F6: a与b在几十个回合后两败俱伤，无力再斗下去。心中对对方的仇怨也更加深了几分。 | G6: a与b在几十个回合后两败俱伤，无力再斗下去。心中对对方的仇怨也更加深了几分。
A7: 5 | B7: PlayerLove() | C7: 10- | D7: PlayerLove(),3+,4+,15- | E7: 10-,friendsSan,lichang,LessenSP() | F7: 因为忌惮p武功高强，在江湖中又颇有名望，a和b双方决定暂时罢手，相约他日再做了断。 | G7: 因为忌惮p武功高强，在江湖中又颇有名望，a和b双方决定暂时罢手，相约他日再做了断。
A8: 6 | B8: PlayerLove() | C8: 10+ | D8: PlayerLove(),3-,4-,10+,15- | E8: 10-,friendsEr,lichang,xiuWei,LessenSP() | F8: 双拳难敌四手，b在a得到p出手相助之后，立刻难以支撑，数招之后负伤逃走。 | G8: 双拳难敌四手，b在a得到p出手相助之后，立刻难以支撑，数招之后负伤逃走。
A9: 7 | B9: PlayerLove() | C9: 10- | D9: PlayerLove(),3-,4-,10+,15- | E9: 10+,friendsEr,lichang,xiuWei,LessenSP() | F9: 双拳难敌四手，a在b得到p出手相助之后，立刻难以支撑，数招之后负伤逃走。 | G9: 双拳难敌四手，a在b得到p出手相助之后，立刻难以支撑，数招之后负伤逃走。
A10: 8 | B10: goldCoin | C10: 1000+ | F10: a讲到精彩之处，人们不禁纷纷喝彩鼓掌，不少路人拿出散碎银两来打赏。 | G10: a讲到精彩之处，人们不禁纷纷喝彩鼓掌，不少路人拿出散碎银两来打赏。
A11: 9 | B11: goldCoin,PlayerLove() | C11: 700+,10+ | D11: 500+,3+,4+,10- | E11: sliver,friendsSan,lichang,LessenSP() | F11: p听闻a所讲的轶事恰是自己日前亲眼所见，便在一旁帮腔协助。半晌下来，两人都得了不少的赏钱。 | G11: p听闻a所讲的轶事恰是自己日前亲眼所见，便在一旁帮腔协助。半晌下来，两人都得了不少的赏钱。
A12: 10 | B12: PlayerLove() | C12: 10- | D12: 3-,4-,10+,15- | E12: friendsEr,lichang,XiuWei,LessenSP() | F12: p听闻自己日前亲眼所见之事被a添油加醋，忍不住出手将a教训一番。 | G12: p听闻自己日前亲眼所见之事被a添油加醋，忍不住出手将a教训一番。
A13: 11 | B13: npcLove<id>,SetSP() | C13: 10+,10- | D13: npcLove<id>,SetSP() | E13: 10+,10- | F13: a与b把酒畅谈，喝了个痛快。两人的江湖情意也愈发深厚了。 | G13: a与b把酒畅谈，喝了个痛快。两人的江湖情意也愈发深厚了。
A14: 12 | B14: npcLove<id>,PlayerLove() ,500- | C14: 10+,10+,sliver | D14: npcLove<id>,PlayerLove(),5+,4+,10- | E14: 10+,10+,friendsSan,lichang,LessenSP() | F14: p真是性情中人，见到a与b痛饮畅谈、兴高采烈，便豪爽地主动请客，与两位同桌同饮。 | G14: p真是性情中人，见到a与b痛饮畅谈、兴高采烈，便豪爽地主动请客，与两位同桌同饮。
A15: 13 | B15: PlayerLove() | C15: 5- | D15: PlayerLove(),1+,2+,10-,20+ | E15: 5-,friendsSan,lichang,LessenSP(),xiuWei | F15: a与b喝到尽兴之时，难免吵闹喧哗，惹得邻座食客没法安心用餐，p实在难忍，出手教训了二人一番。 | G15: a与b喝到尽兴之时，难免吵闹喧哗，惹得邻座食客没法安心用餐，p实在难忍，出手教训了二人一番。
A16: 14 | B16: SetSP(),1-,2- | C16: 5-,friendsEr,lichang | F16: a在许久之后觉得慢慢恢复了。全身酸痛乏力却暂时搞不清病因在哪。 | G16: a在许久之后觉得慢慢恢复了。全身酸痛乏力却暂时搞不清病因在哪。
A17: 15 | B17: SetSP(),PlayerLove() | C17: 5-,5- | D17: 500+,10-,3-,4-,300- | E17: sliver,LessenSP(),friendsEr,lichang,sliver | F17: p趁着a无力反抗之际，上前施以拳脚，抢走了a的钱袋。 | G17: p趁着a无力反抗之际，上前施以拳脚，抢走了a的钱袋。
A18: 16 | B18: SetSP(),PlayerLove() | C18: 5+,10+ | D18: 3+,4+,10- | E18: friendsSan,lichang,LessenSP() | F18: p掐住a的人中，将其唤醒后。简单照料一番。待其恢复后才放心离开。 | G18: p掐住a的人中，将其唤醒后。简单照料一番。待其恢复后才放心离开。
A19: 17 | B19: xiuWei,SetSP() | C19: 150+,20- | F19: 一回生，二回熟。用心复习之后，a的修为和功力都有所增进。 | G19: 一回生，二回熟。用心复习之后，a的修为和功力都有所增进。
A20: 18 | B20: xiuWei,SetSP(),PlayerLove() | C20: 10+,10-,10+ | D20: 10+,10-,1+,3+ | E20: xiuWei,LessenSP(),friendsSan,lichang | F20: p见到a正在独自习武，自忖对方功力与自己相当，便上前以武会友，搭手陪练。 | G20: p见到a正在独自习武，自忖对方功力与自己相当，便上前以武会友，搭手陪练。
A21: 19 | B21: xiuWei,SetSP(),PlayerLove(),10+,10-,1+,3+ | C21: 30+,10-,10+,xiuWei,LessenSP(),friendsSan,lichang | F21: p将自己习武的经验分享给a，让其触类旁通，这一遭修行堪比平日数次所得。 | G21: p将自己习武的经验分享给a，让其触类旁通，这一遭修行堪比平日数次所得。
A22: 20 | B22: SetSP(),PlayerLove(),5-,6-,15- | C22: 25-,10-,friendsEr,lichang,LessenSP() | F22: a正在专心习武之际，忽遭p偷袭。半日修习不但未有精进，反因被袭负伤。心中颇为愤恨。 | G22: a正在专心习武之际，忽遭p偷袭。半日修习不但未有精进，反因被袭负伤。心中颇为愤恨。
A23: 21 | B23: xiuWei,SetSP() | C23: 15+,20- | F23: 果然熟能生巧，a勤加练习之后，武学进境和修为感悟都有了些许提升。 | G23: 果然熟能生巧，a勤加练习之后，武学进境和修为感悟都有了些许提升。
A24: 22 | B24: xiuWei,SetSP(),PlayerLove() | C24: 10+,10-,10+ | D24: 10-,3+,4+,20+ | E24: LessenSP(),friendsSan,lichang,xiuWei | F24: p见到a正在独自打坐修行，便请求上前与其同修，二人四掌合十后内息交互，流经周身。各有丰厚收益。 | G24: p见到a正在独自打坐修行，便请求上前与其同修，二人四掌合十后内息交互，流经周身。各有丰厚收益。
A25: 23 | B25: xiuWei,SetSP(),PlayerLove(),5+,6+,15- | C25: 20+,10-,10+,friendsSan,lichang,LessenSP() | F25: p见其独自修行进步缓慢，便以自身内力相助其打通经脉。让a颇为感激这一臂之力。 | G25: p见其独自修行进步缓慢，便以自身内力相助其打通经脉。让a颇为感激这一臂之力。
A26: 24 | B26: SetSP(),PlayerLove(),5-,6-,15-,20+ | C26: 10-,10-,friendsEr,lichang,LessenSP(),xiuWei | F26: a正在潜心修炼内功之时，忽遭p偷袭，不但前功尽弃且反受重伤。心中颇为愤恨。 | G26: a正在潜心修炼内功之时，忽遭p偷袭，不但前功尽弃且反受重伤。心中颇为愤恨。
A27: 25 | B27: xiuWei,SetSP() | C27: 15+,25- | F27: a施展着招式迎风起舞，将刚刚参悟的谜题一一验证。武功修为大有进境。 | G27: a施展着招式迎风起舞，将刚刚参悟的谜题一一验证。武功修为大有进境。
A28: 26 | B28: xiuWei,SetSP(),PlayerLove(),20+,20-,3+,5+ | C28: 20+,20-,15+,xiuWei,LessenSP(),friendsSan,lichang | F28: p见到a正在独自习武，上前与其陪手对练。二人拆招换式你来我往，各有收益。 | G28: p见到a正在独自习武，上前与其陪手对练。二人拆招换式你来我往，各有收益。
A29: 27 | B29: xiuWei,SetSP(),PlayerLove(),20+,20-,3+,5+ | C29: 50+,10-,10+,xiuWei,LessenSP(),friendsSan,lichang | F29: a所练招式虽然精妙，p却仍能想出破解之法并不吝传授，半日下来，二人武学都有不小的进步。 | G29: a所练招式虽然精妙，p却仍能想出破解之法并不吝传授，半日下来，二人武学都有不小的进步。
A30: 28 | B30: SetSP(),PlayerLove(),20+,20-,3-,5- | C30: 10-,10+,xiuWei,LessenSP(),friendsEr,lichang | F30: 繁琐复杂的招式让a筋疲力尽，p却趁人之危，藉此偷袭。使其受伤颇重，堪堪活命。 | G30: 繁琐复杂的招式让a筋疲力尽，p却趁人之危，藉此偷袭。使其受伤颇重，堪堪活命。
A31: 29 | B31: xiuWei,SetSP() | C31: 35+,25- | F31: 凝神静气半晌之后，a终于百尺竿头更近一步，突破自身极限并从修炼中大获收益。 | G31: 凝神静气半晌之后，a终于百尺竿头更近一步，突破自身极限并从修炼中大获收益。
A32: 30 | B32: xiuWei,SetSP(),PlayerLove(),20+,20-,3+,5+ | C32: 50+,10-,10+,xiuWei,LessenSP(),friendsSan,lichang | F32: p见到a正在独自打坐修行，便请求上前与其同修，二人四掌合十后内息交互，流经周身，各有丰厚收益。 | G32: p见到a正在独自打坐修行，便请求上前与其同修，二人四掌合十后内息交互，流经周身，各有丰厚收益。
A33: 31 | B33: xiuWei,SetSP(),PlayerLove(),20-,3+,5+ | C33: 50+,10-,10+,LessenSP(),friendsSan,lichang | F33: p在a即将冲破玄关之际，鼎力相助，耗费精力帮其打通周身经络。 | G33: p在a即将冲破玄关之际，鼎力相助，耗费精力帮其打通周身经络。
A34: 32 | B34: PlayerLove(),SetSP(),20-,3-,5- | C34: 10-,25-,LessenSP(),friendsEr,lichang | F34: a正在潜心冲关紧要之刻，忽遭p偷袭，顿时内息紊乱，气血大损。 | G34: a正在潜心冲关紧要之刻，忽遭p偷袭，顿时内息紊乱，气血大损。
A35: 33 | B35: SetSP() | C35: 40+ | F35: 经过了一段时间的调息，a的精力恢复了些许。 | G35: 经过了一段时间的调息，a的精力恢复了些许。
A36: 34 | B36: PlayerLove(),SetSP(),10-,3+,5+ | C36: 20+,20+,LessenSP(),friendsSan,lichang | F36: 恻隐难忍的p就近买了些食物药材送给a，助其快速恢复。 | G36: 恻隐难忍的p就近买了些食物药材送给a，助其快速恢复。
A37: 35 | B37: PlayerLove(),SetSP(),10-,3-,5- | C37: 10-,20-,LessenSP(),friendsEr,lichang | F37: a被仇视已久p抓住机会突施毒手，一惊之下仓皇逃跑。 | G37: a被仇视已久p抓住机会突施毒手，一惊之下仓皇逃跑。
A38: 36 | B38: npcLove<id>,SetSP(),xiuWei | C38: 10+,30-,100+ | D38: npcLove<id>,SetSP(),xiuWei | E38: 10+,30-,100+ | F38: a与b斗至酣处，丝毫未觉已经过去了两个时辰，难分高下的他们精疲力竭，商定他日再战。 | G38: a与b斗至酣处，丝毫未觉已经过去了两个时辰，难分高下的他们精疲力竭，商定他日再战。
A39: 37 | B39: PlayerLove() | C39: 10+ | D39: 10-,3+,5+,10+,10+ | E39: LessenSP(),friendsSan,lichang,xiuWei,PlayerLove() | F39: p突然闪身出现，举兵刃架开双方刀剑，止住缠斗。a和b均暗自赞叹来者武艺高强，心生敬意。 | G39: p突然闪身出现，举兵刃架开双方刀剑，止住缠斗。a和b均暗自赞叹来者武艺高强，心生敬意。
A40: 38 | B40: PlayerLove() | C40: 10+ | D40: 10-,3-,5-,10+,10+ | E40: LessenSP(),friendsEr,lichang,xiuWei,PlayerLove() | F40: 随着p的参战，势均力敌的局面开始慢慢失衡，b逐渐支撑不住，最后被a打伤逃走。 | G40: 随着p的参战，势均力敌的局面开始慢慢失衡，b逐渐支撑不住，最后被a打伤逃走。
A41: 39 | B41: PlayerLove() | C41: 10- | D41: 10+,3-,5-,10+,10+ | E41: LessenSP(),friendsEr,lichang,xiuWei,PlayerLove() | F41: 随着p的参战，势均力敌的局面开始慢慢失衡，a逐渐支撑不住，最后被b打伤逃走。 | G41: 随着p的参战，势均力敌的局面开始慢慢失衡，a逐渐支撑不住，最后被b打伤逃走。
A42: 40 | B42: SetSP(),npcLove<id> | C42: 25-,20- | D42: evil,npcLove<id> | E42: 3-,20-,SetSP(),20- | F42: 不料武功高强的大侠a一时大意，竟遭b暗算。不过总算困兽犹勇，且战且逃之后尚得以保命。 | G42: 不料武功高强的大侠a一时大意，竟遭b暗算。不过总算困兽犹勇，且战且逃之后尚得以保命。
A43: 41 | B43: SetSP(),PlayerLove(),xiuWei | C43: 20-,10+,10+ | D43: PlayerLove(),5+,6+,20- | E43: 10-,friendsSan,lichang,LessenSP() | F43: 看着趁人之危的b一伙围攻大侠a，p忽然现身横刀阻拦，以正身黜恶、惊跑了众贼寇。 | G43: 看着趁人之危的b一伙围攻大侠a，p忽然现身横刀阻拦，以正身黜恶、惊跑了众贼寇。
A44: 42 | B44: SetSP(),PlayerLove(),xiuWei | C44: 20-,10+,10+ | D44: PlayerLove(),3+,6+,20-, | E44: 10-,friendsSan,lichang,LessenSP() | F44: p看到b一伙人偷袭a的卑劣行径，义愤填膺，立刻挺身而出与大侠一起力斗群贼，将之击退。 | G44: p看到b一伙人偷袭a的卑劣行径，义愤填膺，立刻挺身而出与大侠一起力斗群贼，将之击退。
A45: 43 | B45: PlayerLove(),SetSP() | C45: 10-,25- | D45: 10-,3-,5-,30+,10+ | E45: LessenSP(),friendsEr,lichang,xiuWei,PlayerLove() | F45: 阴险的p在a与b缠斗之时，再次出手偷袭，打得大侠重伤难支，险些丧命。 | G45: 阴险的p在a与b缠斗之时，再次出手偷袭，打得大侠重伤难支，险些丧命。
A46: 44 | B46: SetSP(),npcLove<id>,lichang,evil | C46: 25-,20-,2-,4- | D46: npcLove<id>,10- | E46: 20-,LessenSP() | F46: 不自量力的a竟还想趁其不备偷袭，被b一掌打在胸口，顿时内息翻涌，口吐鲜血。 | G46: 不自量力的a竟还想趁其不备偷袭，被b一掌打在胸口，顿时内息翻涌，口吐鲜血。
A47: 45 | B47: PlayerLove() | C47: 10+ | D47: SetSP(),PlayerLove(),5-,6-,20- | E47: 20-,10-,friendsEr,lichang,LessenSP() | F47: 饶有恶名的p出手包庇恶人a，自忖难敌的b投鼠忌器，撂下几句狠话之后便悻悻离去了。 | G47: 饶有恶名的p出手包庇恶人a，自忖难敌的b投鼠忌器，撂下几句狠话之后便悻悻离去了。
A48: 46 | B48: PlayerLove() | C48: 10- | D48: PlayerLove(),3+,4+,20- | E48: 10+,friendsSan,lichang,LessenSP() | F48: 杀鸡焉用牛刀，还未待b出第二招，p抢先出手把匪盗a一伙人打的落花流水，鸟兽般散去。 | G48: 杀鸡焉用牛刀，还未待b出第二招，p抢先出手把匪盗a一伙人打的落花流水，鸟兽般散去。
A49: 47 | B49: PlayerLove() | C49: 10+ | D49: PlayerLove(),3-,4-,20- | E49: 10-,friendsEr,lichang,LessenSP() | F49: 双拳难敌四手，在a得到p出手相助之后，b立刻难以支撑，数招之后便负伤逃走。 | G49: 双拳难敌四手，在a得到p出手相助之后，b立刻难以支撑，数招之后便负伤逃走。
A50: 48 | B50: SetSP(),lichang,evil | C50: 15-,2-,4- | F50: a趁着摊主不注意，挣脱开来，拿着刚刚抢到的点心跑开了。 | G50: a趁着摊主不注意，挣脱开来，拿着刚刚抢到的点心跑开了。
A51: 49 | B51: PlayerLove() | C51: 10+ | D51: 20+,3+,4+,20- | E51: xiuWei,friendsSan,lichang,LessenSP() | F51: 不忍a如此落魄的p慷慨地替他付钱给了摊主。不曾想原是世外高人的他随便指点几招便使自己受益匪浅。 | G51: 不忍a如此落魄的p慷慨地替他付钱给了摊主。不曾想原是世外高人的他随便指点几招便使自己受益匪浅。
A52: 50 | B52: PlayerLove() | C52: 5- | D52: 3-,4- | E52: friendsEr,lichang | F52: a哭闹了好一阵子，终于被家人寻到，带回家中。 | G52: a哭闹了好一阵子，终于被家人寻到，带回家中。
A53: 51 | B53: PlayerLove() | C53: 5+ | D53: 3+,4+,15+,20+ | E53: friendsSan,lichang,LessenSP(),xiuWei | F53: 在耐心的劝哄之下，a终于说出了自己的住处。p将其安全护送回家中之后，被盛情难却的家人留下共用晚餐。 | G53: 在耐心的劝哄之下，a终于说出了自己的住处。p将其安全护送回家中之后，被盛情难却的家人留下共用晚餐。
A54: 52 | B54: PlayerLove() | C54: 5+ | D54: 3+,4+,15+,20+ | E54: friendsSan,lichang,LessenSP(),sliver | F54: a不忍其哭闹不止，带他随便找一家餐铺填饱肚子，怎知a正是这点心铺本家走失的孩子。掌柜千恩万谢，作揖不止。 | G54: a不忍其哭闹不止，带他随便找一家餐铺填饱肚子，怎知a正是这点心铺本家走失的孩子。掌柜千恩万谢，作揖不止。
A55: 53 | B55: npcLove<id>,SetSP() | C55: 10+.10- | D55: npcLove<id>,SetSP() | E55: 10+.10- | F55: a与b欢声谈笑了许久，两人的蜜意浓情又加深了两分。 | G55: a与b欢声谈笑了许久，两人的蜜意浓情又加深了两分。
A56: 54 | B56: npcLove<id>,SetSP(),PlayerLove() | C56: 10+,10-,5+ | D56: npcLove<id>,SetSP(),PlayerLove(),3+,4+ | E56: 10+,10-,5+,friendsSan,lichang | F56: a与b谈笑散步之时，不巧乌云骤起，暴雨忽来。p有心成人之美，将自己的雨伞送与二人。 | G56: a与b谈笑散步之时，不巧乌云骤起，暴雨忽来。p有心成人之美，将自己的雨伞送与二人。
A57: 55 | B57: PlayerLove() | C57: 10- | D57: PlayerLove(),3-,4-,15- | E57: 10-,friendsEr,lichang,LessenSP() | F57: 看到心上人和别人谈笑风生，p怒从中来，用暗器打伤a与b二人后离去。 | G57: 看到心上人和别人谈笑风生，p怒从中来，用暗器打伤a与b二人后离去。
A58: 56 | B58: npcLove<id>,SetSP() | C58: 10+,10- | D58: npcLove<id>,SetSP() | E58: 10+,10- | F58: a与b两人互换了信物，各自离去。看来月老的红线不日就要牵在此二人的身上了。 | G58: a与b两人互换了信物，各自离去。看来月老的红线不日就要牵在此二人的身上了。
A59: 57 | B59: npcLove<id>,SetSP(),PlayerLove() | C59: 10+,10-,5+ | D59: npcLove<id>,SetSP(),PlayerLove(),3+,4+ | E59: 10+,10-,5+,friendsSan,lichang | F59: b拿出绣帕，正欲交给a当作定情信物之时，忽然疾风骤起，吹飞了绣帕。p不忍好事多磨，施展轻功取回了锦帕还给二人。 | G59: b拿出绣帕，正欲交给a当作定情信物之时，忽然疾风骤起，吹飞了绣帕。p不忍好事多磨，施展轻功取回了锦帕还给二人。
A60: 58 | B60: npcLove<id>,SetSP(),PlayerLove() | C60: 10-,10-,5+ | D60: npcLove<id>,SetSP(),PlayerLove(),3-,4-,15- | E60: 10-,10-,5+,friendsEr,lichang,LessenSP() | F60: 存心作梗的p暗中偷走了二人本欲互换的定情信物，让a与b不欢而散。 | G60: 存心作梗的p暗中偷走了二人本欲互换的定情信物，让a与b不欢而散。
A61: 59 | B61: SetSP() | C61: 10- | F61: 气力不足的a连站立都勉力维之。不得不稍作休息以恢复些精力。 | G61: 气力不足的a连站立都勉力维之。不得不稍作休息以恢复些精力。
A62: 60 | B62: PlayerLove() | C62: 5+ | D62: 3+,4+,15+,15- | E62: friendsSan,lichang,xiuWei,LessenSP() | F62: p将练功心得分享给a，告诫其练功需循序渐进、戒骄戒躁。让其颇有受益。 | G62: p将练功心得分享给a，告诫其练功需循序渐进、戒骄戒躁。让其颇有受益。
A63: 61 | B63: PlayerLove(),3+,4+,15+,15- | C63: 5+,friendsSan,lichang,xiuWei,LessenSP() | F63: 见a气虚血亏，p耗费自身功力为其调理。让其得以恢复些许。 | G63: 见a气虚血亏，p耗费自身功力为其调理。让其得以恢复些许。
A64: 62 | B64: PlayerLove(),3-,4-,15-,500+ | C64: 5-,friendsEr,lichang,LessenSP(),sliver | F64: 趁着a虚弱无力之际，p出手偷袭将其打倒在地之后，抢走不少钱财。 | G64: 趁着a虚弱无力之际，p出手偷袭将其打倒在地之后，抢走不少钱财。
A65: 63 | B65: SetSP() | C65: 25+ | F65: a虽然年近花甲，但稍作休息调息之后精力充沛，不啻少年之壮。 | G65: a虽然年近花甲，但稍作休息调息之后精力充沛，不啻少年之壮。
A66: 64 | B66: PlayerLove(),3+,4+,10- | C66: 5+,friendsSan,lichang,LessenSP() | F66: p担心老者年事已高，心力难撑。便耗费内力帮调整内息，几刻过后a红光满面，连连颔首致谢。 | G66: p担心老者年事已高，心力难撑。便耗费内力帮调整内息，几刻过后a红光满面，连连颔首致谢。
A67: 65 | B67: PlayerLove(),3+,4+,10-,15+ | C67: 5+,friendsSan,lichang,LessenSP(),xiuWei | F67: p担心老者独自运功行炁出错。便伴其身侧。陪a一同打坐调息。几刻过后，自己的内功也颇有进境。 | G67: p担心老者独自运功行炁出错。便伴其身侧。陪a一同打坐调息。几刻过后，自己的内功也颇有进境。
A68: 66 | B68: npcLove<id>,SetSP() | C68: 10+,10- | D68: npcLove<id>,SetSP() | E68: 10+,10- | F68: a与b两人推杯换盏，各自醺醉。 | G68: a与b两人推杯换盏，各自醺醉。
A69: 67 | B69: npcLove<id>,SetSP(),PlayerLove() | C69: 10+,10-,5+ | D69: npcLove<id>,SetSP(),PlayerLove(),3+,4+,100- | E69: 10+,10-,5+,friendsSan,lichang,sliver | F69: 豪爽外向的p见a和b聊的火热，不禁上前攀谈，同桌共饮。三人酒逢知己，相见恨晚。 | G69: 豪爽外向的p见a和b聊的火热，不禁上前攀谈，同桌共饮。三人酒逢知己，相见恨晚。
A70: 68 | B70: npcLove<id>,SetSP() | C70: 10-,10- | D70: npcLove<id>,SetSP(),4- | E70: 10-,10-,lichang | F70: a品性正直，不曾防备席间算计，被b暗器中伤，幸而跳窗逃出，才免于凶险。 | G70: a品性正直，不曾防备席间算计，被b暗器中伤，幸而跳窗逃出，才免于凶险。
A71: 69 | B71: npcLove<id>,SetSP(),PlayerLove() | C71: 10+,10-,5+ | D71: npcLove<id>,SetSP(),4+,3+,PlayerLove() | E71: 10+,10-,lichang,friendsSan,5+ | F71: p看破席间阴谋为二人主持公道，a尽述当年恩怨原委后两人才知曾有小人作梗，误会一场。二人尽释前嫌。 | G71: p看破席间阴谋为二人主持公道，a尽述当年恩怨原委后两人才知曾有小人作梗，误会一场。二人尽释前嫌。
A72: 70 | B72: PlayerLove() | C72: 10+ | D72: PlayerLove(),15-,3-,4-,200+ | E72: 10-,LessenSP(),friendsEr,lichang,sliver | F72: p竟然和a狼狈为奸，借宴请b的机会对其施以毒手。幸而未能得逞才不致妄害人命。 | G72: p竟然和a狼狈为奸，借宴请b的机会对其施以毒手。幸而未能得逞才不致妄害人命。
A73: 71 | B73: npcLove<id>,SetSP(),PlayerLove() | C73: 10+,10-,5+ | D73: npcLove<id>,SetSP(),4+,3+,PlayerLove() | E73: 10+,10-,lichang,friendsSan,5+ | F73: p智勇双全，先是陪同b一起赴宴，护其周全，而后与a当面对质，还原当年原委，化解了矛盾。 | G73: p智勇双全，先是陪同b一起赴宴，护其周全，而后与a当面对质，还原当年原委，化解了矛盾。
A74: 72 | B74: npcLove<id>,SetSP(),xiuWei | C74: 10+,10-,10+ | D74: npcLove<id>,SetSP(),xiuWei | E74: 10+,10-,10+ | F74: 几局下来，虽互有胜负，黑白相差始终未过三子。a与b亦在这攻守交错之间各有领悟。 | G74: 几局下来，虽互有胜负，黑白相差始终未过三子。a与b亦在这攻守交错之间各有领悟。
A75: 73 | B75: PlayerLove() | C75: 10+ | D75: PlayerLove(),10-,15+ | E75: 10+,LessenSP(),xiuWei | F75: p见a和b二人棋意交错，难忍技痒。三人在这尺方之间尽兴切磋，结为挚友。 | G75: p见a和b二人棋意交错，难忍技痒。三人在这尺方之间尽兴切磋，结为挚友。
A76: 74 | B76: SetSP() | C76: 10- | D76: SetSP() | E76: 10- | F76: 天下英雄，难解珍珑。纵然棋力出众如a与b者亦难参其中玄妙。 | G76: 天下英雄，难解珍珑。纵然棋力出众如a与b者亦难参其中玄妙。
A77: 75 | B77: PlayerLove() | C77: 10- | D77: PlayerLove(),10-,10+,3+,4+ | E77: 10-,LessenSP(),xiuWei,friendsSan,lichang | F77: 纵然琴棋不凡的p也从未见过这互生互息，谁也封不尽对方活气的棋面，当即劝a与b就此罢手，莫要痴迷。 | G77: 纵然琴棋不凡的p也从未见过这互生互息，谁也封不尽对方活气的棋面，当即劝a与b就此罢手，莫要痴迷。
A78: 76 | B78: PlayerLove() | C78: 10- | D78: PlayerLove(),10-,10+,3+,4- | E78: 10-,LessenSP(),xiuWei,friendsSan,lichang | F78: 眼见a与b棋困于局，心智亦困于局面。无计可施p索性谎称妖邪作祟，妨碍对弈。惹得一场让众人哭笑不得乌龙。 | G78: 眼见a与b棋困于局，心智亦困于局面。无计可施p索性谎称妖邪作祟，妨碍对弈。惹得一场让众人哭笑不得乌龙。
A79: 77 | B79: SetSP() | C79: 25- | F79: 任a如何苦想，终不得其解，最终与无字天书失之交臂。 | G79: 任a如何苦想，终不得其解，最终与无字天书失之交臂。
A80: 78 | B80: SetSP(),PlayerLove(),10- | C80: 25-,10+,LessenSP() | F80: p听闻a偶得一本无字之书，与之共同参谋，然苦思多日亦未有结果，倒是二人渐成挚友。 | G80: p听闻a偶得一本无字之书，与之共同参谋，然苦思多日亦未有结果，倒是二人渐成挚友。
A81: 79 | B81: xiuWei,PlayerLove() | C81: 30+,10+ | F81: 听闻以异邦花汁为墨，墨干字消。需敷以白醋方使文字复现。p依此法相助，果然帮助a破解了无字书的玄机。 | G81: 听闻以异邦花汁为墨，墨干字消。需敷以白醋方使文字复现。p依此法相助，果然帮助a破解了无字书的玄机。
A82: 80 | B82: goldCoin,3- | C82: 100-,lichang | F82: a在街上找寻了一个时辰，始终未果。口中喃喃道说着什么钱袋云云。 | G82: a在街上找寻了一个时辰，始终未果。口中喃喃道说着什么钱袋云云。
A83: 81 | B83: PlayerLove(),3+,4+,10- | C83: 5+,friendsSan,lichang,LessenSP() | F83: 古道热肠p见a似有所寻，便陪同一起寻找，终于在一处草丛中寻找到丢失的荷包。 | G83: 古道热肠p见a似有所寻，便陪同一起寻找，终于在一处草丛中寻找到丢失的荷包。
A84: 82 | B84: PlayerLove(),3+,4+,10-,200- | C84: 5+,friendsSan,lichang,LessenSP(),sliver | F84: 两人一起苦寻良久，钱包依旧不见踪影。p只好拿出些许银两，暂解a的燃眉之急。 | G84: 两人一起苦寻良久，钱包依旧不见踪影。p只好拿出些许银两，暂解a的燃眉之急。
A85: 83 | B85: npcLove<id>,SetSP() | C85: 10-,10- | D85: npcLove<id>,SetSP() | E85: 10-,10- | F85: 二人争吵良久，a与b均是面红耳赤，最后不欢而散。 | G85: 二人争吵良久，a与b均是面红耳赤，最后不欢而散。
A86: 84 | B86: npcLove<id>,SetSP(),PlayerLove() | C86: 10+,10-,5+ | D86: npcLove<id>,SetSP(),4+,3+,PlayerLove() | E86: 10+,10-,lichang,friendsSan,5+ | F86: 热心又好奇的p走进细听，a与b原本两小无猜，后来不巧在江湖中走散。此一番重逢是半怨半喜、有情难言。随即劝说两人，和好如初。 | G86: 热心又好奇的p走进细听，a与b原本两小无猜，后来不巧在江湖中走散。此一番重逢是半怨半喜、有情难言。随即劝说两人，和好如初。
A87: 85 | B87: npcLove<id>,SetSP() | C87: 10-,10- | D87: npcLove<id>,SetSP() | E87: 10-,10- | F87: 细听之下，才知道a与b争吵竟是因分赃不均。果然不义之财，易惹祸端。 | G87: 细听之下，才知道a与b争吵竟是因分赃不均。果然不义之财，易惹祸端。
A88: 86 | B88: npcLove<id>,SetSP() | C88: 10-,10- | D88: npcLove<id>,SetSP(),4-,3-,200+,10- | E88: 10+,10-,lichang,friendsEr,sliver,LessenSP() | F88: p细听之下，才知道两个蠢贼a与b竟都以为对方得赃多于自己，便使诈劝二人把银钱交给自己，竟也使得两人握手言和，自己也得了不少银钱。 | G88: p细听之下，才知道两个蠢贼a与b竟都以为对方得赃多于自己，便使诈劝二人把银钱交给自己，竟也使得两人握手言和，自己也得了不少银钱。
A89: 87 | B89: npcLove<id>,PlayerLove(),SetSP() | C89: 10-,5+,10- | D89: npcLove<id>,4-,3-,PlayerLove(),200+,10-,SetSP() | E89: 10-,lichang,friendsEr,10-,sliver,LessenSP(),10- | F89: 经不怂恿之下，a竟向b出手硬夺，并将抢得钱财拿来与p均分。 | G89: 经不怂恿之下，a竟向b出手硬夺，并将抢得钱财拿来与p均分。
A90: 88 | B90: npcLove<id>,PlayerLove(),SetSP() | C90: 10-,10-,10- | D90: npcLove<id>,4-,3-,PlayerLove(),200+,10-,SetSP() | E90: 10-,lichang,friendsEr,5+,sliver,LessenSP(),10- | F90: 经不怂恿之下，b竟向a出手硬夺，并将抢得钱财拿来与p均分。 | G90: 经不怂恿之下，b竟向a出手硬夺，并将抢得钱财拿来与p均分。
A91: 89 | B91: npcLove<id>,SetSP(),xiuWei | C91: 10+,10-,15+ | D91: npcLove<id>,SetSP(),xiuWei | E91: 10+,10-,15+ | F91: a与b深谈之后，都被对方才学苏折服，暗暗对挚友近些年所学称赞不已。 | G91: a与b深谈之后，都被对方才学苏折服，暗暗对挚友近些年所学称赞不已。
A92: 90 | B92: npcLove<id>,SetSP(),xiuWei | C92: 10+,10-,15+ | D92: npcLove<id>,SetSP(),xiuWei,15+,15- | E92: 10+,10-,15+,xiuWei,LessenSP() | F92: 偶闻二人高谈阔论，p不禁驻足，细听一番之后，从二人的言谈里获益匪浅。 | G92: 偶闻二人高谈阔论，p不禁驻足，细听一番之后，从二人的言谈里获益匪浅。
A93: 91 | B93: SetSP(),4- | C93: 20-,lichang | F93: 两个时辰过去，毒性渐渐从a身上褪去三分，而店小二早已被此情形吓得无影无踪。 | G93: 两个时辰过去，毒性渐渐从a身上褪去三分，而店小二早已被此情形吓得无影无踪。
A94: 92 | B94: PlayerLove(),1+,2+,10- | C94: 5+,friendsSan,lichang,LessenSP() | F94: 侠义心肠的p见此情形，虽无计可施却也不敢贸然离去，最终吩咐店小二帮忙叫来郎中后，才放心的走出酒楼。 | G94: 侠义心肠的p见此情形，虽无计可施却也不敢贸然离去，最终吩咐店小二帮忙叫来郎中后，才放心的走出酒楼。
A95: 93 | B95: PlayerLove(),SetSP(),1+,2+,10- | C95: 10+,10-,friendsSan,lichang,LessenSP() | F95: 江湖阅历丰富的p识得此毒症，当即上前割破a右手小指，帮其将毒素逼出体外。 | G95: 江湖阅历丰富的p识得此毒症，当即上前割破a右手小指，帮其将毒素逼出体外。
A96: 94 | B96: SetSP(),2- | C96: 5-,lichang | F96: 不知过了多久，a睁开了眼睛，吃了些身边不知是谁施舍的干粮和水，气力恢复了一丝。 | G96: 不知过了多久，a睁开了眼睛，吃了些身边不知是谁施舍的干粮和水，气力恢复了一丝。
A97: 95 | B97: PlayerLove(),SetSP(),1+,2+,10- | C97: 10+,10-,friendsSan,lichang,LessenSP() | F97: 救人一命，胜造七级浮屠。看着奄奄一息的a，p心生恻隐，耗尽内力护住其心脉，随后助其调理，方得其活命。 | G97: 救人一命，胜造七级浮屠。看着奄奄一息的a，p心生恻隐，耗尽内力护住其心脉，随后助其调理，方得其活命。
A98: 96 | B98: PlayerLove(),SetSP(),1-,2-,10-,350+ | C98: 10+,10-,friendsEr,lichang,LessenSP(),sliver | F98: 穷凶极恶的p竟向毫无还手之力的b痛下毒手。 | G98: 穷凶极恶的p竟向毫无还手之力的b痛下毒手。
A99: 97 | B99: SetSP() | C99: 10- | F99: 见四周所有人都对他投以白眼，a醉意渐消，悻悻离去。 | G99: 见四周所有人都对他投以白眼，a醉意渐消，悻悻离去。
A100: 98 | B100: PlayerLove(),1+,2+,10- | C100: 5-,friendsSan,lichang,LessenSP() | F100: p止住a的醉言醉语后，一番好言相劝，最终平息了这番不知所谓的闹剧。 | G100: p止住a的醉言醉语后，一番好言相劝，最终平息了这番不知所谓的闹剧。
...

Sheet Dialog
A1: ID | B1: 参数 | C1: 条件 | D1: 参数 | E1: 内容 | F1: 类型 | G1: 优先级
A2: id | B2: playerParam | C2: term | D2: npcParam | E2: content | F2: type | G2: weight
A3: 1 | B3: ager | C3: // | D3: age | E3: 这位朋友，你我年龄相仿，有话但讲无妨。 | F3: 1 | G3: 1
A4: 2 | B4: ager | C4: > | D4: age | E4: 这位朋友，有何见教？ | F4: 1 | G4: 1
A5: 3 | B5: ager,40 | C5: <,< | D5: age,age | E5: 阁下说话爽快些，有事不妨直说。 | F5: 1 | G5: 1
A6: 4 | B6: gold | C6: > | D6: money | E6: 阁下必是富贵之人，鄙人随时效劳。 | F6: 1 | G6: 1
A7: 5 | B7: 1000 | C7: < | D7: age | E7: 看起来这位客官也不像个有钱的样子，想买些什么就自便吧。 | F7: 1 | G7: 1
A8: 6 | B8: attribute | C8: > | D8: attribute | E8: 这位大侠境界高深，在下十分钦佩。 | F8: 1 | G8: 1
A9: 7 | B9: attribute | C9: < | D9: attribute | E9: 阁下修为根基尚浅、闯荡江湖还需多加磨炼。 | F9: 1 | G9: 1
A10: 8 | B10: sect,sect | C10: //,!/ | D10: sect,0 | E10: 阁下与我既有同门手足之谊，自然不必见外，若有所需，但讲无妨。 | F10: 1 | G10: 2
A11: 9 | B11: sex | C11: // | D11: 1 | E11: 在下有礼了，不知这位兄台有何指教？ | F11: 1 | G11: 1
A12: 10 | B12: sex | C12: !/ | D12: 1 | E12: 在下有礼了，不知这位姑娘有何指教？ | F12: 1 | G12: 1
A13: 11 | B13: 1000 | C13: < | D13: age | E13: 小可见过前辈，不知道前辈有何指教？ | F13: 1 | G13: 1
A14: 12 | B14: sex,ager | C14: //,< | D14: 1,age | E14: 小兄弟不必拘束，有话直说就好。 | F14: 1 | G14: 1
A15: 13 | B15: sex,ager | C15: !/,> | D15: 1,age | E15: 这位姐姐可是有事相询？ | F15: 1 | G15: 1
A16: 14 | B16: sex,ager | C16: !/,< | D16: 1,age | E16: 这位妹妹可是有事相询？ | F16: 1 | G16: 1
A17: 15 | B17: 1000 | C17: < | D17: age | E17: 既已结为知交，有何需要不妨直说，无需多虑。 | F17: 1 | G17: 1
A18: 16 | B18: 0 | C18: // | D18: love | E18: 这位朋友看着面生，不知何事要与在下相谈？ | F18: 1 | G18: 1
A19: 17 | B19: 80,sex | C19: <,// | D19: love,1 | E19: 好兄弟，共患难，有事尽管说来，在下一定尽力。 | F19: 1 | G19: 1
A20: 18 | B20: 80,sex | C20: <,!/ | D20: love,1 | E20: 好姐妹，有何指教？ | F20: 1 | G20: 2
A21: 19 | B21: 1 | C21: // | D21: JiaoQing<JinLan> | E21: 既有金兰之义，又为生死之交，若有差遣吩咐，直言便是了。 | F21: 1 | G21: 3
A22: 20 | B22: 1 | C22: // | D22: JiaoQing<JuanLv> | E22: 你我既已深情相许，倾心相交。无论何事皆可直言，无须忌讳。 | F22: 1 | G22: 3
A23: 21 | B23: sex,1 | C23: //,// | D23: 1,JiaoQing<PeiOu> | E23: 郎君，妾身既已许卿，相公之事，便是我之事…… | F23: 1 | G23: 3
A24: 22 | B24: sex,1 | C24: !/,// | D24: 1,JiaoQing<PeiOu> | E24: 夫人，你我既已结发，便不负一生相守，娘子之语，便是我分内所在。 | F24: 1 | G24: 3
A25: 23 | B25: 1 | C25: // | D25: state | E25: 阁下有事可否待我吃完再谈？又或者坐下一同进膳？ | F25: 1 | G25: 9
A26: 24 | B26: 2 | C26: // | D26: state | E26: 此人已陷入沉睡，对周遭事物少有防备…… | F26: 1 | G26: 99
A27: 25 | B27: 3 | C27: // | D27: state | E27: 正在山野路旁赏景采摘的{0}看见你走来，缓缓开口道:“想不到这位朋友也有如此雅兴，要结伴一起赏花吗？” | F27: 1 | G27: 9
A28: 26 | B28: 3 | C28: // | D28: state | E28: {0}饶有兴致的看着刚刚采到的草药，开口问道:“你可识得这株花草吗?” | F28: 1 | G28: 9
A29: 27 | B29: 4 | C29: // | D29: state | E29: ({0}似乎正在聚精会神的观察和思考着什么，看起来不太方便被打扰的样子。) | F29: 1 | G29: 9
A30: 28 | B30: 5 | C30: // | D30: state | E30: 身形矫健的{0}收起了架势，擦了擦头上的汗，转身对你说到：“有钱捧个钱场，无钱捧个人场，都是真功夫！” | F30: 1 | G30: 9
A31: 29 | B31: 6 | C31: // | D31: state | E31: （一身蓑衣的{0}扭头看向你，朝你摆了摆手）嘘……慢点，别把鱼儿惊跑了。 | F31: 1 | G31: 9
A32: 30 | B32: 6 | C32: // | D32: state | E32: （{0}把钓上来的鱼装进竹篓之后，又用力的向前抛了一杆）朋友可有闲情雅致，陪我一起垂钓一番？ | F32: 1 | G32: 9
A33: 31 | B33: 7 | C33: // | D33: state | E33: 放下工具后直起腰身，擦了擦额头上的汗，对你说到：“呼……这活儿甚是辛苦，朋友，你有何事如此着急？” | F33: 1 | G33: 9
A34: 32 | B34: 7 | C34: // | D34: state | E34: 蹲在地上干活的{0}看见你走近，缓缓的站了起来，沙哑的开口道：“这位朋友，有事站在原地说就好，莫要踩到我这块地。” | F34: 1 | G34: 9
A35: 33 | B35: 8 | C35: // | D35: state | E35: 在下适才实在难忍那厮折辱，教训了那厮一番……莫要引来仇怨才是…… | F35: 1 | G35: 9
A36: 34 | B36: 9 | C36: // | D36: state | E36: 文人模样的{0}在路边在路边桌案上手执纸笔正在写着什么。听到你步声渐进，头也不抬地说道：“代写书信五文钱一封。” | F36: 1 | G36: 9
... A38: 36 | B38: 11 | C38: // | D38: state | E38: （神态疲惫、面色苍白的{0}懒散的坐在地上，一言不发。） | F38: 1 | G38: 9
A39: 37 | B39: 99,1 | C39: //,!/ | D39: state,sex | E39: 这位朋友，且恕小女子有孕在身，不便施礼。若有何事请直言便好。 | F39: 1 | G39: 9
A40: 38 | B40: 99,1 | C40: //,!/ | D40: state,sex | E40: 若是有什么事情，还请阁下快些言讲出来，小女子身怀六甲，眼下便要回房休息去了。 | F40: 1 | G40: 9
A41: 39 | B41: 99,1 | C41: //,!/ | D41: state,sex | E41: 小女子方才从郎中处得知脉象呈喜，此间正要早些回家休息，这位朋友若是有什么事情，还请简单直言。 | F41: 1 | G41: 9
A42: 40 | B42: attribute | C42: < | D42: attribute | E42: 以阁下此等武功，还是回炉另造，再练几年吧！ | F42: 2 | G42: 1
A43: 41 | B43: 1000 | C43: < | D43: age | E43: 阁下连几两碎银都拿不出来，也配和我谈买卖？ | F43: 2 | G43: 1
A44: 42 | B44: sex | C44: // | D44: 1 | E44: 小的有眼无珠冒犯了大侠，还请高抬贵手放我一马。 | F44: 3 | G44: 1
A45: 43 | B45: 1 | C45: !/ | D45: sex | E45: 小女子独身飘零江湖，但有得罪也是身不由己，还请阁下可怜奴家，高抬贵手吧。 | F45: 3 | G45: 1
A46: 44 | B46: sex | C46: // | D46: 1 | E46: 看什么看…信不信再多看一眼，老子把你打残了丢去喂狗！ | F46: 4 | G46: 1
A47: 45 | B47: 1 | C47: < | D47: age | E47: 久仰英雄大名，今日得见真是三生有幸！ | F47: 5 | G47: 1
A48: 46 | B48: 1 | C48: < | D48: age | E48: 可曾听闻最近有什么江湖轶事吗？ | F48: 6 | G48: 1
A49: 47 | B49: 1 | C49: < | D49: age | E49: 十里八村之内，没有比我消息更灵通的了，想要打听些什么，找在下就对了！ | F49: 6 | G49: 1
A50: 50 | B50: 1 | C50: // | D50: sex | E50: 店家可有上好的美酒，快些上来几斛。 | F50: 8 | G50: 1
A51: 51 | B51: 1 | C51: !/ | D51: sex | E51: 店家可有可口的饭菜，快些上来几碟。 | F51: 8 | G51: 1
A52: 52 | B52: 1 | C52: < | D52: age | E52: 不知店家可知近来江湖上有什么轶事传闻？ | F52: 8 | G52: 1
A53: 53 | B53: 1 | C53: < | D53: age | E53: 这位朋友，既要结识，当须知礼尚往来。这次是要送些什么给在下吗？ | F53: 9 | G53: 1
A54: 54 | B54: 1 | C54: // | D54: sex | E54: 今日受阁下恩情，来日必以涌泉相报。 | F54: 10 | G54: 1
A55: 55 | B55: 1 | C55: !/ | D55: sex | E55: 小女子这厢谢过了。 | F55: 10 | G55: 1
A56: 56 | B56: 1 | C56: < | D56: age | E56: 此番相求，在下确实爱莫能助，实在抱歉。 | F56: 12 | G56: 1
A57: 57 | B57: 1 | C57: < | D57: age | E57: 阁下处境，我确实感同身受，奈何有心相助却无能为力啊。 | F57: 12 | G57: 1
A58: 58 | B58: 1 | C58: < | D58: age | E58: 还请手下留情，点到为止。 | F58: 13 | G58: 1
... A62: 62 | B62: 1110003006 | C62: // | D62: touchId | E62: 千金散尽还复来，天下武学尽可选。 | F62: 1 | G62: 98
A63: 63 | B63: sex,ager,21,0 | C63: //,!/,>,< | D63: 1,age,love,love | E63: 真是想不到在此处又能与少侠你相遇！ | F63: 1 | G63: 1
A64: 64 | B64: sex,ager,21,0 | C64: !/,!/,>,< | D64: 1,age,love,love | E64: 真是想不到在此处又能与女侠你相遇！ | F64: 1 | G64: 1
A65: 65 | B65: ager,0,-21 | C65: !/,>,< | D65: age,love,love | E65: 既然来了，有话快说，我没时间浪费在你身上。 | F65: 1 | G65: 2
A66: 66 | B66: sex,1,-1,50 | C66: !/,//,<,> | D66: 1,JiaoQing<PeiOu>,love,love | E66: 贤妻，可是有心事烦忧？为夫愿为贤妻分担，倾听贤妻心声。 | F66: 1 | G66: 3
A67: 67 | B67: sex,1,-1,50 | C67: //,//,<,> | D67: 1,JiaoQing<PeiOu>,love,love | E67: 夫君，可是有心事烦忧？妾身愿为夫君分担，倾听夫君心声。 | F67: 1 | G67: 3
A68: 68 | B68: 1000 | C68: < | D68: age | E68: 前辈仙风道骨，若有差遣，随时效劳。 | F68: 1 | G68: 1
A69: 69 | B69: friendsSan | C69: > | D69: good | E69: 江湖风雨路漫漫，今日得与侠客相遇，实乃生平荣幸。 | F69: 1 | G69: 1
A70: 70 | B70: 9 | C70: < | D70: love | E70: 好个[英武少年||飒爽女侠]，若有所求，尽管开口，我愿效劳一二。 | F70: 1 | G70: 1
A71: 71 | B71: friendsSan,0 | C71: >,< | D71: 20,love | E71: 不愧是江湖扬名的豪客，若有急需，尽管开口，我必竭尽所能，助你一臂之力。 | F71: 1 | G71: 2
A72: 72 | B72: ager,0 | C72: <,< | D72: age,love | E72: 少侠你阅历尚浅，江湖风波不断，需得万分小心。 | F72: 1 | G72: 1
A73: 73 | B73: -20 | C73: > | D73: love | E73: 旧日结下的梁子，是要今日一起算吗？ | F73: 1 | G73: 98
A74: 74 | B74: -40 | C74: > | D74: love | E74: 想不到今日又与你这死对头见面，真是冤家路窄。 | F74: 1 | G74: 98
A75: 75 | B75: -70 | C75: > | D75: love | E75: 我与你不共戴天，无话可说。 | F75: 1 | G75: 98
A76: 76 | B76: 20 | C76: // | D76: state | E76: 其人一招一式，颇有江湖高手的风范，须多向其请教才是…… | F76: 1 | G76: 9
A77: 77 | B77: 10 | C77: > | D77: age | E77: 孩子似有些疲累，注意力已飘到别处去了，暂且莫要打扰这孩子了吧。 | F77: 1 | G77: 99
A78: 78 | B78: 21 | C78: // | D78: state | E78: 身形矫健的{0}收起了架势，擦了擦头上的汗，转身对你说到：“朋友有何事找我?” | F78: 1 | G78: 9
A79: 79 | B79: 1110003007 | C79: // | D79: touchId | E79: 少侠，我这的兵刃可是应有尽有，何不来瞧上一瞧。 | F79: 1 | G79: 98
A80: 80 | B80: 1 | C80: > | D80: health | E80: 此人已奄奄一息，全无求生之意，若然再行拷打，只怕有死无生…… | F80: 14 | G80: 1
A81: 81 | B81: 0 | C81: < | D81: health | E81: 速速放我离去，否则我之亲朋定不会饶你！ | F81: 14 | G81: 1
E82: 不同服从度不同开头话
A83: 82 | B83: 0 | C83: < | D83: age | E83: 江湖上近来可是又有了什么新鲜事？还请阁下为我述来。 | F83: 15 | G83: 1
A84: 83 | B84: 0 | C84: < | D84: age | E84: 坊间传闻……阁下行踪不定，此来寻我，可是有事相谈？ | F84: 15 | G84: 1
A85: 84 | B85: 0 | C85: < | D85: age | E85: 无事不登三宝殿，阁下此来定有缘故，可有什么事情告知？ | F85: 15 | G85: 1
A86: 85 | B86: 0 | C86: < | D86: age | E86: 阁下特来寻我，定是有要事相谈，在下洗耳恭听。 | F86: 15 | G86: 1
A87: 86 | B87: 1 | C87: // | D87: JiaoQing<JinLan> | E87: 你我金兰情深义重，无需多言，特此前来，可是探得些许江湖隐秘，特来与我共商？ | F87: 15 | G87: 98
A88: 87 | B88: sex,1 | C88: !/,// | D88: 1,JiaoQing<JuanLv> | E88: 娘子既至此，定然是有些见闻趣事？ | F88: 15 | G88: 98
A89: 88 | B89: sex,1 | C89: //,// | D89: 1,JiaoQing<JuanLv> | E89: 郎君既至此，定然是有些见闻趣事？快为妾身言讲！ | F89: 15 | G89: 98
A90: 89 | B90: sex,1 | C90: !/,// | D90: 1,JiaoQing<PeiOu> | E90: 贤妻面有喜色，可是有携佳音，要与我同享？ | F90: 15 | G90: 98
A91: 90 | B91: sex,1 | C91: //,// | D91: 1,JiaoQing<PeiOu> | E91: 夫君面有喜色，可是有携佳音，要与我同享？ | F91: 15 | G91: 98
A92: 91 | B92: 1 | C92: // | D92: JiaoQing<ChouDi> | E92: 冤家路窄，仇敌相逢，你来寻我，可是杀我心切吗？ | F92: 15 | G92: 98
A93: 92 | B93: 0 | C93: // | D93: love | E93: 虽未有幸识得侠士，这番巧遇江湖亦属有缘，却不知是有何事欲与在下相谈？ | F93: 1 | G93: 1
A94: 93 | B94: 0 | C94: // | D94: love | E94: 江湖多艰，今日有幸初识侠士，不知有何见教？ | F94: 1 | G94: 1
A95: 94 | B95: 0 | C95: // | D95: love | E95: 茫茫江湖，有幸相逢已属不易，若有失礼之处，还望侠士海涵。 | F95: 1 | G95: 1
A96: 95 | B96: 0 | C96: // | D96: love | E96: 酒逢知己千杯少，话不投机半句多，阁下若是与我意气相投，你我未尝不能互称一声知交。 | F96: 1 | G96: 1
A97: 96 | B97: 0 | C97: // | D97: love | E97: 江湖巧遇，萍水之逢，不知阁下此来寻我意欲何为？ | F97: 1 | G97: 1
A98: 97 | B98: 0 | C98: // | D98: love | E98: 江湖风云变幻，侠客于此间行走需多加小心……言尽于此。 | F98: 1 | G98: 1
A99: 98 | B99: 0 | C99: // | D99: love | E99: 草莽之中，行走无定，相遇便是有缘，却不知是有何事相谈？ | F99: 1 | G99: 1
A100: 99 | B100: 0 | C100: < | D100: love | E100: 阁下天资卓越，日后定然大有作为，若然有何需相助的尽来寻我便是。 | F100: 1 | G100: 1
A101: 100 | B101: 0 | C101: < | D101: love | E101: 江湖险恶，需慎言慎行，明哲保身才是…… | F101: 1 | G101: 1
A102: 101 | B102: 0 | C102: < | D102: love | E102: 江湖多舛，再次与侠士相遇，实是有缘，不知可是有事相谈？ | F102: 1 | G102: 1
A103: 102 | B103: 0 | C103: < | D103: love | E103: 多次相见，不知可有何事需在下所助？ | F103: 1 | G103: 1
... A107: 106 | B107: 9 | C107: < | D107: love | E107: 你近来莫不是惹上什么麻烦了，四处都是你的流言传闻…… | F107: 1 | G107: 1
...

Sheet dialogTerm
A1: 条件ID | B1: 条件 | C1: 比较 | D1: 值 | E1: 不满足提示
A2: id | B2: param | C2: term | D2: value | E2: notTips
A3: 0 | E3: 空条件
A4: 1 | B4: sliver | C4: > | D4: 100 | E4: (金钱>100)
A5: 2 | B5: SP | C5: > | D5: 10 | E5: (精力>10)
A6: 3 | B6: SP | C6: > | D6: 20 | E6: (精力>20)
A7: 4 | B7: attribute | C7: > | D7: 3 | E7: (境界>3)
A8: 5 | B8: attribute | C8: > | D8: attribute | E8: (境界高于对方)
A9: 6 | B9: WxNum | C9: > | D9: 15 | E9: (悟性>20)

Sheet NpcXingWeiTalk
A1: ID | B1: 类别 | C1: 说明 | D1: 我方请求内容 | E1: 对方对你请求内容的回应 | F1: npc判定成功 | G1: npc判定失败 | H1: npc第二级行为判定成功 | I1: npc第二级行为判定失败
A2: id | B2: type | C2: tip | D2: connect | E2: connect2 | F2: Success1 | G2: failure1 | H2: Success2 | I2: failure2
A3: 1 | B3: 1 | C3: 打招呼 | D3: 0 | E3: 0 | F3: 哦？不想在此又与阁下见面了。 | G3: 初次相见，却不知有何见教？ | H3: 0 | I3: 0
A4: 2 | B4: 1 | C4: 武馆（挑战前对话） | D4: 0 | E4: {0}：欢迎你的到来，有什么可以为你效劳的呢？ | F4: 0 | G4: 0 | H4: 0 | I4: 0
A5: 3 | B5: 1 | C5: 武馆（踢馆小弟子） | D5: 0 | E5: {0}：想挑战我，先跟我小弟子门打一场吧 | F5: {0}：没想到你有点本事啊 | G5: {0}：你连我小弟子都打不过，还想挑战我？ | H5: 0 | I5: 0
A6: 4 | B6: 1 | C6: 武馆（踢馆大弟子） | D6: 0 | E6: {0}：想挑战我，先跟我大弟子门打一场吧 | F6: {0}：不错，你有资格挑战我。 | G6: {0}：你连我大弟子都打不过，还想挑战我？。 | H6: 0 | I6: 0
A7: 5 | B7: 1 | C7: 武馆（踢馆馆主） | D7: 0 | E7: {0}：总于。。。。要我出场了吗 | F7: {0}：不可能。。。。。。好吧。。。。。馆主是你的了 | G7: {0}：你很厉害，不过你比我还差点 | H7: 0 | I7: 0
A8: 10001 | B8: 1 | C8: 闲聊 | D8: 0 | E8: {0}：特意来找我相谈，可是最近江湖上有了什么新鲜事儿？ | F8: {0}：早就想知道关于这件事的消息了，多谢大侠告知。 | G8: {0}：此事我早已听说，不过平平无奇的世俗琐事而已，不值一提。 | H8: 0 | I8: 0
A9: 20001 | B9: 2 | C9: 请求东西 | D9: {0}：朋友身上这件宝贝恰是在下苦求难得之物，不知是否可以慷慨相赠。 | E9: {0}听了你的请求，稍微犹豫了一会 | F9: {0}：这本是我颇费周折得来之物，不过既然是朋友想要，自然不该吝啬，你拿去便是了。 | G9: {0}：实不相瞒，这东西正是我眼下当用之物，确实不方便赠予阁下，还请见谅 | H9: 0 | I9: 0
A10: 30001 | B10: 3 | C10: 送礼 | D10: {0}：最近新得了一个小物件，想到朋友你应该会喜欢，便特意送来给你了。 | E10: {0}满脸期待，伸手接过你给的物品，仔细的看了看。 | F10: {0}：太棒了，这是我喜欢的东西&{0}：这东西虽然不是我喜欢的，但是还不错，我收下了 | G10: {0}：这礼物确实是我喜欢的，只恐在下身无长物，无以回赠，因而愧不敢受。 | H10: 0 | I10: 0
A11: 30002 | B11: 3 | C11: 切磋武学 | D11: {0}：近日来疏于练习，拳脚都有些生疏了，不如你我切磋一番如何？ | E11: {0}听闻“切磋”二字，不自觉的舒展了一下筋骨 | F11: {0}：我也正有此意，请赐教 | G11: {0}：今日身体略有不适，还是改日再与阁下切磋吧 | H11: {0}:想不到你武功早已今非昔比，在下输得心服口服 | I11: {0}：承让，阁下这拳脚功夫确实还需勤加练习才是。
A12: 40001 | B12: 4 | C12: 嘲讽 | D12: {0}：看你这般模样，武功、才学、品德都是武林之中下下品，实在是江湖之笑柄。 | E12: {0}眉头微皱的看了看你 | F12: {0}：阁下如此言行，莫不是诚心要惹是生非？ | G12: {0}：我不屑与你一般见识，也请阁下就此作罢，莫要再咄咄逼人了。 | H12: {0}：看阁下气焰嚣张，还以为武功了得，却不想如此不堪一击。 | I12: {0}：恃强凌弱而已，哼！
A13: 40002 | B13: 4 | C13: 偷窃 | D13: 0 | E13: {0}在你伸手行窃的瞬间感到了一丝异样。 | F13: {0}：鸡鸣狗盗之辈，看招！ | G13: 轻微的异样并未引起{0}的格外注意，稍一晃神之后，就继续忙着自己的事情了 | H13: {0}：今日饶你一命，若再敢行窃，必然把你绑送官府。 | I13: {0}：没想到你这蟊贼也有一身好武功，我无话可说。
A14: 40003 | B14: 4 | C14: 抢夺 | D14: {0}：这位朋友，若是想安稳的活过今日，就把身上值钱的东西交出来吧。 | E14: 见你横在面前，{0}后退了两步 | F14: {0}：青天白日便敢如此行凶，实在是欺人太甚 | G14: 0 | H14: {0}：恃强凌弱而已，哼！我既技不如人，无话可说。 | I14: {0}：今日饶你一命，若再敢行凶抢劫，必然把你绑送官府
A15: 40004 | B15: 4 | C15: 袭击 | D15: {0} | E15: {0}耳边听得你一击袭来，敏捷的躲开之后，转头向你，目光如炬。 | F15: {0}：我与阁下有何仇怨，为何拔刀相向？ | G15: 0 | H15: {0}：山野蛮夫，逞凶斗狠而已，算什么英雄好汉，要杀要剐悉听尊便。 | I15: {0}：你这歹人，今日有次一败，看你日后还敢行凶否?
A16: 50001 | B16: 5 | C16: 斩杀 | D16: 你杀心骤起，决意置{0}于死地。 | E16: 0 | F16: {0}：无非一死而已，动手吧 | G16: {0}：多谢不杀之恩 | H16: 0 | I16: 0
A17: 50004 | B17: 5 | C17: 羞辱 | D17: 你朝着{0}重重的吐了一口口水，而后对其一番污言秽语。 | E17: 0 | F17: {0}：今日奇耻大辱，在下记下了，他日定当讨要个说法 | G17: {0}轻蔑的冷笑了一声，对你的无礼言行置之不理。 | H17: 0 | I17: 0
A18: 50005 | B18: 5 | C18: 放其一马 | D18: 念在{0}平日里作恶不深，你决定大人不记小人过，放他一马。 | E18: 0 | F18: {0}：多谢您高抬贵手，后会有期 | G18: 0 | H18: 0 | I18: 0
A19: 50003 | B19: 5 | C19: 伤害 | D19: 你举起兵刃，决意痛下毒手，砍向对方要害，独留对方一口活气而已 | E19: 0 | F19: {0}：你这心如蛇蝎的恶徒，必遭天谴 | G19: 0 | H19: 0 | I19: 0
A20: 50006 | B20: 5 | C20: 绑架 | D20: 暂未实现 | E20: 0 | F20: 暂未实现 | G20: {0}：暂未实现 | H20: 0 | I20: 0
A21: 60001 | B21: 6 | C21: 要杀要剐，悉听尊便 | D21: 0 | E21: {0}：今日一败，无非一死而已。要杀要剐，悉听尊便 | F21: 0 | G21: 0 | H21: 0 | I21: 0
A22: 60002 | B22: 6 | C22: 自行了断 | D22: 0 | E22: {0}：今日受此大辱，岂能继续苟活世间。 | F22: 0 | G22: 0 | H22: 0 | I22: 0
A23: 60003 | B23: 6 | C23: 献物求生 | D23: 0 | E23: {0}：求大侠高抬贵手放我一命，若是大侠不弃，我愿将此宝物双手奉上 | F23: 0 | G23: 0 | H23: 0 | I23: 0
A24: 60004 | B24: 6 | C24: 求饶 | D24: 0 | E24: {0}：小的命不足惜，还望大人不记小人过，放我一条性命，来日自当为阁下当牛做马 | F24: 0 | G24: 0 | H24: 0 | I24: 0
A25: 70001 | B25: 7 | C25: 义结金兰 | D25: {0}：你我二人性情相近，志趣相投，不知道我鄙人否有幸与阁下不知道阁下义结金兰 | E25: {0}听闻你的一番言语，激动之情溢于言表。 | F25: {0}：此一番你我二人结义，实在是三生有幸。 | G25: {0}：此番厚爱实在是愧不敢当，怎奈人各有志，我与阁下非同路之人，恕在下难以从命了。 | H25: 0 | I25: 0
A26: 70002 | B26: 7 | C26: 倾诉爱意 | D26: {0}：我对你仰慕已久，不知是否有幸结识？ | E26: {0}听闻你突如其来的表白，一下子怔住了。 | F26: {0}：被阁下青睐，实属有幸，望来日可以朝暮相伴，三生相约。 | G26: {0}：我孤身一身闯荡江湖惯了，儿女私情不足虑也，你我还是萍水相逢的好。 | H26: 0 | I26: 0
A27: 70003 | B27: 7 | C27: 共结连理 | D27: {0}：你我相识日久，其实我对你早已倾心，不知可愿与共结连理，我白首偕老？ | E27: {0}听闻你突如其来的表白，一下子怔住了。 | F27: {0}：愿你我二人结发白首，直至山无角楞，江水为竭。 | G27: {0}：若要约定三生，自当有媒妁之言，高堂之命，你如此轻言出口，委实让人难以应允。 | H27: 0 | I27: 0
A28: 70004 | B28: 7 | C28: 义结金兰/亲近 | D28: {0}：你我二人今日重逢，不如举杯三千，百无禁忌恣意欢谑一次，如何？ | E28: 0 | F28: {0}：快哉！ | G28: 0 | H28: 0 | I28: 0
A29: 70005 | B29: 7 | C29: 义结金兰/割袍断义 | D29: {0}：自此之后，你我兄弟恩断义绝，再无瓜葛，望你好自为之！ | E29: {0}脸上的表情略有些复杂，似乎一半惊诧，一般愤怒。 | F29: {0}：兄弟当真要与我割袍断义？如此也好，免得耽误了兄弟的前程。 | G29: 0 | H29: 0 | I29: 0
A30: 70006 | B30: 7 | C30: 眷侣/风花雪月 | D30: {0}：近日江湖奔波，颇为辛劳，不如你我今日不言刀剑，只谈风月，如何？ | E30: {0}闻听你所言，面颊上绯色浮动，如晕渐浓。 | F30: {0}：依……依你便是~ | G30: {0}：这……周公之礼，还是留在你我合卺礼成之后，如何？ | H30: 0 | I30: 0
A31: 70007 | B31: 7 | C31: 眷侣/分手 | D31: {0}：我与你之间相处日久，愈发觉得琴瑟难鸣，不如早些分开吧 | E31: {0}不敢置信的看着你。 | F31: {0}：不曾想到你如此负心薄幸，今日遂了你的心愿，你我各觅佳偶便是 | G31: 0 | H31: 0 | I31: 0
A32: 70008 | B32: 7 | C32: 配偶/亲近 | D32: {0}：今日良辰美景，不如晚些一同赏月如何？ | E32: 0 | F32: {0}：月下观景，人生幸事也。心上人在侧，亦人生幸事也。 | G32: 0 | H32: 0 | I32: 0
A33: 70009 | B33: 7 | C33: 配偶/共度良宵 | D33: {0}：如此花月美景，你我郎情妾意，何不早些就寝，尽享春宵一刻。 | E33: {0}听了你的请求，脸上一阵惊讶，一阵羞赧，一阵不知所措。 | F33: {0}：依你便是~ | G33: {0}：每天都只想男欢女爱之事，不知上进。 | I33: 0
A34: 70010 | B34: 7 | C34: 配偶/休书 | D34: {0}：你我缘尽于此，今日与你休书一封，来日便不再是夫妻了。 | E34: {0}一脸不可置信，瞪大的双眼慢慢涌出泪水来 | F34: {0}：罢了，曾经的海誓山盟不过是过眼云烟而已，此言既已出口，还望你他日不会后悔。 | H34: 0 | I34: 0

Sheet ActionDialog
A1: 对话ID | B1: 初始对话 | C1: 初始选项 | D1: 初始方法 | E1: 条件ID | F1: 改变参数ID | G1: 成功对话 | H1: 成功选项 | I1: 成功方法 | J1: 失败对话 | K1: 失败选项 | L1: 失败方法
A2: id | B2: initDialog | C2: initLips | D2: initFun | E2: termID | F2: changeID | G2: succeedDialog | H2: succeedLips | I2: succeedFun | J2: failDialog | K2: failLips | L2: failFun
A3: 9 | B3: 阁下要打听何人？ | C3: 搜索,离开 | D3: Find,CloseUI
A4: 10 | B4: 此处房产冬暖夏凉，适宜住人。 | C4: 购买({0}文),开锁,离开 | D4: BuyHouse,OpenLock,CloseUI
A5: 11 | B5: 私家宅邸，闲人免入。 | C5: 购买({0}文),开锁,离开 | D5: BuyHouse,OpenLock,CloseUI
A6: 12 | B6: 此处房产已归属你的名下。 | C6: 离开 | D6: CloseUI
A7: 15 | B7: 这位朋友若有闲暇，不妨与在下一同去酒馆小酌几杯可好？ | C7: 赴约,拒绝 | D7: Friend,NoFriend | G7: 那我先行在酒铺找个安静的雅间，静等阁下了。 | H7: 暂且离去。 | I7: GoQPJG | J7: 下次有空，再来相约。 | K7: 暂且离去。 | L7: CloseUI
A8: 17 | B8: 关押着人质的牢门。 | C8: 放置,离开 | D8: PutNpc,CloseUI
A9: 18 | B9: 存取物品的箱子，无甚特别之处。 | C9: 存取物品,离开 | D9: StorageBox,CloseUI
A10: 19 | B10: 朱门半掩，幔舞似幻，隐现佳人妙影…… | C10: 掀帘而入,离开 | D10: EnterRoom,CloseUI

Sheet PlayerAction
A1: ID | B1: 参数 | C1: 条件 | D1: 值 | E1: 触发概率 | F1: 场合 | G1: 时辰要求 | H1: 天气要求 | I1: 改变参数 | J1: 赋值 | K1: 被动参数 | L1: 赋值 | M1: 文字说明 | N1: 对话ID | O1: 持续时间 | P1: CD时间(秒) | Q1: 权重 | R1: 权重分组 | S1: 事件广播参数
A2: id | B2: selfParam | C2: term | D2: sideParam | E2: prob | F2: place | G2: time | H2: weather | I2: changeParam | J2: changeValue | K2: playerParam | L2: playerValue | M2: explain | N2: dialogID | O2: duration | P2: cdTime | Q2: weight | R2: weightGroup | S2: msgTypeParam
A3: 1 | B3: attribute,goldCoin,lichang,500,id,kithKin<>,love | C3: //,<,<,<,!/,!/,< | D3: attribute,500,30,sliver,kithKin<>,1,1 | E3: 100 | F3: 1 | G3: 4,9 | H3: 0 | I3: goldCoin,100- | J3: 100+,sliver | M3: <color=#E64D00>a</color>趁<color=#E64D00>p</color>不备，悄然偷窃了些许钱财。 | N3: 1480 | O3: 50 | P3: 1600 | Q3: 5 | R3: 1 | S3: 2
A4: 2 | B4: attribute,goldCoin,lichang,500,id,kithKin<>,love | C4: <,<,<,<,!/,!/,< | D4: attribute,500,30,sliver,kithKin<>,1,1 | E4: 100 | F4: 1 | G4: 4,9 | H4: 0 | I4: goldCoin,100- | J4: 100+,sliver | M4: <color=#E64D00>a</color>趁<color=#E64D00>p</color>不备，悄然偷窃了些许钱财。 | N4: 1480 | O4: 50 | P4: 1600 | Q4: 5 | R4: 1 | S4: 2
A5: 3 | B5: attribute,goldCoin,lichang,500,3600,id,kithKin<>,love | C5: >,<,<,<,<,!/,!/,< | D5: attribute,500,30,sliver,gameTime,kithKin<>,1,1 | E5: 100 | F5: 1 | G5: 4,9 | H5: 0 | I5: goldCoin,100- | J5: 100+,sliver | M5: <color=#E64D00>a</color>趁<color=#E64D00>p</color>不备，悄然偷窃了些许钱财。 | N5: 1480 | O5: 50 | P5: 1600 | Q5: 5 | R5: 1 | S5: 2
A6: 4 | B6: attribute,goldCoin,lichang,id,kithKin<>,love | C6: //,<,<,!/,!/,< | D6: attribute,300,30,kithKin<>,1,1 | E6: 100 | F6: 1 | G6: 4,9 | H6: 0 | M6: <color=#E64D00>a</color>左寻右觅，但终未能成功窃取<color=#E64D00>p</color>钱财。 | N6: 1490 | O6: 50 | P6: 1600 | Q6: 5 | R6: 1 | S6: 2
A7: 5 | B7: attribute,goldCoin,lichang,id,kithKin<>,love | C7: <,<,<,!/,!/,< | D7: attribute,300,30,kithKin<>,1,1 | E7: 100 | F7: 1 | G7: 4,9 | H7: 0 | M7: <color=#E64D00>a</color>左寻右觅，但终未能成功窃取<color=#E64D00>p</color>钱财。 | N7: 1490 | O7: 50 | P7: 1600 | Q7: 5 | R7: 1 | S7: 2
A8: 6 | B8: attribute,goldCoin,lichang,3600,id,kithKin<>,love | C8: >,<,<,<,!/,!/,< | D8: attribute,300,30,gameTime,kithKin<>,1,1 | E8: 100 | F8: 1 | G8: 4,9 | H8: 0 | M8: <color=#E64D00>a</color>左寻右觅，但终未能成功窃取<color=#E64D00>p</color>钱财。 | N8: 1490 | O8: 50 | P8: 1600 | Q8: 5 | R8: 1 | S8: 2
A9: 7 | B9: attribute,goldCoin,lichang,500,id,kithKin<>,love | C9: //,<,<,<,!/,!/,< | D9: attribute,500,30,sliver,kithKin<>,1,1 | E9: 100 | F9: 1 | G9: 10,3 | H9: 0 | I9: goldCoin,100- | J9: 100+,sliver | M9: <color=#E64D00>a</color>趁<color=#E64D00>p</color>不备，悄然偷窃了些许钱财。 | N9: 1480 | O9: 50 | P9: 1600 | Q9: 15 | R9: 1 | S9: 2
A10: 8 | B10: attribute,goldCoin,lichang,500,id,kithKin<>,love | C10: <,<,<,<,!/,!/,< | D10: attribute,500,30,sliver,kithKin<>,1,1 | E10: 100 | F10: 1 | G10: 10,3 | H10: 0 | I10: goldCoin,100- | J10: 100+,sliver | M10: <color=#E64D00>a</color>趁<color=#E64D00>p</color>不备，悄然偷窃了些许钱财。 | N10: 1480 | O10: 50 | P10: 1600 | Q10: 15 | R10: 1 | S10: 2
A11: 9 | B11: attribute,goldCoin,lichang,500,3600,id,kithKin<>,love | C11: >,<,<,<,<,!/,!/,< | D11: attribute,500,30,sliver,gameTime,kithKin<>,1,1 | E11: 100 | F11: 1 | G11: 10,3 | H11: 0 | I11: goldCoin,100- | J11: 100+,sliver | M11: <color=#E64D00>a</color>趁<color=#E64D00>p</color>不备，悄然偷窃了些许钱财。 | N11: 1480 | O11: 50 | P11: 1600 | Q11: 15 | R11: 1 | S11: 2
A12: 10 | B12: attribute,goldCoin,lichang,id,kithKin<>,love | C12: //,<,<,!/,!/,< | D12: attribute,300,30,kithKin<>,1,1 | E12: 100 | F12: 1 | G12: 10,3 | H12: 0 | M12: <color=#E64D00>a</color>左寻右觅，但终未能成功窃取<color=#E64D00>p</color>钱财。 | N12: 1490 | O12: 50 | P12: 1600 | Q12: 15 | R12: 1 | S12: 2
A13: 11 | B13: attribute,goldCoin,lichang,id,kithKin<>,love | C13: <,<,<,!/,!/,< | D13: attribute,300,30,kithKin<>,1,1 | E13: 100 | F13: 1 | G13: 10,3 | H13: 0 | M13: <color=#E64D00>a</color>左寻右觅，但终未能成功窃取<color=#E64D00>p</color>钱财。 | N13: 1490 | O13: 50 | P13: 1600 | Q13: 15 | R13: 1 | S13: 2
A14: 12 | B14: attribute,goldCoin,lichang,3600,id,kithKin<>,love | C14: >,<,<,<,!/,!/,< | D14: attribute,300,30,gameTime,kithKin<>,1,1 | E14: 100 | F14: 1 | G14: 10,3 | H14: 0 | M14: <color=#E64D00>a</color>左寻右觅，但终未能成功窃取<color=#E64D00>p</color>钱财。 | N14: 1490 | O14: 50 | P14: 1600 | Q14: 15 | R14: 1 | S14: 2
A15: 13 | B15: lichang,lichang,45,55,goldCoin,id,kithKin<> | C15: >,<,<,>,>,!/,!/ | D15: 45,55,lichang,lichang,100,kithKin<>,1 | E15: 100 | F15: 1 | G15: 0 | H15: 0 | I15: goldCoin,PlayerLove(),100+ | J15: 100-,10+,sliver | M15: <color=#E64D00>a</color>听闻与<color=#E64D00>p</color>立场相近，特来相谈，一番攀谈之下，只觉与<color=#E64D00>p</color>言锋相合，特赠予了<color=#E64D00>p</color>些许银两。 | N15: 1500 | O15: 40 | P15: 1600 | Q15: 60 | R15: 2 | S15: 2
A16: 14 | B16: attribute,lichang,love,id,kithKin<>,love | C16: //,<,<,!/,!/,< | D16: attribute,40,0,kithKin<>,1,1 | E16: 0 | F16: 1 | G16: 4,9 | H16: 0 | I16: lichang,GetRandomItemAtPlayer() | J16: 10-,1 | M16: 心怀不轨的<color=#E64D00>a</color>暗中下手，窃取了<color=#E64D00>p</color>囊中物什…… | N16: 1510 | O16: 40 | P16: 1600 | Q16: 0 | R16: 1 | S16: 2
A17: 15 | B17: attribute,lichang,love,id,kithKin<>,love | C17: <,<,<,!/,!/,< | D17: attribute,40,0,kithKin<>,1,1 | E17: 0 | F17: 1 | G17: 4,9 | H17: 0 | I17: lichang,GetRandomItemAtPlayer() | J17: 10-,1 | M17: 心怀不轨的<color=#E64D00>a</color>暗中下手，窃取了<color=#E64D00>p</color>囊中物什…… | N17: 1510 | O17: 40 | P17: 1600 | Q17: 0 | R17: 1 | S17: 2
A18: 16 | B18: attribute,lichang,love,3600,id,kithKin<>,love | C18: >,<,<,<,!/,!/,< | D18: attribute,40,0,gameTime,kithKin<>,1,1 | E18: 0 | F18: 1 | G18: 4,9 | H18: 0 | I18: lichang,GetRandomItemAtPlayer() | J18: 10-,1 | M18: 心怀不轨的<color=#E64D00>a</color>暗中下手，窃取了<color=#E64D00>p</color>囊中物什…… | N18: 1510 | O18: 40 | P18: 1600 | Q18: 0 | R18: 1 | S18: 2
A19: 17 | B19: lichang,xiuWei,id,kithKin<> | C19: <,>,!/,!/ | D19: 40,200,kithKin<>,1 | E19: 100 | F19: 1 | G19: 4,9 | H19: 0 | I19: lichang,PlayerLove() | J19: 5+,5+ | M19: 行走江湖，当以武会友，<color=#E64D00>a</color>发起挑战，望请赐教，切莫避战。 | N19: 1520 | O19: 40 | P19: 1600 | Q19: 30 | R19: 2 | S19: 2
A20: 18 | B20: love,id,kithKin<> | C20: >,!/,!/ | D20: 10,kithKin<>,1 | E20: 100 | F20: 0 | G20: 0 | H20: 0 | I20: PlayerLove() | J20: 5+ | M20: <color=#E64D00>a</color>从远处遥望见昔日好友<color=#E64D00>p</color>，片刻间飞奔而至，滔滔不绝之下，与<color=#E64D00>p</color>相谈甚欢。 | N20: 1410 | O20: 60 | P20: 1600 | Q20: 31 | R20: 2 | S20: 2
A21: 19 | B21: love,id,kithKin<> | C21: <,!/,!/ | D21: -49,kithKin<>,1 | E21: 100 | F21: 0 | G21: 4,10 | H21: 0 | I21: lichang,PlayerLove() | J21: 5-,5- | M21: <color=#E64D00>a</color>发现了仇家<color=#E64D00>p</color>的行踪，从远处拔出刀冲向<color=#E64D00>p</color>，与<color=#E64D00>p</color>死命相搏。 | N21: 1420 | O21: 60 | P21: 1600 | Q21: 32 | R21: 1 | S21: 2
A22: 20 | B22: love,id,kithKin<> | C22: <,!/,!/ | D22: -30,kithKin<>,1 | E22: 100 | F22: 0 | G22: 4,10 | H22: 0 | I22: lichang,PlayerLove() | J22: 5-,5- | M22: 与<color=#E64D00>p</color>素有仇怨的<color=#E64D00>a</color>当街横在<color=#E64D00>p</color>面前，指着<color=#E64D00>p</color>向街坊邻居大肆辱骂了起来。 | N22: 1430 | O22: 60 | P22: 1600 | Q22: 33 | R22: 1 | S22: 2
A23: 21 | B23: love,100,id,kithKin<> | C23: <,<,!/,!/ | D23: -10,sliver,kithKin<>,1 | E23: 100 | F23: 0 | G23: 4,10 | H23: 0 | I23: goldCoin,100- | J23: 100+,sliver | M23: 对<color=#E64D00>p</color>怀恨在心的<color=#E64D00>a</color>暗中跟踪<color=#E64D00>p</color>，趁<color=#E64D00>p</color>不备，悄然偷窃了<color=#E64D00>p</color>钱财。 | N23: 1440 | O23: 60 | P23: 1600 | Q23: 40 | R23: 1 | S23: 2
A24: 22 | B24: relationship,JiaoQing<JinLan> | C24: //,// | D24: 1,1 | E24: 100 | F24: 0 | G24: 4,10 | H24: 0 | I24: PlayerLove() | J24: 5+ | M24: <color=#E64D00>a</color>听闻金兰好友<color=#E64D00>p</color>在此地行走，特意赶来与<color=#E64D00>p</color>相聚，将附近江湖之事尽数告知于<color=#E64D00>p</color>。 | N24: 1450 | O24: 60 | P24: 1600 | Q24: 40 | R24: 2 | S24: 2
A25: 23 | B25: relationship,JiaoQing<JuanLv> | C25: //,// | D25: 2,1 | E25: 100 | F25: 0 | G25: 4,10 | H25: 0 | I25: PlayerLove(),energy | J25: 8+,5- | M25: <color=#E64D00>a</color>听闻红颜眷侣<color=#E64D00>p</color>在此处，思念甚厚，特来寻<color=#E64D00>p</color>相聚片刻。 | N25: 1460 | O25: 60 | P25: 1600 | Q25: 41 | R25: 2 | S25: 2
A26: 24 | B26: relationship,JiaoQing<PeiOu> | C26: //,// | D26: 3,1 | E26: 100 | F26: 0 | G26: 4,10 | H26: 0 | I26: PlayerLove() | J26: 5+ | M26: 与<color=#E64D00>p</color>万分恩爱的<color=#E64D00>a</color>倍感思念，特来寻<color=#E64D00>p</color>相聚片刻。 | N26: 1470 | O26: 60 | P26: 1600 | Q26: 42 | R26: 2 | S26: 2
A27: 25 | B27: love,lichang,lichang,54,69,14,kithKin<>,JiaoQing<ChouDi> | C27: //,>,<,<,>,>,!/,!/ | D27: 0,54,69,lichang,lichang,friendsSan,1,1 | E27: 100 | F27: 0 | G27: 4,10 | H27: 0 | M27: <color=#E64D00>a</color>听闻与<color=#E64D00>p</color>立场相近，特来相谈。 | N27: 210010 | O27: 60 | P27: 1600 | Q27: 30 | R27: 2 | S27: 2
A28: 26 | B28: JiaoQing<ZhiJiao>,love | C28: //,> | D28: 1,64 | E28: 100 | F28: 0 | G28: 4,10 | H28: 0 | M28: <color=#E64D00>a</color>从远处遥望见知交老友<color=#E64D00>p</color>，片刻间飞奔而至。 | N28: 210020 | O28: 60 | P28: 1600 | Q28: 31 | R28: 2 | S28: 2
A29: 27 | B29: love,age,kithKin<>,JiaoQing<ChouDi> | C29: >,>,!/,!/ | D29: 59,44,1,1 | E29: 100 | F29: 0 | G29: 4,10 | H29: 0 | M29: <color=#E64D00>a</color>听闻相交许久的后生晚辈<color=#E64D00>p</color>于此地走动，特来相谈。 | N29: 210030 | O29: 60 | P29: 1600 | Q29: 15 | R29: 2 | S29: 2
A30: 28 | B30: sex,JiaoQing<PeiOu>,JiaoQing<JuanLv>,love,lichang,lichang,28,45 | C30: !/,!/,!/,>,>,<,<,> | D30: sex,1,1,49,28,45,lichang,lichang | E30: 100 | F30: 0 | G30: 4,10 | H30: 0 | M30: <color=#E64D00>a</color>对<color=#E64D00>p</color>暗生情愫，心下暗许…… | N30: 210040 | O30: 60 | P30: 1600 | Q30: 10 | R30: 2 | S30: 2
A31: 29 | B31: sex,JiaoQing<PeiOu>,JiaoQing<JuanLv>,love,lichang,lichang,44,61 | C31: !/,!/,!/,>,>,<,<,> | D31: sex,1,1,49,44,61,lichang,lichang | E31: 100 | F31: 0 | G31: 4,10 | H31: 0 | M31: <color=#E64D00>a</color>对<color=#E64D00>p</color>暗生情愫，心下暗许…… | N31: 210040 | O31: 60 | P31: 1600 | Q31: 20 | R31: 2 | S31: 2
A32: 30 | B32: sex,JiaoQing<PeiOu>,JiaoQing<JuanLv>,love,lichang,lichang,60,77 | C32: !/,!/,!/,>,>,<,<,> | D32: sex,1,1,49,60,77,lichang,lichang | E32: 100 | F32: 0 | G32: 4,10 | H32: 0 | M32: <color=#E64D00>a</color>对<color=#E64D00>p</color>暗生情愫，心下暗许…… | N32: 210040 | O32: 60 | P32: 1600 | Q32: 20 | R32: 2 | S32: 2
A33: 31 | B33: sex,JiaoQing<PeiOu>,JiaoQing<JuanLv>,love,lichang,lichang,28,45 | C33: !/,!/,!/,>,>,<,<,> | D33: sex,1,1,69,28,45,lichang,lichang | E33: 100 | F33: 0 | G33: 4,10 | H33: 0 | M33: 与<color=#E64D00>p</color>互有好感多时的<color=#E64D00>a</color>决意向<color=#E64D00>p</color>表明心迹…… | N33: 210050 | O33: 60 | P33: 1600 | Q33: 40 | R33: 2 | S33: 2
A34: 32 | B34: sex,JiaoQing<PeiOu>,JiaoQing<JuanLv>,love,lichang,lichang,44,61 | C34: !/,!/,!/,>,>,<,<,> | D34: sex,1,1,69,44,61,lichang,lichang | E34: 100 | F34: 0 | G34: 4,10 | H34: 0 | M34: 与<color=#E64D00>p</color>互有好感多时的<color=#E64D00>a</color>决意向<color=#E64D00>p</color>表明心迹…… | N34: 210050 | O34: 60 | P34: 1600 | Q34: 41 | R34: 2 | S34: 2
A35: 33 | B35: sex,JiaoQing<PeiOu>,JiaoQing<JuanLv>,love,lichang,lichang,60,77 | C35: !/,!/,!/,>,>,<,<,> | D35: sex,1,1,69,60,77,lichang,lichang | E35: 100 | F35: 0 | G35: 4,10 | H35: 0 | M35: 与<color=#E64D00>p</color>互有好感多时的<color=#E64D00>a</color>决意向<color=#E64D00>p</color>表明心迹…… | N35: 210050 | O35: 60 | P35: 1600 | Q35: 42 | R35: 2 | S35: 2
A36: 34 | B36: sex,JiaoQing<PeiOu>,JiaoQing<JuanLv>,love,lichang,lichang,28,45 | C36: !/,!/,//,>,>,<,<,> | D36: sex,1,1,79,28,45,lichang,lichang | E36: 100 | F36: 0 | G36: 4,10 | H36: 0 | M36: 柔情无限之际，<color=#E64D00>a</color>向<color=#E64D00>p</color>提出成婚之意…… | N36: 210060 | O36: 60 | P36: 1600 | Q36: 43 | R36: 2 | S36: 2
A37: 35 | B37: sex,JiaoQing<PeiOu>,JiaoQing<JuanLv>,love,lichang,lichang,44,61 | C37: !/,!/,//,>,>,<,<,> | D37: sex,1,1,79,44,61,lichang,lichang | E37: 100 | F37: 0 | G37: 4,10 | H37: 0 | M37: 柔情无限之际，<color=#E64D00>a</color>向<color=#E64D00>p</color>提出成婚之意…… | N37: 210060 | O37: 60 | P37: 1600 | Q37: 44 | R37: 2 | S37: 2
A38: 36 | B38: sex,JiaoQing<PeiOu>,JiaoQing<JuanLv>,love,lichang,lichang,60,77 | C38: !/,!/,//,>,>,<,<,> | D38: sex,1,1,79,60,77,lichang,lichang | E38: 100 | F38: 0 | G38: 4,10 | H38: 0 | M38: 柔情无限之际，<color=#E64D00>a</color>向<color=#E64D00>p</color>提出成婚之意…… | N38: 210060 | O38: 60 | P38: 1600 | Q38: 45 | R38: 2 | S38: 2
... A56: 54 | B56: love,id,kithKin<>,age,attribute | C56: >,!/,!/,<,< | D56: -1,kithKin<>,1,30,attribute | E56: 100 | F56: 0 | G56: 3,11 | H56: 0 | M56: 崇拜<color=#E64D00>p</color>许久的后生晚辈<color=#E64D00>a</color>，闻听<color=#E64D00>p</color>在此处，特来拜访…… | N56: 210260 | O56: 80 | P56: 4320 | Q56: 40 | R56: 2 | S56: 2
A57: 55 | B57: love,id,kithKin<> | C57: >,!/,!/ | D57: 49,kithKin<>,1 | E57: 100 | F57: 0 | G57: 3,11 | H57: 0 | I57: PlayerLove() | J57: 8+ | M57: 与<color=#E64D00>p</color>情谊日深的<color=#E64D00>a</color>决意向<color=#E64D00>p</color>提出结伴同行江湖之意…… | N57: 210270 | O57: 80 | P57: 4320 | Q57: 40 | R57: 2 | S57: 2

Sheet SelfAction
A1: ID | B1: 参数 | C1: 条件 | D1: 值 | E1: 触发概率 | F1: 地图要求 | G1: 场合 | H1: 时辰要求 | I1: 最小人数 | J1: 最大人数 | K1: 人数地图 | L1: 改变参数 | M1: 赋值 | N1: 地图 | O1: 地点 | P1: 行为链 | Q1: 文本说明 | R1: 到达动画 | S1: 对话框 | T1: 对话ID | U1: 持续时间 | V1: CD时间 | W1: 全局CD | X1: 权重 | Y1: 权重分组 | Z1: 是否生成生平 | AA1: 事件广播参数 | AB1: 事件广播参数（亲友） | AC1: 事件触发概率，自动算出，不可修改 | AD1: 每日触发次数期望，自动算出，不可修改（看备注）
A2: id | B2: param | C2: term | D2: value | E2: prob | F2: mapReq | G2: place | H2: time | I2: minNum | J2: maxNum | K2: numMap | L2: changeParam | M2: changeValue | N2: map | O2: point | P2: nextAction | Q2: explain | R2: stopAnim | S2: dialog | T2: dialogID | U2: totalTime | V2: cdTime | W2: gcdTime | X2: weight | Y2: weightGroup | Z2: addLife | AA2: msgTypeParam | AB2: msgTypeParam_kithKin
A3: 12000000 | B3: energy,goldCoin | C3: >,< | D3: 999,0 | E3: 0 | F3: 12000 | G3: 0 | H3: 0 | N3: 12000 | O3: 1,1 | Q3: "作分割符"，下诉均为【青萍村】的随机事件配置。 | V3: 80 | X3: 0 | Y3: 1 | AA3: 5
A4: 1 | B4: energy,goldCoin | C4: <,> | D4: 30,20 | E4: 100 | F4: 12000_12014 | G4: 0 | H4: 4 | L4: goldCoin,SetSP(),state | M4: 20-,25+,1 | N4: 12000 | O4: 20,10;18,16;21,10;22,10;22,11;22,12;20,12;19,11;20,11;20,10 | Q4: <color=#E64D00>a</color>难忍腹中饥饿，前往小摊前选购了些许吃食。 | R4: daditu/30001 | S4: chifan | U4: 40 | V4: 1440 | W4: 20 | X4: 20 | Y4: 1 | Z4: 0 | AA4: 5 | AC4: =$X4/(SUM(X:X)+SUM(NpcAction!N:N)+SUM(PlayerAction!Q:Q)+SUM(multiAction!AJ:AJ)) -> 0.0012163231 | AD4: =($AC4*$E4/100)*(240/2) -> 0.14595877
A5: 2 | B5: energy,goldCoin | C5: <,> | D5: 50,50 | E5: 100 | F5: 12000_12014 | G5: 0 | H5: 4 | L5: goldCoin,SetSP(),state | M5: 50-,20+,1 | N5: 12000 | O5: 20,10;18,16;21,10;22,10;22,11;22,12;20,12;19,11;20,11;20,10 | Q5: 肚子空空的<color=#E64D00>a</color>前往路边小摊用早饭。 | R5: daditu/30001 | S5: chifan | U5: 40 | V5: 1440 | W5: 20 | X5: 20 | Y5: 1 | Z5: 0 | AA5: 5 | AC5: =$X5/(SUM(X:X)+SUM(NpcAction!N:N)+SUM(PlayerAction!Q:Q)+SUM(multiAction!AJ:AJ)) -> 0.0012163231 | AD5: =($AC5*$E5/100)*(240/2) -> 0.14595877
A6: 19 | B6: energy | C6: > | D6: 60 | E6: 100 | F6: 12000_12014 | G6: 0 | H6: 0 | L6: SetSP(),xiuWei,state | M6: 10-,20+,3 | N6: 12000 | O6: 0,28;26,26;24,28;16,27;29,27;4,20;11,33;13,36;16,27;20,28;8,20;25,28;33,13;37,13;37,14;10,5;5,20;7,31;2,31;0,27;0,29;26,8;16,33;19,34;20,31;19,27 | Q6: 对花草颇为感兴趣的<color=#E64D00>a</color>闲来无事，决意前往山间林里赏花观景。 | R6: daditu/npc_daiji_z | S6: jingguan | U6: 80 | V6: 1440 | W6: 60 | X6: 30 | Y6: 1 | Z6: 0 | AA6: 5 | AC6: =$X6/(SUM(X:X)+SUM(NpcAction!N:N)+SUM(PlayerAction!Q:Q)+SUM(multiAction!AJ:AJ)) -> 0.0018244846 | AD6: =($AC6*$E6/100)*(240/2) -> 0.21893815
A7: 20 | B7: energy,goldCoin | C7: >,> | D7: 60,50 | E7: 100 | F7: 12000_12014 | G7: 0 | H7: 0 | L7: SetSP(),xiuWei,state,goldCoin | M7: 10-,10+,10,30- | N7: 12000 | O7: 19,17;20,17;20,18;21,17;22,17 | Q7: <color=#E64D00>a</color>偶感风寒，决意前往胡郎中的药铺采买些药品。 | R7: daditu/20010 | S7: xuangou | U7: 50 | V7: 1440 | W7: 240 | X7: 10 | Y7: 1 | Z7: 1 | AA7: 5 | AC7: =$X7/(SUM(X:X)+SUM(NpcAction!N:N)+SUM(PlayerAction!Q:Q)+SUM(multiAction!AJ:AJ)) -> 0.00060816153 | AD7: =($AC7*$E7/100)*(240/2) -> 0.072979383
A8: 21 | B8: energy | C8: > | D8: 50 | E8: 100 | F8: 12000_12014 | G8: 0 | H8: 0 | L8: SetSP(),xiuWei,state | M8: 10-,20+,4 | N8: 12000 | O8: 0,34;26,8;2,33;0,33;0,32;1,33;1,33;2,33;2,32;3,32;3,33;4,33;5,34;5,33 | Q8: <color=#E64D00>a</color>听闻后山深潭之中常有古怪声响，据传是一江湖前辈隐居之所，决定前去一探究竟。 | R8: daditu/shoushang_b | S8: yihuo | U8: 40 | V8: 2880 | W8: 360 | X8: 20 | Y8: 1 | Z8: 1 | AA8: 5 | AC8: =$X8/(SUM(X:X)+SUM(NpcAction!N:N)+SUM(PlayerAction!Q:Q)+SUM(multiAction!AJ:AJ)) -> 0.0012163231 | AD8: =($AC8*$E8/100)*(240/2) -> 0.14595877
A9: 22 | B9: energy | C9: > | D9: 50 | E9: 100 | F9: 12000_12014 | G9: 0 | H9: 0 | L9: SetSP(),xiuWei,state | M9: 10-,30+,20 | N9: 12000 | O9: 28,17;28,17;28,18;27,17 | Q9: <color=#E64D00>a</color>听闻村中猎户处有一册专研追踪射术之秘籍，决意前往求教。 | R9: daditu/30002 | S9: yiwuhuiyou | U9: 60 | V9: 2880 | W9: 240 | X9: 30 | Y9: 1 | Z9: 1 | AA9: 5 | AC9: =$X9/(SUM(X:X)+SUM(NpcAction!N:N)+SUM(PlayerAction!Q:Q)+SUM(multiAction!AJ:AJ)) -> 0.0018244846 | AD9: =($AC9*$E9/100)*(240/2) -> 0.21893815
A10: 23 | B10: energy | C10: > | D10: 20 | E10: 100 | F10: 12000_12014 | G10: 0 | H10: 3,11 | L10: SetSP(),xiuWei,state | M10: 10-,10+,6 | N10: 12000 | O10: 19,1;20,1;16,1;15,2;14,3;11,4 | Q10: <color=#E64D00>a</color>来到河边钓鱼小坐，其上水波不兴，久坐之下，却似隐有明悟…… | R10: daditu/kuaizuo | S10: diaoyu | U10: 90 | V10: 1440 | W10: 60 | X10: 40 | Y10: 1 | Z10: 1 | AA10: 5 | AC10: =$X10/(SUM(X:X)+SUM(NpcAction!N:N)+SUM(PlayerAction!Q:Q)+SUM(multiAction!AJ:AJ)) -> 0.0024326461 | AD10: =($AC10*$E10/100)*(240/2) -> 0.29191753
A11: 1102 | B11: energy | C11: > | D11: 10 | E11: 100 | F11: 12000_12014 | G11: 0 | H11: 6,8 | L11: evil,lichang,SetSP() | M11: 1-,5-,5- | N11: 12000 | O11: 20,21;21,22;21,21;19,21 | Q11: <color=#E64D00>a</color>酒后无德，竟借酒遮面，口出秽语，引得路人和宾朋纷纷对他避而远之。 | S11: chaojia | T11: 110010 | U11: 40 | V11: 2880 | W11: 120 | X11: 5 | Y11: 1 | Z11: 1 | AA11: 5 | AC11: =$X11/(SUM(X:X)+SUM(NpcAction!N:N)+SUM(PlayerAction!Q:Q)+SUM(multiAction!AJ:AJ)) -> 0.00030408076 | AD11: =($AC11*$E11/100)*(240/2) -> 0.036489692
A12: 1105 | B12: age,xiuWei | C12: >,> | D12: 20,30 | E12: 100 | F12: 12000_12014 | G12: 0 | H12: 4,10 | L12: good,goldCoin,lichang,SetSP(),state | M12: 15+,1000+,6+,15-,8 | N12: 12000 | O12: 16,7;23,10;24,9;27,13;31,5;30,5;29,6;28,7;26,7;26,9;23,10;17,14;16,14;16,17;18,20;17,20;15,10;15,8;16,6;17,9;17,11 | Q12: 素来嚣张跋扈的村内混混，被<color=#E64D00>a</color>出手擒之，其义举被坊间传为佳话。 | R12: daditu/30002 | U12: 30 | V12: 2880 | W12: 360 | X12: 10 | Y12: 1 | Z12: 1 | AA12: 5 | AC12: =$X12/(SUM(X:X)+SUM(NpcAction!N:N)+SUM(PlayerAction!Q:Q)+SUM(multiAction!AJ:AJ)) -> 0.00060816153 | AD12: =($AC12*$E12/100)*(240/2) -> 0.072979383
A13: 1109 | B13: lichang,sex | C13: <,!/ | D13: 30,1 | E13: 100 | F13: 12000_12014 | G13: 0 | H13: 4,10 | L13: evil,lichang,SetSP() | M13: 3-,5-,5- | N13: 12000 | O13: 24,15;19,8;17,19 | Q13: 无才无德的村姑<color=#E64D00>a</color>在街巷里卖弄风姿，妄图籍此得嫁高门。 | R13: daditu/20010 | U13: 30 | V13: 2880 | W13: 480 | X13: 5 | Y13: 1 | Z13: 0 | AA13: 5 | AC13: =$X13/(SUM(X:X)+SUM(NpcAction!N:N)+SUM(PlayerAction!Q:Q)+SUM(multiAction!AJ:AJ)) -> 0.00030408076 | AD13: =($AC13*$E13/100)*(240/2) -> 0.036489692
A14: 1110 | B14: lichang | C14: > | D14: 70 | E14: 100 | F14: 12000_12014 | G14: 0 | H14: 0 | L14: good,goldCoin,lichang,SetSP() | M14: 3+,300+,4+,15- | N14: 12000 | O14: 20,21 | Q14: <color=#E64D00>a</color>四处寻访蛛丝马迹，终于找到了村户失窃的线索。 | R14: daditu/20010 | U14: 30 | V14: 1440 | W14: 360 | X14: 3 | Y14: 1 | Z14: 0 | AA14: 5 | AC14: =$X14/(SUM(X:X)+SUM(NpcAction!N:N)+SUM(PlayerAction!Q:Q)+SUM(multiAction!AJ:AJ)) -> 0.00018244846 | AD14: =($AC14*$E14/100)*(240/2) -> 0.021893815
A15: 1209 | B15: energy | C15: > | D15: 50 | E15: 100 | F15: 12000_12014 | G15: 0 | H15: 4,9 | L15: goldCoin,SetSP(),xiuWei,state | M15: 100+,10-,10+,7 | N15: 12000 | O15: 14,7;14,8;14,9;13,7;13,8;13,9 | Q15: <color=#E64D00>a</color>在农田间劳作，赚取了些许工钱，体魄也强健了些许。 | R15: daditu/20006 | S15: zhongtian | U15: 80 | V15: 1440 | W15: 120 | X15: 20 | Y15: 1 | Z15: 0 | AA15: 5 | AC15: =$X15/(SUM(X:X)+SUM(NpcAction!N:N)+SUM(PlayerAction!Q:Q)+SUM(multiAction!AJ:AJ)) -> 0.0012163231 | AD15: =($AC15*$E15/100)*(240/2) -> 0.14595877
A16: 1210 | B16: energy | C16: > | D16: 50 | E16: 100 | F16: 12000_12014 | G16: 0 | H16: 4,9 | L16: goldCoin,SetSP(),xiuWei,state | M16: 50+,10-,10+,9 | N16: 12000 | O16: 16,11;18,20;17,9;17,8;16,5;16,10;16,11;11,11;11,12;12,19;11,19;17,16;17,17;18,18;24,20 | Q16: <color=#E64D00>a</color>在路边代笔书信，赚取生活开销，同时也丰富了些江湖阅历。 | R16: daditu/20010 | S16: xuexi | U16: 30 | V16: 1440 | W16: 120 | X16: 5 | Y16: 1 | Z16: 0 | AA16: 5 | AC16: =$X16/(SUM(X:X)+SUM(NpcAction!N:N)+SUM(PlayerAction!Q:Q)+SUM(multiAction!AJ:AJ)) -> 0.00030408076 | AD16: =($AC16*$E16/100)*(240/2) -> 0.036489692
A17: 1211 | B17: energy | C17: > | D17: 60 | E17: 100 | F17: 12000_12014 | G17: 0 | H17: 4,9 | L17: goldCoin,SetSP(),xiuWei,state,IncItem() | M17: 1200+,25-,20+,7,907020;6 | N17: 12000 | O17: 34,14;37,14;30,23;29,22;35,14;34,13;7,21;10,34;0,31;0,30;0,32 | Q17: <color=#E64D00>a</color>通晓金石之术，在山崖间采石开矿，所获颇丰。 | R17: daditu/20008 | U17: 80 | V17: 1440 | W17: 120 | X17: 30 | Y17: 1 | Z17: 0 | AA17: 5 | AC17: =$X17/(SUM(X:X)+SUM(NpcAction!N:N)+SUM(PlayerAction!Q:Q)+SUM(multiAction!AJ:AJ)) -> 0.0018244846 | AD17: =($AC17*$E17/100)*(240/2) -> 0.21893815
A18: 1212 | B18: energy | C18: > | D18: 60 | E18: 100 | F18: 12000_12014 | G18: 0 | H18: 5,7 | L18: goldCoin,SetSP(),state | M18: 80+,30-,5 | N18: 12000 | O18: 16,13;26,9;16,5;11,5;12,17;17,11;19,6;8,19;12,19;16,17;17,17;18,17;17,16;17,15;16,15;16,12;16,11;16,10;17,10;23,10;24,10;23,17 | Q18: <color=#E64D00>a</color>在街头卖艺，几轮精彩的枪棒耍下来。引得路人纷纷喝彩叫好，打赏的银钱散落满地。 | R18: daditu/30002 | U18: 30 | V18: 1440 | W18: 120 | X18: 5 | Y18: 1 | Z18: 0 | AA18: 5 | AC18: =$X18/(SUM(X:X)+SUM(NpcAction!N:N)+SUM(PlayerAction!Q:Q)+SUM(multiAction!AJ:AJ)) -> 0.00030408076 | AD18: =($AC18*$E18/100)*(240/2) -> 0.036489692
A19: 1306 | B19: energy | C19: < | D19: 50 | E19: 100 | F19: 12000_12014 | G19: 0 | H19: 5,7 | L19: SetSP() | M19: 10+ | N19: 12000 | O19: 26,9;26,8;29,7;25,6;23,9;22,5;20,4;20,3;17,4;16,3;15,4;16,4;20,7;19,8;18,8;17,8;17,9;19,7;19,6;10,5;13,10;15,12;8,20;5,20;4,20;9,27;7,28;5,34;6,34;0,30;0,27;2,31;11,33;11,33;13,36;14,30;14,28;16,33;17,33;19,32;20,31;20,28;19,27;25,28;26,9;27,25;28,22;27,21;32,13;33,13;37,13;39,13 | Q19: 汗流浃背的<color=#E64D00>a</color>在树下荫凉处稍作休息，恢复了些许气力。 | R19: daditu/dazuo | S19: dazuotiaoxi | U19: 30 | V19: 1440 | W19: 120 | X19: 10 | Y19: 1 | Z19: 0 | AA19: 5 | AC19: =$X19/(SUM(X:X)+SUM(NpcAction!N:N)+SUM(PlayerAction!Q:Q)+SUM(multiAction!AJ:AJ)) -> 0.00060816153 | AD19: =($AC19*$E19/100)*(240/2) -> 0.072979383
A20: 1308 | B20: goldCoin,energy | C20: >,< | D20: 100,50 | E20: 100 | F20: 12000_12014 | G20: 0 | H20: 4,9 | L20: SetSP(),goldCoin,state | M20: 20+,100-,10 | N20: 12000 | O20: 19,17;20,17;20,18;21,17;22,17 | Q20: 筋骨疲惫的<color=#E64D00>a</color>走进胡郎中的医馆，在其活络妙手推按之下，全身<color=#5E9A52>筋骨</color>焕然如新，疲劳感一扫而空。 | U20: 20 | V20: 1440 | W20: 120 | X20: 10 | Y20: 1 | Z20: 0 | AA20: 5 | AC20: =$X20/(SUM(X:X)+SUM(NpcAction!N:N)+SUM(PlayerAction!Q:Q)+SUM(multiAction!AJ:AJ)) -> 0.00060816153 | AD20: =($AC20*$E20/100)*(240/2) -> 0.072979383
A21: 1309 | B21: age | C21: > | D21: 20 | E21: 100 | F21: 12000_12014 | G21: 0 | H21: 4,9 | L21: SetSP(),xiuWei,state | M21: 15-,20+,21 | N21: 12000 | O21: 26,9;26,8;29,7;25,6;23,9;22,5;20,4;20,3;17,4;16,3;15,4;16,4;20,7;19,8;18,8;17,8;17,9;19,7;19,6;10,5;13,10;15,12;8,20;5,20;4,20;9,27;7,28;5,34;6,34;0,30;0,27;2,31;11,33;11,33;13,36;14,30;14,28;16,33;17,33;19,32;20,31;20,28;19,27;25,28;26,9;27,25;28,22;27,21;32,13;33,13;37,13;39,13 | Q21: <color=#E64D00>a</color>刻苦练功，豆大的汗珠顺着两鬓不断流下，终略有心得。 | R21: daditu/30002 | S21: yiwuhuiyou | U21: 60 | V21: 1440 | W21: 120 | X21: 1 | Y21: 1 | Z21: 0 | AA21: 5 | AC21: =$X21/(SUM(X:X)+SUM(NpcAction!N:N)+SUM(PlayerAction!Q:Q)+SUM(multiAction!AJ:AJ)) -> 6.0816153e-05 | AD21: =($AC21*$E21/100)*(240/2) -> 0.0072979383
A22: 1310 | B22: age,lichang | C22: >,> | D22: 10,80 | E22: 100 | F22: 12000_12014 | G22: 0 | H22: 0 | L22: SetSP(),good,lichang | M22: 10-,15+,65+ | N22: 12000 | O22: 17,19 | Q22: 热心的<color=#E64D00>a</color>大费一番周章，终于帮村中老叟寻回了走失的黄牛。 | V22: 1440 | W22: 360 | X22: 5 | Y22: 1 | Z22: 0 | AA22: 5 | AC22: =$X22/(SUM(X:X)+SUM(NpcAction!N:N)+SUM(PlayerAction!Q:Q)+SUM(multiAction!AJ:AJ)) -> 0.00030408076 | AD22: =($AC22*$E22/100)*(240/2) -> 0.036489692
A23: 1311 | B23: age,energy | C23: >,< | D23: 10,30 | E23: 100 | F23: 12000_12014 | G23: 0 | H23: 5,7 | L23: SetSP(),state | M23: 5+,11 | N23: 12000 | O23: 14,13;14,14;14,15;15,14;13,12;12,12;15,12 | Q23: <color=#E64D00>a</color>喝下了几口清水后，靠在一旁稍作歇息，倦怠的身体恢复了一些。 | R23: daditu/20004 | S23: pibei | U23: 30 | V23: 1440 | W23: 120 | X23: 5 | Y23: 1 | Z23: 0 | AA23: 5 | AC23: =$X23/(SUM(X:X)+SUM(NpcAction!N:N)+SUM(PlayerAction!Q:Q)+SUM(multiAction!AJ:AJ)) -> 0.00030408076 | AD23: =($AC23*$E23/100)*(240/2) -> 0.036489692
A24: 1312 | B24: goldCoin,energy | C24: >,< | D24: 100,40 | E24: 100 | F24: 12000_12014 | G24: 0 | H24: 4,9 | L24: SetSP(),goldCoin,state | M24: 20+,60-,1 | N24: 12000 | O24: 20,10;18,16;21,10;22,10;22,11;22,12;20,12;19,11;20,11;20,10 | Q24: <color=#E64D00>a</color>于村内小铺用了些许酒菜，稍作休息之后再行前往别处。 | R24: daditu/30001 | S24: chifan | U24: 60 | V24: 1440 | W24: 120 | X24: 10 | Y24: 1 | Z24: 0 | AA24: 5 | AC24: =$X24/(SUM(X:X)+SUM(NpcAction!N:N)+SUM(PlayerAction!Q:Q)+SUM(multiAction!AJ:AJ)) -> 0.00060816153 | AD24: =($AC24*$E24/100)*(240/2) -> 0.072979383
A25: 1401 | B25: attribute,xiuWei | C25: //,> | D25: 1,150 | E25: 100 | F25: 12000_12014 | G25: 0 | H25: 0 | L25: attribute,xiuWei | M25: 1+,150- | N25: 12000 | O25: 26,9;26,8;29,7;25,6;23,9;22,5;20,4;20,3;17,4;16,3;15,4;16,4;20,7;19,8;18,8;17,8;17,9;19,7;19,6;10,5;13,10;15,12;8,20;5,20;4,20;9,27;7,28;5,34;6,34;0,30;0,27;2,31;11,33;11,33;13,36;14,30;14,28;16,33;17,33;19,32;19,32;20,31;20,28;19,27;25,28;26,9;27,25;28,22;27,21;32,13;33,13;37,13;39,13 | Q25: 功力精纯的<color=#E64D00>a</color>在山中打坐之时，终于突破瓶颈，让修为境界提升至<color=#E64D00>略有小成</color>。 | R25: daditu/dazuo | S25: dazuotiaoxi | U25: 80 | V25: 999999 | W25: 360 | X25: 100 | Y25: 1 | Z25: 1 | AA25: 5 | AC25: =$X25/(SUM(X:X)+SUM(NpcAction!N:N)+SUM(PlayerAction!Q:Q)+SUM(multiAction!AJ:AJ)) -> 0.0060816153 | AD25: =($AC25*$E25/100)*(240/2) -> 0.72979383
A26: 1402 | B26: attribute,xiuWei | C26: //,> | D26: 2396 | E26: 100 | F26: 12000_12014 | G26: 0 | H26: 0 | L26: attribute,xiuWei | M26: 1+,396- | N26: 12000 | O26: 26,9;26,8;29,7;25,6;23,9;22,5;20,4;20,3;17,4;16,3;15,4;16,4;20,7;19,8;18,8;17,8;17,9;19,7;19,6;10,5;13,10;15,12;8,20;5,20;4,20;9,27;7,28;5,34;6,34;0,30;0,27;2,31;11,33;11,33;13,36;14,30;14,28;16,33;17,33;19,32;19,32;20,31;20,28;19,27;25,28;26,9;27,25;28,22;27,21;32,13;33,13;37,13;39,13 | Q26: <color=#E64D00>a</color>终突破瓶颈，境界提升至<color=#E64D00>心领神会</color>。 | R26: daditu/dazuo | S26: dazuotiaoxi | U26: 80 | V26: 999999 | W26: 360 | X26: 100 | Y26: 1 | Z26: 1 | AA26: 5 | AC26: =$X26/(SUM(X:X)+SUM(NpcAction!N:N)+SUM(PlayerAction!Q:Q)+SUM(multiAction!AJ:AJ)) -> 0.0060816153 | AD26: =($AC26*$E26/100)*(240/2) -> 0.72979383
A27: 101 | B27: energy | C27: > | D27: 20 | E27: 100 | F27: 12000_12014 | G27: 0 | H27: 0 | L27: SetSP(),xiuWei | M27: 15-,15- | N27: 12000 | O27: 20,18;17,33;15,30;13,28;13,18;4,20;11,33;13,29;8,20;12,24;12,28;18,32;19,33;18,33;117,33;19,32;7,25;6,23;7,20;8,19 | Q27: <color=#E64D00>a</color>不慎被花草丛中的毒蛇咬伤，剧痛难忍，呢喃呼救。 | R27: daditu/20003 | S27: zhongdu | T27: 110020 | U27: 90 | V27: 2880 | W27: 360 | X27: 5 | Y27: 1 | Z27: 0 | AA27: 5 | AC27: =$X27/(SUM(X:X)+SUM(NpcAction!N:N)+SUM(PlayerAction!Q:Q)+SUM(multiAction!AJ:AJ)) -> 0.00030408076 | AD27: =($AC27*$E27/100)*(240/2) -> 0.036489692
A28: 103 | B28: energy | C28: > | D28: 20 | E28: 100 | F28: 12000_12014 | G28: 0 | H28: 5,7 | L28: SetSP() | M28: 15- | N28: 12000 | O28: 16,13;26,9;16,5;11,5;12,17;17,11;19,6;8,19;12,19;16,17;17,17;18,17;17,16;17,15;16,15;16,12;16,11;16,10;17,10;23,10;24,10;23,17 | Q28: <color=#E64D00>a</color>在街口说书，引得路人纷纷驻足。 | R28: daditu/20010 | T28: 110030 | U28: 30 | V28: 1440 | W28: 120 | X28: 5 | Y28: 1 | Z28: 0 | AA28: 5 | AC28: =$X28/(SUM(X:X)+SUM(NpcAction!N:N)+SUM(PlayerAction!Q:Q)+SUM(multiAction!AJ:AJ)) -> 0.00030408076 | AD28: =($AC28*$E28/100)*(240/2) -> 0.036489692
A29: 105 | B29: energy | C29: < | D29: 50 | E29: 100 | F29: 12000_12014 | G29: 0 | H29: 4,9 | L29: SetSP() | M29: 15- | N29: 12000 | O29: 26,8;28,7;32,5;37,5;25,7 | Q29: 体力不支的<color=#E64D00>a</color>忽觉头晕目眩，瘫坐在路边的墙脚无法动弹。 | R29: daditu/20004 | S29: xuanyun | T29: 110040 | U29: 30 | V29: 1440 | W29: 120 | X29: 5 | Y29: 1 | Z29: 0 | AA29: 5 | AC29: =$X29/(SUM(X:X)+SUM(NpcAction!N:N)+SUM(PlayerAction!Q:Q)+SUM(multiAction!AJ:AJ)) -> 0.00030408076 | AD29: =($AC29*$E29/100)*(240/2) -> 0.036489692
A30: 106 | B30: age,energy | C30: >,> | D30: 10,40 | E30: 100 | F30: 12000_12014 | G30: 0 | H30: 0 | L30: SetSP(),xiuWei | M30: 30-,20+ | N30: 12000 | O30: 26,9;26,8;29,7;25,6;23,9;22,5;20,4;20,3;17,4;16,3;15,4;16,4;20,7;19,8;18,8;17,8;17,9;19,7;19,6;10,5;13,10;15,12;8,20;5,20;4,20;9,27;7,28;5,34;6,34;0,30;0,27;2,31;11,33;11,33;13,36;14,30;14,28;16,33;17,33;19,32;19,32;20,31;20,28;19,27;25,28;26,9;27,25;28,22;27,21;32,13;33,13;37,13;39,13 | Q30: <color=#E64D00>a</color>避开闹市，习练武学，隐隐有所感悟，功力再进一层。 | R30: daditu/30002 | T30: 110050 | U30: 60 | V30: 1440 | W30: 120 | X30: 20 | Y30: 1 | Z30: 1 | AA30: 5 | AC30: =$X30/(SUM(X:X)+SUM(NpcAction!N:N)+SUM(PlayerAction!Q:Q)+SUM(multiAction!AJ:AJ)) -> 0.0012163231 | AD30: =($AC30*$E30/100)*(240/2) -> 0.14595877
A31: 107 | B31: age,energy | C31: >,> | D31: 10,40 | E31: 100 | F31: 12000_12014 | G31: 0 | H31: 0 | L31: SetSP(),xiuWei | M31: 30-,20+ | N31: 12000 | O31: 26,9;26,8;29,7;25,6;23,9;22,5;20,4;20,3;17,4;16,3;15,4;16,4;20,7;19,8;18,8;17,8;17,9;19,7;19,6;10,5;13,10;15,12;8,20;5,20;4,20;9,27;7,28;5,34;6,34;0,30;0,27;2,31;11,33;11,33;13,36;14,30;14,28;16,33;17,33;19,32;19,32;20,31;20,28;19,27;25,28;26,9;27,25;28,22;27,21;32,13;33,13;37,13;39,13 | Q31: <color=#E64D00>a</color>将生疏的心法多加练习，修为颇有进益。 | R31: daditu/dazuo | S31: dazuotiaoxi | T31: 110060 | U31: 40 | V31: 1440 | W31: 120 | X31: 20 | Y31: 1 | Z31: 1 | AA31: 5 | AC31: =$X31/(SUM(X:X)+SUM(NpcAction!N:N)+SUM(PlayerAction!Q:Q)+SUM(multiAction!AJ:AJ)) -> 0.0012163231 | AD31: =($AC31*$E31/100)*(240/2) -> 0.14595877
A32: 108 | B32: xiuWei,energy | C32: >,> | D32: 50,60 | E32: 100 | F32: 12000_12014 | G32: 0 | H32: 0 | L32: SetSP(),xiuWei | M32: 30-,40+ | N32: 12000 | O32: 26,9;26,8;29,7;25,6;23,9;22,5;20,4;20,3;17,4;16,3;15,4;16,4;20,7;19,8;18,8;17,8;17,9;19,7;19,6;10,5;13,10;15,12;8,20;5,20;4,20;9,27;7,28;5,34;6,34;0,30;0,27;2,31;11,33;11,33;13,36;14,30;14,28;16,33;17,33;19,32;19,32;20,31;20,28;19,27;25,28;26,9;27,25;28,22;27,21;32,13;33,13;37,13;39,13 | Q32: <color=#E64D00>a</color>打坐时灵光乍现，参透了困扰许久的功法谜题。 | R32: daditu/10002 | S32: dazuotiaoxi | T32: 110070 | U32: 90 | V32: 1440 | W32: 120 | X32: 15 | Y32: 1 | Z32: 0 | AA32: 5 | AC32: =$X32/(SUM(X:X)+SUM(NpcAction!N:N)+SUM(PlayerAction!Q:Q)+SUM(multiAction!AJ:AJ)) -> 0.00091224229 | AD32: =($AC32*$E32/100)*(240/2) -> 0.10946907
A33: 109 | B33: xiuWei,energy | C33: >,> | D33: 120,60 | E33: 100 | F33: 12000_12014 | G33: 0 | H33: 0 | L33: SetSP(),xiuWei | M33: 30-,30+ | N33: 12000 | O33: 26,9;26,8;29,7;25,6;23,9;22,5;20,4;20,3;17,4;16,3;15,4;16,4;20,7;19,8;18,8;17,8;17,9;19,7;19,6;10,5;13,10;15,12;8,20;5,20;4,20;9,27;7,28;5,34;6,34;0,30;0,27;2,31;11,33;11,33;13,36;14,30;14,28;16,33;17,33;19,32;19,32;20,31;20,28;19,27;25,28;26,9;27,25;28,22;27,21;32,13;33,13;37,13;39,13 | Q33: <color=#E64D00>a</color>将自己的功力提至临界，只待冲破玄关，修为便可更上一层楼。 | R33: daditu/dazuo | S33: dazuotiaoxi | T33: 110080 | U33: 90 | V33: 1440 | W33: 120 | X33: 30 | Y33: 1 | Z33: 1 | AA33: 5 | AC33: =$X33/(SUM(X:X)+SUM(NpcAction!N:N)+SUM(PlayerAction!Q:Q)+SUM(multiAction!AJ:AJ)) -> 0.0018244846 | AD33: =($AC33*$E33/100)*(240/2) -> 0.21893815
A34: 110 | B34: energy | C34: < | D34: 20 | E34: 100 | F34: 12000_12014 | G34: 0 | H34: 0 | L34: SetSP() | M34: 30+ | N34: 12000 | O34: 26,9;26,8;29,7;25,6;23,9;22,5;20,4;20,3;17,4;16,3;15,4;16,4;20,7;19,8;18,8;17,8;17,9;19,7;19,6;10,5;13,10;15,12;8,20;5,20;4,20;9,27;7,28;5,34;6,34;0,30;0,27;2,31;11,33;11,33;13,36;14,30;14,28;16,33;17,33;19,32;19,32;20,31;20,28;19,27;25,28;26,9;27,25;28,22;27,21;32,13;33,13;37,13;39,13 | Q34: <color=#E64D00>a</color>体力消耗殆尽，随意找了一棵树打坐调息。 | R34: daditu/20004 | S34: dazuotiaoxi | T34: 110090 | U34: 30 | V34: 1440 | W34: 120 | X34: 10 | Y34: 1 | Z34: 0 | AA34: 5 | AC34: =$X34/(SUM(X:X)+SUM(NpcAction!N:N)+SUM(PlayerAction!Q:Q)+SUM(multiAction!AJ:AJ)) -> 0.00060816153 | AD34: =($AC34*$E34/100)*(240/2) -> 0.072979383
A35: 114 | B35: lichang,evil | C35: <,> | D35: 50,5 | E35: 100 | F35: 12000_12014 | G35: 0 | H35: 4,9 | L35: lichang,evil | M35: 5-,5- | N35: 12000 | O35: 20,10;18,16;21,10;22,10;22,11;22,12;20,12;19,11;20,11;20,10 | Q35: 馋嘴贪吃的<color=#E64D00>a</color>，抢夺路边零食，被老板发现与之争斗起来。 | R35: daditu/20002 | T35: 110100 | U35: 30 | V35: 2880 | W35: 360 | X35: 5 | Y35: 1 | Z35: 0 | AA35: 5 | AC35: =$X35/(SUM(X:X)+SUM(NpcAction!N:N)+SUM(PlayerAction!Q:Q)+SUM(multiAction!AJ:AJ)) -> 0.00030408076 | AD35: =($AC35*$E35/100)*(240/2) -> 0.036489692
A36: 115 | B36: energy,age | C36: <,< | D36: 50,10 | E36: 100 | F36: 12000_12014 | G36: 0 | H36: 4,9 | N36: 12000 | O36: 20,10;18,16;21,10;22,10;22,11;22,12;20,12;19,11;20,11;20,10 | Q36: <color=#E64D00>a</color>在街上一边哭闹喊娘，吵着要回家。 | U36: 25 | V36: 2880 | W36: 360 | X36: 5 | Y36: 1 | Z36: 0 | AA36: 5 | AC36: =$X36/(SUM(X:X)+SUM(NpcAction!N:N)+SUM(PlayerAction!Q:Q)+SUM(multiAction!AJ:AJ)) -> 0.00030408076 | AD36: =($AC36*$E36/100)*(240/2) -> 0.036489692
A37: 118 | B37: energy,xiuWei | C37: >,> | D37: 50,120 | E37: 100 | F37: 12000_12014 | G37: 0 | H37: 0 | L37: lichang,SetSP(),xiuWei | M37: 2-,50-,20- | N37: 12000 | O37: 26,9;26,8;29,7;25,6;23,9;22,5;20,4;20,3;17,4;16,3;15,4;16,4;20,7;19,8;18,8;17,8;17,9;19,7;19,6;10,5;13,10;15,12;8,20;5,20;4,20;9,27;7,28;5,34;6,34;0,30;0,27;2,31;11,33;11,33;13,36;14,30;14,28;16,33;17,33;19,32;19,32;20,31;20,28;19,27;25,28;26,9;27,25;28,22;27,21;32,13;33,13;37,13;39,13 | Q37: <color=#E64D00>a</color>求成心切，连日来过度修炼，终致气血失调，功力大损。 | R37: daditu/20004 | S37: pibei | T37: 110110 | U37: 60 | V37: 2880 | W37: 120 | X37: 15 | Y37: 1 | Z37: 1 | AA37: 5 | AC37: =$X37/(SUM(X:X)+SUM(NpcAction!N:N)+SUM(PlayerAction!Q:Q)+SUM(multiAction!AJ:AJ)) -> 0.00091224229 | AD37: =($AC37*$E37/100)*(240/2) -> 0.10946907
A38: 119 | B38: energy,age | C38: <,> | D38: 30,55 | E38: 100 | F38: 12000_12014 | G38: 0 | H38: 0 | L38: SetSP() | M38: 10+ | N38: 12000 | O38: 26,9;26,8;29,7;25,6;23,9;22,5;20,4;20,3;17,4;16,3;15,4;16,4;20,7;19,8;18,8;17,8;17,9;19,7;19,6;10,5;13,10;15,12;8,20;5,20;4,20;9,27;7,28;5,34;6,34;0,30;0,27;2,31;11,33;11,33;13,36;14,30;14,28;16,33;17,33;19,32;19,32;20,31;20,28;19,27;25,28;26,9;27,25;28,22;27,21;32,13;33,13;37,13;39,13 | Q38: <color=#E64D00>a</color>呼吸急促，不得已停止了步履，在角落缓缓坐下调息。 | R38: daditu/20004 | T38: 110120 | U38: 30 | V38: 1440 | W38: 120 | X38: 5 | Y38: 1 | Z38: 0 | AA38: 5 | AC38: =$X38/(SUM(X:X)+SUM(NpcAction!N:N)+SUM(PlayerAction!Q:Q)+SUM(multiAction!AJ:AJ)) -> 0.00030408076 | AD38: =($AC38*$E38/100)*(240/2) -> 0.036489692
A39: 124 | B39: xiuWei | C39: > | D39: 80 | E39: 100 | F39: 12000_12014 | G39: 0 | H39: 0 | L39: xiuWei | M39: 10+ | N39: 12000 | O39: 26,9;26,8;29,7;25,6;23,9;22,5;20,4;20,3;17,4;16,3;15,4;16,4;20,7;19,8;18,8;17,8;17,9;19,7;19,6;10,5;13,10;15,12;8,20;5,20;4,20;9,27;7,28;5,34;6,34;0,30;0,27;2,31;11,33;11,33;13,36;14,30;14,28;16,33;17,33;19,32;19,32;20,31;20,28;19,27;25,28;26,9;27,25;28,22;27,21;32,13;33,13;37,13;39,13 | Q39: <color=#E64D00>a</color>偶得一本无字书，苦思多日难参其中玄妙，欲寻人共同参详…… | R39: daditu/10002 | S39: xuexi | T39: 110130 | U39: 40 | V39: 1440 | W39: 120 | X39: 5 | Y39: 1 | Z39: 1 | AA39: 5 | AC39: =$X39/(SUM(X:X)+SUM(NpcAction!N:N)+SUM(PlayerAction!Q:Q)+SUM(multiAction!AJ:AJ)) -> 0.00030408076 | AD39: =($AC39*$E39/100)*(240/2) -> 0.036489692
A40: 125 | B40: goldCoin | C40: > | D40: 100 | E40: 100 | F40: 12000_12014 | G40: 0 | H40: 0 | N40: 12000 | O40: 16,13;26,9;16,5;11,5;12,17;17,11;19,6;8,19;12,19;16,17;17,17;18,17;17,16;17,15;16,15;16,12;16,11;16,10;17,10;23,10;24,10;23,17;20,10;18,16;21,10;22,10;22,11;22,12;19,11 | Q40: 若有所惑满面愁容的<color=#E64D00>a</color>走来走去，不时张望…… | R40: daditu/10001 | S40: yihuo | U40: 30 | V40: 1440 | W40: 120 | X40: 10 | Y40: 1 | Z40: 0 | AA40: 5 | AC40: =$X40/(SUM(X:X)+SUM(NpcAction!N:N)+SUM(PlayerAction!Q:Q)+SUM(multiAction!AJ:AJ)) -> 0.00060816153 | AD40: =($AC40*$E40/100)*(240/2) -> 0.072979383
A41: 129 | B41: age | C41: > | D41: 30 | E41: 100 | F41: 12000_12014 | G41: 0 | H41: 6,8 | N41: 12000 | O41: 19,14;19,13;19,15;18,14;17,14;20,12;19,12;19,11 | Q41: <color=#E64D00>a</color>走出烧酒铺子，忽然面色紫黑…… | R41: daditu/20004 | S41: zhongdu | T41: 110140 | U41: 30 | V41: 1440 | W41: 120 | X41: 3 | Y41: 1 | Z41: 0 | AA41: 5 | AC41: =$X41/(SUM(X:X)+SUM(NpcAction!N:N)+SUM(PlayerAction!Q:Q)+SUM(multiAction!AJ:AJ)) -> 0.00018244846 | AD41: =($AC41*$E41/100)*(240/2) -> 0.021893815
A42: 130 | B42: energy | C42: < | D42: 10 | E42: 100 | F42: 12000_12014 | G42: 0 | H42: 0 | N42: 12000 | O42: 26,9;26,8;29,7;25,6;23,9;22,5;20,4;20,3;17,4;16,3;15,4;16,4;20,7;19,8;18,8;17,8;17,9;19,7;19,6;10,5;13,10;15,12;8,20;5,20;4,20;9,27;7,28;5,34;6,34;0,30;0,27;2,31;11,33;11,33;13,36;14,30;14,28;16,33;17,33;19,32;19,32;20,31;20,28;19,27;25,28;26,9;27,25;28,22;27,21;32,13;33,13;37,13;39,13 | Q42: 体力不支的<color=#E64D00>a</color>突感头晕目眩，其势尤危。 | R42: daditu/20004 | S42: xuanyun | T42: 110150 | U42: 30 | V42: 2880 | W42: 240 | X42: 10 | Y42: 1 | Z42: 0 | AA42: 5 | AC42: =$X42/(SUM(X:X)+SUM(NpcAction!N:N)+SUM(PlayerAction!Q:Q)+SUM(multiAction!AJ:AJ)) -> 0.00060816153 | AD42: =($AC42*$E42/100)*(240/2) -> 0.072979383
A43: 1204 | B43: age,goldCoin | C43: >,> | D43: 52000 | E43: 100 | F43: 12000_12014 | G43: 10 | H43: 6,9 | L43: goldCoin | M43: 1000- | N43: 13000 | O43: 16,10;17,5;14,11;10,12;13,17 | Q43: <color=#E64D00>a</color>经过闹市时疏于防备，身上银两被不知哪来的空空妙手顺走了大半。 | V43: 2880 | W43: 120 | X43: 0 | Y43: 1 | Z43: 1 | AA43: 5 | AC43: =$X43/(SUM(X:X)+SUM(NpcAction!N:N)+SUM(PlayerAction!Q:Q)+SUM(multiAction!AJ:AJ)) -> 0 | AD43: =($AC43*$E43/100)*(240/2) -> 0
A44: 1205 | B44: prestige,goldCoin | C44: <,> | D44: -102000 | E44: 100 | F44: 12000_12014 | G44: 10 | H44: 6,9 | L44: lichang,SetSP(),goldCoin | M44: 4-,70-,3000- | N44: 13000 | O44: 16,10;17,5;14,11;10,12;13,18 | Q44: <color=#E64D00>a</color>留恋烟花之地，一夜之间恣意花费大量纹银寻欢作乐。 | V44: 2880 | W44: 120 | X44: 0 | Y44: 1 | Z44: 1 | AA44: 5 | AC44: =$X44/(SUM(X:X)+SUM(NpcAction!N:N)+SUM(PlayerAction!Q:Q)+SUM(multiAction!AJ:AJ)) -> 0 | AD44: =($AC44*$E44/100)*(240/2) -> 0
A45: 1206 | B45: prestige | C45: > | D45: 20 | E45: 100 | F45: 12000_12014 | G45: 10 | H45: 4,9 | L45: good,goldCoin,lichang,SetSP() | M45: 5+,3000+,6+,25- | N45: 13000 | O45: 16,10;17,5;14,11;10,12;13,19 | Q45: <color=#E64D00>a</color>成功将流寇头领缉拿归案，获得了当地官府的丰厚赏银。 | V45: 999999 | W45: 999999 | X45: 0 | Y45: 1 | Z45: 1 | AA45: 5 | AC45: =$X45/(SUM(X:X)+SUM(NpcAction!N:N)+SUM(PlayerAction!Q:Q)+SUM(multiAction!AJ:AJ)) -> 0 | AD45: =($AC45*$E45/100)*(240/2) -> 0
A46: 1207 | B46: prestige,goldCoin | C46: <,> | D46: -105000 | E46: 100 | F46: 12000_12014 | G46: 10 | H46: 4,9 | L46: evil,lichang,SetSP(),goldCoin | M46: 5-,6-,50-,2000- | N46: 13000 | O46: 16,10;17,5;14,11;10,12;13,20 | Q46: <color=#E64D00>a</color>在赌坊出千被人抓住，不仅被人打个半死，原本赢来不少银两也被老板硬夺了去。 | V46: 999999 | W46: 999999 | X46: 0 | Y46: 1 | Z46: 1 | AA46: 5 | AC46: =$X46/(SUM(X:X)+SUM(NpcAction!N:N)+SUM(PlayerAction!Q:Q)+SUM(multiAction!AJ:AJ)) -> 0 | AD46: =($AC46*$E46/100)*(240/2) -> 0
A47: 1208 | B47: prestige | C47: > | D47: 10 | E47: 100 | F47: 12000_12014 | G47: 10 | H47: 4,9 | L47: good,goldCoin,lichang,SetSP() | M47: 3+,1000+,4+,25- | N47: 13000 | O47: 16,10;17,5;14,11;10,12;13,21 | Q47: <color=#E64D00>a</color>在村外无意间搭救了一名少女，竟不想她是钱庄金老板的女儿。翌日，金老板亲自登门，送上一张银票以作答谢。 | V47: 999999 | W47: 999999 | X47: 0 | Y47: 1 | Z47: 1 | AA47: 5 | AC47: =$X47/(SUM(X:X)+SUM(NpcAction!N:N)+SUM(PlayerAction!Q:Q)+SUM(multiAction!AJ:AJ)) -> 0 | AD47: =($AC47*$E47/100)*(240/2) -> 0
A48: 1213 | B48: energy | C48: > | D48: 60 | E48: 100 | F48: 12000_12014 | G48: 10 | H48: 4,9 | L48: good,goldCoin,lichang,SetSP() | M48: 5+,5000+,6+,25- | N48: 13000 | O48: 16,10;17,5;14,11;10,12;13,22 | Q48: <color=#E64D00>a</color>日行千里，终将江洋大盗缉拿归案，获得朝廷悬赏的丰厚赏金。 | V48: 999999 | W48: 999999 | X48: 0 | Y48: 1 | Z48: 1 | AA48: 5 | AC48: =$X48/(SUM(X:X)+SUM(NpcAction!N:N)+SUM(PlayerAction!Q:Q)+SUM(multiAction!AJ:AJ)) -> 0 | AD48: =($AC48*$E48/100)*(240/2) -> 0
A49: 1301 | B49: age | C49: > | D49: 10 | E49: 100 | F49: 12000_12014 | G49: 10 | H49: 0 | L49: SetSP() | M49: 10+ | N49: 13000 | O49: 16,10;17,5;14,11;10,12;13,23 | Q49: 口渴难耐的<color=#E64D00>a</color>终于在山中寻得一株<color=#B08200>野果树，吃了酸果之后舌下生津，觉得舒服多了。 | V49: 999999 | W49: 999999 | X49: 0 | Y49: 1 | Z49: 0 | AA49: 5 | AC49: =$X49/(SUM(X:X)+SUM(NpcAction!N:N)+SUM(PlayerAction!Q:Q)+SUM(multiAction!AJ:AJ)) -> 0 | AD49: =($AC49*$E49/100)*(240/2) -> 0
A50: 1302 | B50: goldCoin | C50: > | D50: 100 | E50: 100 | F50: 12000_12014 | G50: 10 | H50: 4,9 | L50: SetSP(),goldCoin | M50: 10+,100- | N50: 13000 | O50: 16,10;17,5;14,11;10,12;13,24 | Q50: <color=#E64D00>a</color>经过路边的小摊，随手买了两个馒头充饥。 | V50: 999999 | W50: 999999 | X50: 0 | Y50: 1 | Z50: 0 | AA50: 5 | AC50: =$X50/(SUM(X:X)+SUM(NpcAction!N:N)+SUM(PlayerAction!Q:Q)+SUM(multiAction!AJ:AJ)) -> 0 | AD50: =($AC50*$E50/100)*(240/2) -> 0
A51: 1303 | B51: age | C51: > | D51: 10 | E51: 100 | F51: 12000_12014 | G51: 10 | H51: 4,9 | L51: SetSP(),goldCoin | M51: 60+,400- | N51: 13000 | O51: 16,10;17,5;14,11;10,12;13,25 | Q51: 街坊有喜，宴请四邻。<color=#E64D00>a</color>在席上大快朵颐，吃的满肚鱼肉，两腮流油。 | V51: 999999 | W51: 999999 | X51: 0 | Y51: 1 | Z51: 0 | AA51: 5 | AC51: =$X51/(SUM(X:X)+SUM(NpcAction!N:N)+SUM(PlayerAction!Q:Q)+SUM(multiAction!AJ:AJ)) -> 0 | AD51: =($AC51*$E51/100)*(240/2) -> 0
A52: 1304 | B52: age | C52: > | D52: 10 | E52: 100 | F52: 12000_12014 | G52: 10 | H52: 0 | L52: xiuWei,SetSP() | M52: 100+,25- | N52: 13000 | O52: 16,10;17,5;14,11;10,12;13,26 | Q52: 行走江湖劳神费力，长途跋涉外加舟车劳顿让<color=#E64D00>a</color>困顿不堪。 | V52: 999999 | W52: 999999 | X52: 0 | Y52: 1 | Z52: 0 | AA52: 5 | AC52: =$X52/(SUM(X:X)+SUM(NpcAction!N:N)+SUM(PlayerAction!Q:Q)+SUM(multiAction!AJ:AJ)) -> 0 | AD52: =($AC52*$E52/100)*(240/2) -> 0
A53: 1305 | B53: age | C53: > | D53: 10 | E53: 100 | F53: 12000_12014 | G53: 10 | H53: 0 | L53: SetSP() | M53: 25- | N53: 13000 | O53: 16,10;17,5;14,11;10,12;13,27 | Q53: 大概是吃了不新鲜的东西，犯了痢疾。<color=#E64D00>a</color>既觉得腹部绞痛食欲不振，却又觉得肚子空空，咕咕作响。 | V53: 999999 | W53: 999999 | X53: 0 | Y53: 1 | Z53: 0 | AA53: 5 | AC53: =$X53/(SUM(X:X)+SUM(NpcAction!N:N)+SUM(PlayerAction!Q:Q)+SUM(multiAction!AJ:AJ)) -> 0 | AD53: =($AC53*$E53/100)*(240/2) -> 0
A54: 1307 | B54: age | C54: > | D54: 10 | E54: 100 | F54: 12000_12014 | G54: 10 | H54: 0 | L54: SetSP() | M54: 30+ | N54: 13000 | O54: 16,10;17,5;14,11;10,12;13,28 | Q54: 地龛中正焚着的熏香飘进<color=#E64D00>a</color>的鼻子，顿时让他觉得心神清醒，所有疲倦感慢慢褪去了。 | V54: 99999 | W54: 99999 | X54: 0 | Y54: 1 | Z54: 0 | AA54: 5 | AC54: =$X54/(SUM(X:X)+SUM(NpcAction!N:N)+SUM(PlayerAction!Q:Q)+SUM(multiAction!AJ:AJ)) -> 0 | AD54: =($AC54*$E54/100)*(240/2) -> 0
A55: 1307 | B55: age | C55: > | D55: 10 | E55: 100 | F55: 12000_12014 | G55: 10 | H55: 0 | L55: SetSP() | M55: 30+ | N55: 13000 | O55: 16,10;17,5;14,11;10,12;13,28 | Q55: 地龛中正焚着的熏香飘进<color=#E64D00>a</color>的鼻子，顿时让他觉得心神清醒，所有疲倦感慢慢褪去了。 | V55: 99999 | W55: 99999 | X55: 0 | Y55: 1 | Z55: 0 | AA55: 5 | AC55: =$X55/(SUM(X:X)+SUM(NpcAction!N:N)+SUM(PlayerAction!Q:Q)+SUM(multiAction!AJ:AJ)) -> 0 | AD55: =($AC55*$E55/100)*(240/2) -> 0
A56: 200 | B56: energy,attribute | C56: >,> | D56: 20,1 | E56: 100 | F56: 12000_12014 | G56: 0 | H56: 0 | L56: SetSP(),IncItem() | M56: 20-,95101018;1 | N56: 12000 | O56: 17,27 | Q56: <color=#E64D00>a</color>机缘所至，寻得一册掩藏的<color=#B08200>《千锻拳势》</color>。 | R56: daditu/10002 | V56: 999999 | W56: 7200 | X56: 1 | Y56: 1 | Z56: 1 | AA56: 5
A57: 201 | B57: energy,attribute | C57: >,> | D57: 20,1 | E57: 100 | F57: 12000_12014 | G57: 0 | H57: 0 | L57: SetSP(),IncItem() | M57: 20-,95101019;1 | N57: 12000 | O57: 17,27 | Q57: <color=#E64D00>a</color>机缘所至，寻得一册掩藏的<color=#B08200>《千锻拳势》</color>。 | R57: daditu/10002 | V57: 999999 | W57: 7200 | X57: 0 | Y57: 1 | Z57: 1 | AA57: 5
A58: 202 | B58: energy,attribute | C58: >,> | D58: 20,1 | E58: 100 | F58: 12000_12014 | G58: 0 | H58: 0 | L58: SetSP(),IncItem() | M58: 20-,95101020;1 | N58: 12000 | O58: 17,27 | Q58: <color=#E64D00>a</color>机缘所至，寻得一册掩藏的<color=#B08200>《千锻拳势》</color>。 | R58: daditu/10002 | V58: 999999 | W58: 7200 | X58: 0 | Y58: 1 | Z58: 1 | AA58: 5
A59: 203 | B59: energy,attribute | C59: >,> | D59: 20,1 | E59: 100 | F59: 12000_12014 | G59: 0 | H59: 0 | L59: SetSP(),IncItem() | M59: 20-,95102018;1 | N59: 12000 | O59: 17,27 | Q59: <color=#E64D00>a</color>机缘所至，寻得一册掩藏的<color=#B08200>《凌鸿剑势》</color>。 | R59: daditu/10002 | V59: 999999 | W59: 7200 | X59: 1 | Y59: 1 | Z59: 1 | AA59: 5
A60: 204 | B60: energy,attribute | C60: >,> | D60: 20,1 | E60: 100 | F60: 12000_12014 | G60: 0 | H60: 0 | L60: SetSP(),IncItem() | M60: 20-,95102019;1 | N60: 12000 | O60: 17,27 | Q60: <color=#E64D00>a</color>机缘所至，寻得一册掩藏的<color=#B08200>《凌鸿剑势》</color>。 | R60: daditu/10002 | V60: 999999 | W60: 7200 | X60: 1 | Y60: 1 | Z60: 1 | AA60: 5
A61: 205 | B61: energy,attribute | C61: >,> | D61: 20,1 | E61: 100 | F61: 12000_12014 | G61: 0 | H61: 0 | L61: SetSP(),IncItem() | M61: 20-,95102020;1 | N61: 12000 | O61: 17,27 | Q61: <color=#E64D00>a</color>机缘所至，寻得一册掩藏的<color=#B08200>《凌鸿剑势》</color>。 | R61: daditu/10002 | V61: 999999 | W61: 7200 | X61: 0 | Y61: 1 | Z61: 1 | AA61: 5
A62: 206 | B62: energy,attribute | C62: >,> | D62: 20,1 | E62: 100 | F62: 12000_12014 | G62: 0 | H62: 0 | L62: SetSP(),IncItem() | M62: 20-,95102028;1 | N62: 12000 | O62: 17,27 | Q62: <color=#E64D00>a</color>机缘所至，寻得一册掩藏的<color=#B08200>《清风剑法》</color>。 | R62: daditu/10002 | V62: 999999 | W62: 7200 | X62: 0 | Y62: 1 | Z62: 1 | AA62: 5
A63: 207 | B63: energy,attribute | C63: >,> | D63: 20,1 | E63: 100 | F63: 12000_12014 | G63: 0 | H63: 0 | L63: SetSP(),IncItem() | M63: 20-,95102029;1 | N63: 12000 | O63: 17,27 | Q63: <color=#E64D00>a</color>机缘所至，寻得一册掩藏的<color=#B08200>《清风剑法》</color>。 | R63: daditu/10002 | V63: 999999 | W63: 7200 | X63: 0 | Y63: 1 | Z63: 1 | AA63: 5
A64: 208 | B64: energy,attribute | C64: >,> | D64: 20,1 | E64: 100 | F64: 12000_12014 | G64: 0 | H64: 0 | L64: SetSP(),IncItem() | M64: 20-,95102030;1 | N64: 12000 | O64: 17,27 | Q64: <color=#E64D00>a</color>机缘所至，寻得一册掩藏的<color=#B08200>《清风剑法》</color>。 | R64: daditu/10002 | V64: 999999 | W64: 7200 | X64: 0 | Y64: 1 | Z64: 1 | AA64: 5
A65: 209 | B65: energy,attribute | C65: >,> | D65: 20,1 | E65: 100 | F65: 12000_12014 | G65: 0 | H65: 0 | L65: SetSP(),IncItem() | M65: 20-,95104018;1 | N65: 12000 | O65: 17,27 | Q65: <color=#E64D00>a</color>机缘所至，寻得一册掩藏的<color=#B08200>《北顾枪法》</color>。 | R65: daditu/10002 | V65: 999999 | W65: 7200 | X65: 0 | Y65: 1 | Z65: 1 | AA65: 5
A66: 210 | B66: energy,attribute | C66: >,> | D66: 20,1 | E66: 100 | F66: 12000_12014 | G66: 0 | H66: 0 | L66: SetSP(),IncItem() | M66: 20-,95104019;1 | N66: 12000 | O66: 17,27 | Q66: <color=#E64D00>a</color>机缘所至，寻得一册掩藏的<color=#B08200>《北顾枪法》</color>。 | R66: daditu/10002 | V66: 999999 | W66: 7200 | X66: 0 | Y66: 1 | Z66: 1 | AA66: 5
A67: 211 | B67: energy,attribute | C67: >,> | D67: 20,1 | E67: 100 | F67: 12000_12014 | G67: 0 | H67: 0 | L67: SetSP(),IncItem() | M67: 20-,95104020;1 | N67: 12000 | O67: 17,27 | Q67: <color=#E64D00>a</color>机缘所至，寻得一册掩藏的<color=#B08200>《北顾枪法》</color>。 | R67: daditu/10002 | V67: 999999 | W67: 7200 | X67: 1 | Y67: 1 | Z67: 1 | AA67: 5
... A208: 352 | B208: energy,attribute | C208: >,> | D208: 20,1 | E208: 100 | F208: 12000_12014 | G208: 0 | H208: 0 | L208: SetSP(),IncItem() | M208: 20-,95110020;1 | N208: 12000 | O208: 36,6 | Q208: <color=#E64D00>a</color>机缘所至，寻得一册掩藏的<color=#B08200>《无心流·拔刀术》</color>。 | R208: daditu/10002 | V208: 999999 | W208: 7200 | X208: 0 | Y208: 1 | Z208: 1 | AA208: 5
A209: 353 | B209: energy,attribute | C209: >,> | D209: 20,1 | E209: 100 | F209: 12000_12014 | G209: 0 | H209: 4,9 | L209: SetSP(),IncItem() | M209: 20-,95201168;1 | N209: 12000 | O209: 36,6 | Q209: <color=#E64D00>a</color>机缘所至，寻得一册掩藏的<color=#B08200>《青囊宝钞》</color>。 | R209: daditu/10002 | V209: 999999 | W209: 7200 | X209: 1 | Y209: 1 | Z209: 1 | AA209: 5
A210: 354 | B210: energy,attribute | C210: >,> | D210: 20,1 | E210: 100 | F210: 12000_12014 | G210: 0 | H210: 4,9 | L210: SetSP(),IncItem() | M210: 20-,95201169;1 | N210: 12000 | O210: 36,6 | Q210: <color=#E64D00>a</color>机缘所至，寻得一册掩藏的<color=#B08200>《青囊宝钞》</color>。 | R210: daditu/10002 | V210: 999999 | W210: 7200 | X210: 0 | Y210: 1 | Z210: 1 | AA210: 5
A211: 355 | B211: energy,attribute | C211: >,> | D211: 20,1 | E211: 100 | F211: 12000_12014 | G211: 0 | H211: 0 | L211: SetSP(),IncItem() | M211: 20-,95201170;1 | N211: 12000 | O211: 36,6 | Q211: <color=#E64D00>a</color>机缘所至，寻得一册掩藏的<color=#B08200>《青囊宝钞》</color>。 | R211: daditu/10002 | V211: 999999 | W211: 7200 | X211: 0 | Y211: 1 | Z211: 1 | AA211: 5
A212: 356 | B212: energy,attribute | C212: >,> | D212: 20,1 | E212: 100 | F212: 12000_12014 | G212: 0 | H212: 0 | L212: SetSP(),IncItem() | M212: 20-,95201108;1 | N212: 12000 | O212: 36,6 | Q212: <color=#E64D00>a</color>机缘所至，寻得一册掩藏的<color=#B08200>《湘竹葬兰书》</color>。 | R212: daditu/10002 | V212: 999999 | W212: 7200 | X212: 1 | Y212: 1 | Z212: 1 | AA212: 5
A213: 357 | B213: energy,attribute | C213: >,> | D213: 20,1 | E213: 100 | F213: 12000_12014 | G213: 0 | H213: 0 | L213: SetSP(),IncItem() | M213: 20-,95201109;1 | N213: 12000 | O213: 36,6 | Q213: <color=#E64D00>a</color>机缘所至，寻得一册掩藏的<color=#B08200>《湘竹葬兰书》</color>。 | R213: daditu/10002 | V213: 999999 | W213: 7200 | X213: 0 | Y213: 1 | Z213: 1 | AA213: 5
A214: 358 | B214: energy,attribute | C214: >,> | D214: 20,1 | E214: 100 | F214: 12000_12014 | G214: 0 | H214: 0 | L214: SetSP(),IncItem() | M214: 20-,95201110;1 | N214: 12000 | O214: 36,6 | Q214: <color=#E64D00>a</color>机缘所至，寻得一册掩藏的<color=#B08200>《湘竹葬兰书》</color>。 | R214: daditu/10002 | V214: 999999 | W214: 7200 | X214: 0 | Y214: 1 | Z214: 1 | AA214: 5
A215: 359 | B215: energy,attribute | C215: >,> | D215: 20,1 | E215: 100 | F215: 12000_12014 | G215: 0 | H215: 0 | L215: SetSP(),IncItem() | M215: 20-,95201158;1 | N215: 12000 | O215: 36,6 | Q215: <color=#E64D00>a</color>机缘所至，寻得一册掩藏的<color=#B08200>《霸王卸甲》</color>。 | R215: daditu/10002 | V215: 999999 | W215: 7200 | X215: 1 | Y215: 1 | Z215: 1 | AA215: 3
A216: 360 | B216: energy,attribute | C216: >,> | D216: 20,1 | E216: 100 | F216: 12000_12014 | G216: 0 | H216: 0 | L216: SetSP(),IncItem() | M216: 20-,95201159;1 | N216: 12000 | O216: 36,6 | Q216: <color=#E64D00>a</color>机缘所至，寻得一册掩藏的<color=#B08200>《霸王卸甲》</color>。 | R216: daditu/10002 | V216: 999999 | W216: 7200 | X216: 1 | Y216: 1 | Z216: 1 | AA216: 3
A217: 361 | B217: energy,attribute | C217: >,> | D217: 20,1 | E217: 100 | F217: 12000_12014 | G217: 0 | H217: 0 | L217: SetSP(),IncItem() | M217: 20-,95201160;1 | N217: 12000 | O217: 36,6 | Q217: <color=#E64D00>a</color>机缘所至，寻得一册掩藏的<color=#B08200>《霸王卸甲》</color>。 | R217: daditu/10002 | V217: 999999 | W217: 7200 | X217: 0 | Y217: 1 | Z217: 1 | AA217: 3
A218: 362 | B218: energy,attribute | C218: >,> | D218: 20,1 | E218: 100 | F218: 12000_12014 | G218: 0 | H218: 0 | L218: SetSP(),IncItem() | M218: 20-,95301058;1 | N218: 12000 | O218: 36,6 | Q218: <color=#E64D00>a</color>机缘所至，寻得一册掩藏的<color=#B08200>《晴梅花步》</color>。 | R218: daditu/10002 | V218: 999999 | W218: 7200 | X218: 0 | Y218: 1 | Z218: 1 | AA218: 3
A219: 363 | B219: energy,attribute | C219: >,> | D219: 20,1 | E219: 100 | F219: 12000_12014 | G219: 0 | H219: 0 | L219: SetSP(),IncItem() | M219: 20-,95301059;1 | N219: 12000 | O219: 36,6 | Q219: <color=#E64D00>a</color>机缘所至，寻得一册掩藏的<color=#B08200>《晴梅花步》</color>。 | R219: daditu/10002 | V219: 999999 | W219: 7200 | X219: 1 | Y219: 1 | Z219: 1 | AA219: 3
A220: 364 | B220: energy,attribute | C220: >,> | D220: 20,1 | E220: 100 | F220: 12000_12014 | G220: 0 | H220: 0 | L220: SetSP(),IncItem() | M220: 20-,95301060;1 | N220: 12000 | O220: 36,6 | Q220: <color=#E64D00>a</color>机缘所至，寻得一册掩藏的<color=#B08200>《晴梅花步》</color>。 | R220: daditu/10002 | V220: 999999 | W220: 7200 | X220: 0 | Y220: 1 | Z220: 1 | AA220: 3
A221: 365 | B221: energy,attribute | C221: >,> | D221: 20,1 | E221: 100 | F221: 12000_12014 | G221: 0 | H221: 0 | L221: SetSP(),IncItem() | M221: 20-,95301148;1 | N221: 12000 | O221: 36,6 | Q221: <color=#E64D00>a</color>机缘所至，寻得一册掩藏的<color=#B08200>《撼山步》</color>。 | R221: daditu/10002 | V221: 999999 | W221: 7200 | X221: 0 | Y221: 1 | Z221: 1 | AA221: 3
A222: 366 | B222: energy,attribute | C222: >,> | D222: 20,1 | E222: 100 | F222: 12000_12014 | G222: 0 | H222: 0 | L222: SetSP(),IncItem() | M222: 20-,95301149;1 | N222: 12000 | O222: 36,6 | Q222: <color=#E64D00>a</color>机缘所至，寻得一册掩藏的<color=#B08200>《撼山步》</color>。 | R222: daditu/10002 | V222: 999999 | W222: 7200 | X222: 0 | Y222: 1 | Z222: 1 | AA222: 3
... A265: 409 | B265: energy,attribute | C265: >,> | D265: 20,1 | E265: 100 | F265: 12000_12014 | G265: 0 | H265: 0 | L265: SetSP(),IncItem() | M265: 20-,95301150;1 | N265: 12000 | O265: 39,18 | Q265: <color=#E64D00>a</color>机缘所至，寻得一册掩藏的<color=#B08200>《撼山步》</color>。 | R265: daditu/10002 | V265: 999999 | W265: 7200 | X265: 1 | Y265: 1 | Z265: 1 | AA265: 3
A266: 410 | B266: energy,attribute,goldCoin | C266: >,>,> | D266: 10,1,800 | E266: 0 | F266: 12000_12014 | G266: 0 | H266: 0 | L266: SetSP(),goldCoin,IncItem(),xiuWei | M266: 10-,800-,95501002;1,20+ | N266: 12014 | O266: 3,8;3,7;4,7 | Q266: <color=#E64D00>a</color>购取了一册<color=#B08200>《拳掌轻击》</color>。 | R266: daditu/20002 | S266: xuangou | V266: 14400 | W266: 4320 | X266: 0 | Y266: 1 | Z266: 1 | AA266: 3
A267: 411 | B267: energy,attribute,goldCoin | C267: >,>,> | D267: 10,1,1200 | E267: 0 | F267: 12000_12014 | G267: 0 | H267: 0 | L267: SetSP(),goldCoin,IncItem(),xiuWei | M267: 10-,1200-,95501003;1,30+ | N267: 12014 | O267: 3,8;3,7;4,7 | Q267: <color=#E64D00>a</color>购取了一册<color=#B08200>《拳掌轻击叁式》</color>。 | R267: daditu/20002 | S267: xuangou | V267: 14400 | W267: 4320 | X267: 0 | Y267: 1 | Z267: 1 | AA267: 3
A268: 412 | B268: energy,attribute,goldCoin | C268: >,>,> | D268: 10,1,2000 | E268: 0 | F268: 12000_12014 | G268: 0 | H268: 0 | L268: SetSP(),goldCoin,IncItem(),xiuWei | M268: 10-,2000-,95501004;1,40+ | N268: 12014 | O268: 3,8;3,7;4,7 | Q268: <color=#E64D00>a</color>购取了一册<color=#B08200>《拳掌轻击肆式》</color>。 | R268: daditu/20002 | S268: xuangou | V268: 14400 | W268: 4320 | X268: 0 | Y268: 1 | Z268: 1 | AA268: 3
A269: 413 | B269: energy,attribute,goldCoin | C269: >,>,> | D269: 10,1,1200 | E269: 0 | F269: 12000_12014 | G269: 0 | H269: 0 | L269: SetSP(),goldCoin,IncItem(),xiuWei | M269: 10-,1200-,95501011;1,20+ | N269: 12014 | O269: 3,8;3,7;4,7 | Q269: <color=#E64D00>a</color>购取了一册<color=#B08200>《拳掌重击》</color>。 | R269: daditu/20002 | S269: xuangou | V269: 14400 | W269: 4320 | X269: 0 | Y269: 1 | Z269: 1 | AA269: 3
A270: 414 | B270: energy,attribute,goldCoin | C270: >,>,> | D270: 10,1,800 | E270: 0 | F270: 12000_12014 | G270: 0 | H270: 0 | L270: SetSP(),goldCoin,IncItem(),xiuWei | M270: 10-,800-,95502002;1,30+ | N270: 12014 | O270: 3,8;3,7;4,7 | Q270: <color=#E64D00>a</color>购取了一册<color=#B08200>《单手轻刃轻击》</color>。 | R270: daditu/20002 | S270: xuangou | V270: 14400 | W270: 4320 | X270: 0 | Y270: 1 | Z270: 1 | AA270: 3
A271: 415 | B271: energy,attribute,goldCoin | C271: >,>,> | D271: 10,1,1200 | E271: 0 | F271: 12000_12014 | G271: 0 | H271: 0 | L271: SetSP(),goldCoin,IncItem(),xiuWei | M271: 10-,1200-,95502003;1,40+ | N271: 12014 | O271: 3,8;3,7;4,7 | Q271: <color=#E64D00>a</color>购取了一册<color=#B08200>《单手轻刃轻击叁式》</color>。 | R271: daditu/20002 | S271: xuangou | V271: 14400 | W271: 4320 | X271: 0 | Y271: 1 | Z271: 1 | AA271: 3
A272: 416 | B272: energy,attribute,goldCoin | C272: >,>,> | D272: 10,1,1200 | E272: 0 | F272: 12000_12014 | G272: 0 | H272: 0 | L272: SetSP(),goldCoin,IncItem(),xiuWei | M272: 10-,1200-,95502011;1,20+ | N272: 12014 | O272: 3,8;3,7;4,7 | Q272: <color=#E64D00>a</color>购取了一册<color=#B08200>《单手轻刃重击》</color>。 | R272: daditu/20002 | S272: xuangou | V272: 14400 | W272: 4320 | X272: 0 | Y272: 1 | Z272: 1 | AA272: 3
A273: 417 | B273: energy,attribute,goldCoin | C273: >,>,> | D273: 10,1,1200 | E273: 0 | F273: 12000_12014 | G273: 0 | H273: 0 | L273: SetSP(),goldCoin,IncItem(),xiuWei | M273: 10-,1200-,95503002;1,30+ | N273: 12014 | O273: 3,8;3,7;4,7 | Q273: <color=#E64D00>a</color>购取了一册<color=#B08200>《重刃轻击》</color>。 | R273: daditu/20002 | S273: xuangou | V273: 14400 | W273: 4320 | X273: 0 | Y273: 1 | Z273: 1 | AA273: 3
A274: 418 | B274: energy,attribute,goldCoin | C274: >,>,> | D274: 10,1,1200 | E274: 0 | F274: 12000_12014 | G274: 0 | H274: 0 | L274: SetSP(),goldCoin,IncItem(),xiuWei | M274: 10-,1200-,95503011;1,40+ | N274: 12014 | O274: 3,8;3,7;4,7 | Q274: <color=#E64D00>a</color>购取了一册<color=#B08200>《重刃重击》</color>。 | R274: daditu/20002 | S274: xuangou | V274: 14400 | W274: 4320 | X274: 0 | Y274: 1 | Z274: 1 | AA274: 3
A275: 419 | B275: energy,attribute,goldCoin | C275: >,>,> | D275: 10,1,800 | E275: 0 | F275: 12000_12014 | G275: 0 | H275: 0 | L275: SetSP(),goldCoin,IncItem(),xiuWei | M275: 10-,800-,95504002;1,20+ | N275: 12014 | O275: 3,8;3,7;4,7 | Q275: <color=#E64D00>a</color>购取了一册<color=#B08200>《长兵轻击》</color>。 | R275: daditu/20002 | S275: xuangou | V275: 14400 | W275: 4320 | X275: 0 | Y275: 1 | Z275: 1 | AA275: 3
A276: 420 | B276: energy,attribute,goldCoin | C276: >,>,> | D276: 10,1,1200 | E276: 0 | F276: 12000_12014 | G276: 0 | H276: 0 | L276: SetSP(),goldCoin,IncItem(),xiuWei | M276: 10-,1200-,95504003;1,30+ | N276: 12014 | O276: 3,8;3,7;4,7 | Q276: <color=#E64D00>a</color>购取了一册<color=#B08200>《长兵轻击叁式》</color>。 | R276: daditu/20002 | S276: xuangou | V276: 14400 | W276: 4320 | X276: 0 | Y276: 1 | Z276: 1 | AA276: 3
A277: 421 | B277: energy,attribute,goldCoin | C277: >,>,> | D277: 10,1,1200 | E277: 0 | F277: 12000_12014 | G277: 0 | H277: 0 | L277: SetSP(),goldCoin,IncItem(),xiuWei | M277: 10-,1200-,95504011;1,40+ | N277: 12014 | O277: 3,8;3,7;4,7 | Q277: <color=#E64D00>a</color>购取了一册<color=#B08200>《长兵重击》</color>。 | R277: daditu/20002 | S277: xuangou | V277: 14400 | W277: 4320 | X277: 0 | Y277: 1 | Z277: 1 | AA277: 3
... A282: 426 | B282: energy,attribute,goldCoin | C282: >,>,> | D282: 10,1,800 | E282: 0 | F282: 12000_12014 | G282: 0 | H282: 0 | L282: SetSP(),goldCoin,IncItem(),xiuWei | M282: 10-,800-,95506002;1,30+ | N282: 12014 | O282: 3,8;3,7;4,7 | Q282: <color=#E64D00>a</color>购取了一册<color=#B08200>《暗器轻击》</color>。 | R282: daditu/20002 | S282: xuangou | V282: 14400 | W282: 4320 | X282: 0 | Y282: 1 | Z282: 1 | AA282: 3
A283: 427 | B283: energy,attribute,goldCoin | C283: >,>,> | D283: 10,1,1200 | E283: 0 | F283: 12000_12014 | G283: 0 | H283: 4,9 | L283: SetSP(),goldCoin,IncItem(),xiuWei | M283: 10-,1200-,95506003;1,40+ | N283: 12014 | O283: 3,8;3,7;4,7 | Q283: <color=#E64D00>a</color>购取了一册<color=#B08200>《暗器轻击叁式》</color>。 | R283: daditu/20002 | S283: xuangou | V283: 14400 | W283: 4320 | X283: 0 | Y283: 1 | Z283: 1 | AA283: 3
A284: 428 | B284: energy,attribute,goldCoin | C284: >,>,> | D284: 10,1,1200 | E284: 0 | F284: 12000_12014 | G284: 0 | H284: 0 | L284: SetSP(),goldCoin,IncItem(),xiuWei | M284: 10-,1200-,95506011;1,20+ | N284: 12014 | O284: 3,8;3,7;4,7 | Q284: <color=#E64D00>a</color>购取了一册<color=#B08200>《暗器重击》</color>。 | R284: daditu/20002 | S284: xuangou | V284: 14400 | W284: 4320 | X284: 0 | Y284: 1 | Z284: 1 | AA284: 3
A285: 429 | B285: energy,attribute,goldCoin | C285: >,>,> | D285: 10,1,800 | E285: 0 | F285: 12000_12014 | G285: 0 | H285: 0 | L285: SetSP(),goldCoin,IncItem(),xiuWei | M285: 10-,800-,95509002;1,30+ | N285: 12014 | O285: 3,8;3,7;4,7 | Q285: <color=#E64D00>a</color>购取了一册<color=#B08200>《腿脚轻击》</color>。 | R285: daditu/20002 | S285: xuangou | V285: 14400 | W285: 4320 | X285: 0 | Y285: 1 | Z285: 1 | AA285: 3
A286: 430 | B286: energy,attribute,goldCoin | C286: >,>,> | D286: 10,1,1200 | E286: 0 | F286: 12000_12014 | G286: 0 | H286: 0 | L286: SetSP(),goldCoin,IncItem(),xiuWei | M286: 10-,1200-,95509003;1,40+ | N286: 12014 | O286: 3,8;3,7;4,7 | Q286: <color=#E64D00>a</color>购取了一册<color=#B08200>《腿脚轻击叁式》</color>。 | R286: daditu/20002 | S286: xuangou | V286: 14400 | W286: 4320 | X286: 0 | Y286: 1 | Z286: 1 | AA286: 3
...

Sheet NpcAction
A1: ID | B1: 参数 | C1: 条件 | D1: 值 | E1: 场合 | F1: 触发概率 | G1: 时辰要求 | H1: 改变参数 | I1: 赋值 | J1: 被动参数 | K1: 赋值 | L1: CD时间 | M1: 文字说明 | N1: 权重 | O1: 权重分组 | P1: 是否生成生平 | Q1: 事件广播参数 | R1: 事件广播参数（A是亲友） | S1: 事件广播参数（B是亲友）
A2: id | B2: selfParam | C2: term | D2: sideParam | E2: place | F2: prob | G2: time | H2: changeParam | I2: changeValue | J2: beParam | K2: beValue | L2: cdTime | M2: explain | N2: weight | O2: weightGroup | P2: addLife | Q2: msgTypeParam | R2: msgTypeParam_kithKin | S2: msgTypeParam_kithKin_B
A3: 1203 | B3: 200 | C3: < | D3: goldCoin | E3: 0 | F3: 100 | G3: 6,11 | H3: goldCoin | I3: 200+ | J3: goldCoin | K3: 200- | L3: 80 | M3: <color=#E64D00>a</color>偶然拾到了<color=#E64D00>b</color>遗失的钱袋，获得了一些铜钱。 | N3: 1 | O3: 1 | P3: 1 | Q3: 3 | R3: 3
A4: 1314 | B4: prestige,0 | C4: <,> | D4: 0,prestige | E4: 0 | F4: 100 | G4: 0 | H4: npcLove<id>,SetSP(),evil,lichang | I4: 10-,10-,10+,5- | J4: npcLove<id>,SetSP(),evil,lichang | K4: 10-,10-,10+,5- | L4: 80 | M4: <color=#E64D00>b</color>与<color=#E64D00>a</color>二人话不投机,甚至大打出手。 | N4: 4 | O4: 1 | P4: 1 | Q4: 3 | R4: 2 | S4: 2
A5: 1403 | B5: xiuWei,lichang | C5: <,// | D5: xiuWei,lichang | E5: 0 | F5: 100 | G5: 0 | H5: RandomWuXueItem(),npcLove<id> | I5: 1,30+ | J5: npcLove<id> | K5: 5+ | L5: 80 | M5: 痴迷武学的<color=#E64D00>a</color>向<color=#E64D00>b</color>虚心求教，终得其传授一本武学秘籍。 | N5: 4 | O5: 1 | P5: 1 | Q5: 3 | R5: 2
A6: 111111 | B6: state,sex,sex | C6: !/,!/,// | D6: 100,sex,2 | E6: 0 | F6: 100 | G6: 0 | H6: state | I6: 100 | L6: 80 | M6: <color=#E64D00>b与妻子春宵一度，二人恩爱无限，不日便传出a已有孕在身。</color> | N6: 0 | O6: 1 | P6: 1 | Q6: 3 | R6: 2 | S6: 2
A7: 111112 | B7: state | C7: // | D7: 100 | E7: 0 | F7: 100 | G7: 0 | H7: state | I7: 0 | J7: GiveNpcKid() | K7: id | L7: 80 | M7: <color=#F5DEB3>a怀胎十月，一朝落地，喜讯传来，母子平安。</color> | N7: 0 | O7: 1 | P7: 1 | Q7: 3 | R7: 1
A8: 100 | B8: JiaoQing<TuDi>,70 | C8: //,> | D8: id,xiuWei | E8: 0 | F8: 100 | G8: 4,9 | H8: npcLove<id> | I8: 10+ | J8: npcLove<id>,xiuWei,RandomWuXueGet() | K8: 20+,20+,1 | L8: 80 | M8: <color=#E64D00>b</color>之师长<color=#E64D00>a</color>指点了<color=#E64D00>b</color>修习入门之法，二人师徒情谊愈发深厚。 | N8: 8 | O8: 1 | P8: 1 | Q8: 3 | S8: 3
A9: 101 | B9: npcLove<id>,0 | C9: //,// | D9: 0,npcLove<id> | E9: 0 | F9: 100 | G9: 4,9 | H9: npcLove<id> | I9: 10+ | J9: npcLove<id> | K9: 20+ | L9: 80 | M9: <color=#E64D00>a</color>与<color=#E64D00>b</color>相谈甚欢，对彼此都有了数分钦佩之意。 | N9: 0 | O9: 1 | P9: 1 | Q9: 3
A10: 102 | B10: npcLove<id>,0,lichang,lichang,45 | C10: //,//,>,<,> | D10: 0,npcLove<id>,45,56,lichang | E10: 0 | F10: 100 | G10: 4,9 | H10: npcLove<id> | I10: 25- | J10: npcLove<id> | K10: 25- | L10: 80 | M10: <color=#E64D00>a</color>与<color=#E64D00>b</color>相谈之下，却是立场不合，二人彼此心生嫌恶。 | N10: 0 | O10: 1 | P10: 1 | Q10: 3 | R10: 2 | S10: 2
A11: 103 | B11: npcLove<id>,0,lichang,lichang,55 | C11: //,//,>,<,< | D11: 0,npcLove<id>,45,56,lichang | E11: 0 | F11: 100 | G11: 4,9 | H11: npcLove<id> | I11: 25- | J11: npcLove<id> | K11: 25- | L11: 80 | M11: <color=#E64D00>a</color>与<color=#E64D00>b</color>相谈之下，却是立场不合，二人彼此心生嫌恶。 | N11: 0 | O11: 1 | P11: 1 | Q11: 3 | R11: 2 | S11: 2
A12: 104 | B12: npcLove<id>,0,lichang,lichang,30 | C12: //,//,>,<,> | D12: 0,npcLove<id>,30,46,lichang | E12: 0 | F12: 100 | G12: 4,9 | H12: npcLove<id> | I12: 25- | J12: npcLove<id> | K12: 25- | L12: 80 | M12: <color=#E64D00>a</color>与<color=#E64D00>b</color>相谈之下，却是立场不合，二人彼此心生嫌恶。 | N12: 0 | O12: 1 | P12: 1 | Q12: 3 | R12: 2 | S12: 2
A13: 105 | B13: npcLove<id>,0,lichang,lichang,46 | C13: //,//,>,<,< | D13: 0,npcLove<id>,30,46,lichang | E13: 0 | F13: 100 | G13: 4,9 | H13: npcLove<id> | I13: 25- | J13: npcLove<id> | K13: 25- | L13: 80 | M13: <color=#E64D00>a</color>与<color=#E64D00>b</color>相谈之下，却是立场不合，二人彼此心生嫌恶。 | N13: 0 | O13: 1 | P13: 1 | Q13: 3 | R13: 2 | S13: 2
A14: 106 | B14: npcLove<id>,0,lichang,lichang,55 | C14: //,//,>,<,> | D14: 0,npcLove<id>,55,70,lichang | E14: 0 | F14: 100 | G14: 4,9 | H14: npcLove<id> | I14: 25- | J14: npcLove<id> | K14: 25- | L14: 80 | M14: <color=#E64D00>a</color>与<color=#E64D00>b</color>相谈之下，却是立场不合，二人彼此心生嫌恶。 | N14: 0 | O14: 1 | P14: 1 | Q14: 3 | R14: 2 | S14: 2
A15: 107 | B15: npcLove<id>,0,lichang,lichang,70 | C15: //,//,>,<,< | D15: 0,npcLove<id>,55,70,lichang | E15: 0 | F15: 100 | G15: 4,9 | H15: npcLove<id> | I15: 25- | J15: npcLove<id> | K15: 25- | L15: 80 | M15: <color=#E64D00>a</color>与<color=#E64D00>b</color>相谈之下，却是立场不合，二人彼此心生嫌恶。 | N15: 0 | O15: 1 | P15: 1 | Q15: 3 | R15: 2 | S15: 2
A16: 108 | B16: npcLove<id>,0,lichang,lichang,45,56 | C16: //,//,>,<,<,> | D16: 0,npcLove<id>,45,56,lichang,lichang | E16: 0 | F16: 100 | G16: 4,9 | H16: AddJiaoQing(),npcLove<id> | I16: JinLan;id,40+ | J16: AddJiaoQing(),npcLove<id> | K16: JinLan;id,40+ | L16: 80 | M16: <color=#E64D00>a</color>与<color=#E64D00>b</color>立场相合，引为好友，相约来日再叙。 | N16: 0 | O16: 1 | P16: 1 | Q16: 3 | R16: 2 | S16: 2
A17: 109 | B17: npcLove<id>,0,lichang,lichang,30,46 | C17: //,//,>,<,<,> | D17: 0,npcLove<id>,30,46,lichang,lichang | E17: 0 | F17: 100 | G17: 4,9 | H17: AddJiaoQing(),npcLove<id> | I17: JinLan;id,40+ | J17: AddJiaoQing(),npcLove<id> | K17: JinLan;id,40+ | L17: 80 | M17: <color=#E64D00>a</color>与<color=#E64D00>b</color>立场相合，引为好友，相约来日再叙。 | N17: 0 | O17: 1 | P17: 1 | Q17: 3 | R17: 2 | S17: 2
A18: 110 | B18: npcLove<id>,0,lichang,lichang,55,70 | C18: //,//,>,<,<,> | D18: 0,npcLove<id>,55,70,lichang,lichang | E18: 0 | F18: 100 | G18: 4,9 | H18: AddJiaoQing(),npcLove<id> | I18: JinLan;id,40+ | J18: AddJiaoQing(),npcLove<id> | K18: JinLan;id,40+ | L18: 80 | M18: <color=#E64D00>a</color>与<color=#E64D00>b</color>立场相合，引为好友，相约来日再叙。 | N18: 0 | O18: 1 | P18: 1 | Q18: 3 | R18: 2 | S18: 2
A19: 111 | B19: npcLove<id>,0,goldCoin | C19: //,//,> | D19: 0,npcLove<id>,300 | E19: 0 | F19: 100 | G19: 4,9 | H19: npcLove<id> | I19: 20- | J19: GetRandomItem() | K19: 3;1 | L19: 80 | M19: 遍寻<color=#B08200>i2</color>而不得的<color=#E64D00>a</color>终在<color=#E64D00>b</color>身上得见此物，便高价请购，却遭其拒绝，不禁心生芥蒂。 | N19: 1 | O19: 1 | P19: 1 | Q19: 3 | R19: 2 | S19: 2
A20: 112 | B20: npcLove<id>,0,goldCoin | C20: //,//,> | D20: 0,npcLove<id>,300 | E20: 0 | F20: 100 | G20: 4,9 | H20: npcLove<id> | I20: 20- | J20: GetRandomItem() | K20: 2;1 | L20: 80 | M20: 遍寻<color=#B08200>i2</color>而不得的<color=#E64D00>a</color>终在<color=#E64D00>b</color>身上得见此物，便高价请购，却遭其拒绝，不禁心生芥蒂。 | N20: 1 | O20: 1 | P20: 1 | Q20: 3 | R20: 2 | S20: 2
A21: 113 | B21: npcLove<id>,0,goldCoin | C21: //,//,> | D21: 0,npcLove<id>,300 | E21: 0 | F21: 100 | G21: 4,9 | H21: npcLove<id> | I21: 20- | J21: GetRandomItem() | K21: 1;1 | L21: 80 | M21: 遍寻<color=#B08200>i2</color>而不得的<color=#E64D00>a</color>终在<color=#E64D00>b</color>身上得见此物，便高价请购，却遭其拒绝，不禁心生芥蒂。 | N21: 1 | O21: 1 | P21: 1 | Q21: 3 | R21: 2 | S21: 2
... A26: 118 | B26: npcLove<id>,0,itemList<904011> | C26: //,//,> | D26: 0,npcLove<id>,1 | E26: 0 | F26: 100 | G26: 4,9 | H26: DecItem(),AddJiaoQing(),npcLove<id> | I26: 904011;2,JinLan;id,40+ | J26: IncItem(),AddJiaoQing(),npcLove<id> | K26: 904011;2,JinLan;id,40+ | L26: 80 | M26: <color=#E64D00>a</color>与<color=#E64D00>b</color>一见如故，引为挚交，<color=#E64D00>a</color>特将自己身上<color=#B08200>粗钢刀锻造配方*2</color>赠与了<color=#E64D00>b</color>。 | N26: 0 | O26: 1 | P26: 1 | Q26: 3 | R26: 3 | S26: 3
A27: 119 | B27: npcLove<id>,0,itemList<901102> | C27: //,//,> | D27: 0,npcLove<id>,1 | E27: 0 | F27: 100 | G27: 4,9 | H27: DecItem(),AddJiaoQing(),npcLove<id> | I27: 901102;2,JinLan;id,40+ | J27: IncItem(),AddJiaoQing(),npcLove<id> | K27: 901102;2,JinLan;id,40+ | L27: 80 | M27: <color=#E64D00>a</color>与<color=#E64D00>b</color>一见如故，引为挚交，<color=#E64D00>a</color>特将自己身上<color=#B08200>蕴灵散*2</color>赠与了<color=#E64D00>b</color>。 | N27: 0 | O27: 1 | P27: 1 | Q27: 3
A28: 120 | B28: npcLove<id>,0,itemList<901103> | C28: //,//,> | D28: 0,npcLove<id>,1 | E28: 0 | F28: 100 | G28: 4,9 | H28: DecItem(),AddJiaoQing(),npcLove<id> | I28: 901103;2,JinLan;id,40+ | J28: IncItem(),AddJiaoQing(),npcLove<id> | K28: 901103;2,JinLan;id,40+ | L28: 80 | M28: <color=#E64D00>a</color>与<color=#E64D00>b</color>一见如故，引为挚交，<color=#E64D00>a</color>特将自己身上<color=#B08200>理气丸*2</color>赠与了<color=#E64D00>b</color>。 | N28: 0 | O28: 1 | P28: 1 | Q28: 3
A29: 121 | B29: npcLove<id>,0,itemList<902006> | C29: //,//,> | D29: 0,npcLove<id>,1 | E29: 0 | F29: 100 | G29: 4,9 | H29: DecItem(),AddJiaoQing(),npcLove<id> | I29: 902006;2,JinLan;id,40+ | J29: IncItem(),AddJiaoQing(),npcLove<id> | K29: 902006;2,JinLan;id,40+ | L29: 80 | M29: <color=#E64D00>a</color>与<color=#E64D00>b</color>一见如故，引为挚交，<color=#E64D00>a</color>特将自己身上<color=#B08200>高粱红*2</color>赠与了<color=#E64D00>b</color>。 | N29: 0 | O29: 1 | P29: 1 | Q29: 3
A30: 122 | B30: npcLove<id>,0,itemList<902007> | C30: //,//,> | D30: 0,npcLove<id>,1 | E30: 0 | F30: 100 | G30: 4,9 | H30: DecItem(),AddJiaoQing(),npcLove<id> | I30: 902007;2,JinLan;id,40+ | J30: IncItem(),AddJiaoQing(),npcLove<id> | K30: 902007;2,JinLan;id,40+ | L30: 80 | M30: <color=#E64D00>a</color>与<color=#E64D00>b</color>一见如故，引为挚交，<color=#E64D00>a</color>特将自己身上<color=#B08200>高粱红陈酿*2</color>赠与了<color=#E64D00>b</color>。 | N30: 0 | O30: 1 | P30: 1 | Q30: 3
A31: 123 | B31: npcLove<id>,0,itemList<907019> | C31: //,//,> | D31: 0,npcLove<id>,1 | E31: 0 | F31: 100 | G31: 4,9 | H31: DecItem(),AddJiaoQing(),npcLove<id> | I31: 907019;2,JinLan;id,40+ | J31: IncItem(),AddJiaoQing(),npcLove<id> | K31: 907019;2,JinLan;id,40+ | L31: 80 | M31: <color=#E64D00>a</color>与<color=#E64D00>b</color>一见如故，引为挚交，<color=#E64D00>a</color>特将自己身上<color=#B08200>铁矿石*2</color>赠与了<color=#E64D00>b</color>。 | N31: 0 | O31: 1 | P31: 1 | Q31: 3
A32: 124 | B32: npcLove<id>,0,itemList<907020> | C32: //,//,> | D32: 0,npcLove<id>,1 | E32: 0 | F32: 100 | G32: 4,9 | H32: DecItem(),AddJiaoQing(),npcLove<id> | I32: 907020;2,JinLan;id,40+ | J32: IncItem(),AddJiaoQing(),npcLove<id> | K32: 907020;2,JinLan;id,40+ | L32: 80 | M32: <color=#E64D00>a</color>与<color=#E64D00>b</color>一见如故，引为挚交，<color=#E64D00>a</color>特将自己身上<color=#B08200>铜矿石*2</color>赠与了<color=#E64D00>b</color>。 | N32: 0 | O32: 1 | P32: 1 | Q32: 3
A33: 125 | B33: npcLove<id>,0,itemList<95105011> | C33: //,//,> | D33: 0,npcLove<id>,1 | E33: 0 | F33: 100 | G33: 4,9 | H33: DecItem(),AddJiaoQing(),npcLove<id> | I33: 95105011;2,JinLan;id,40+ | J33: IncItem(),AddJiaoQing(),npcLove<id> | K33: 95105011;2,JinLan;id,40+ | L33: 80 | M33: <color=#E64D00>a</color>与<color=#E64D00>b</color>一见如故，引为挚交，<color=#E64D00>a</color>特将自己身上<color=#B08200>悲遮扇法*2</color>赠与了<color=#E64D00>b</color>。 | N33: 0 | O33: 1 | P33: 1 | Q33: 3 | R33: 2 | S33: 2
A34: 126 | B34: npcLove<id>,0,itemList<95109011> | C34: //,//,> | D34: 0,npcLove<id>,1 | E34: 0 | F34: 100 | G34: 4,9 | H34: DecItem(),AddJiaoQing(),npcLove<id> | I34: 95109011;2,JinLan;id,40+ | J34: IncItem(),AddJiaoQing(),npcLove<id> | K34: 95109011;2,JinLan;id,40+ | L34: 80 | M34: <color=#E64D00>a</color>与<color=#E64D00>b</color>一见如故，引为挚交，<color=#E64D00>a</color>特将自己身上<color=#B08200>醉饮降龙无双式*2</color>赠与了<color=#E64D00>b</color>。 | N34: 0 | O34: 1 | P34: 1 | Q34: 3 | R34: 2 | S34: 2
A35: 127 | B35: npcLove<id>,npcLove<id>,0,11 | C35: >,<,<,> | D35: 0,11,npcLove<id>,npcLove<id> | E35: 0 | F35: 100 | G35: 4,9 | H35: npcLove<id> | I35: 15- | J35: npcLove<id> | K35: 15- | L35: 80 | M35: <color=#E64D00>a</color>与<color=#E64D00>b</color>话不投机，心生芥蒂。 | N35: 8 | O35: 1 | P35: 1 | Q35: 3 | R35: 2 | S35: 2
A36: 128 | B36: npcLove<id>,npcLove<id>,-41,-21 | C36: >,<,<,> | D36: -41,-21,npcLove<id>,npcLove<id> | E36: 0 | F36: 100 | G36: 4,9 | H36: npcLove<id>,AddJiaoQing() | I36: 40-,ChouDi;id | J36: npcLove<id>,AddJiaoQing() | K36: 40-,ChouDi;id | L36: 80 | M36: <color=#E64D00>a</color>与<color=#E64D00>b</color>本有旧怨，针锋相对之下，终结仇至深。 | N36: 15 | O36: 1 | P36: 1 | Q36: 3 | R36: 2 | S36: 2
A37: 129 | B37: npcLove<id>,npcLove<id>,0,15 | C37: >,<,<,> | D37: 0,15,npcLove<id>,npcLove<id> | E37: 0 | F37: 100 | G37: 4,9 | H37: AddJiaoQing(),npcLove<id> | I37: JinLan;id,30+ | J37: AddJiaoQing(),npcLove<id> | K37: JinLan;id,30+ | L37: 80 | M37: <color=#E64D00>a</color>与<color=#E64D00>b</color>相谈甚欢，二人把酒临风，结为好友。 | N37: 8 | O37: 1 | P37: 1 | Q37: 3 | R37: 2 | S37: 2
A38: 130 | B38: npcLove<id>,0,sex | C38: //,//,!/ | D38: 0,npcLove<id>,sex | E38: 0 | F38: 100 | G38: 4,9 | H38: AddJiaoQing(),npcLove<id> | I38: JuanLv;id,60+ | J38: AddJiaoQing(),npcLove<id> | K38: JuanLv;id,60+ | L38: 80 | M38: <color=#E64D00>a</color>与<color=#E64D00>b</color>邂逅，恰似金风玉露相逢，暗生情愫，结为眷侣。 | N38: 0 | O38: 1 | P38: 1 | Q38: 3 | R38: 2 | S38: 2
A39: 131 | B39: npcLove<id>,npcLove<id>,0,15 | C39: >,<,<,> | D39: 0,15,npcLove<id>,npcLove<id> | E39: 0 | F39: 100 | G39: 4,9 | H39: npcLove<id> | I39: 15+ | J39: npcLove<id>,xiuWei,RandomWuXueItem() | K39: 25+,30+,1 | L39: 80 | M39: <color=#E64D00>a</color>与<color=#E64D00>b</color>相谈甚欢，<color=#E64D00>a</color>指点了<color=#E64D00>b</color>些许修习的法门。 | N39: 8 | O39: 1 | P39: 1 | Q39: 3 | R39: 2 | S39: 2
A40: 132 | B40: npcLove<id>,npcLove<id>,0,15 | C40: >,<,<,> | D40: 0,15,npcLove<id>,npcLove<id> | E40: 0 | F40: 100 | G40: 4,9 | H40: npcLove<id>,xiuWei,RandomWuXueItem() | I40: 25+,30+,1 | J40: npcLove<id> | K40: 15+ | L40: 80 | M40: <color=#E64D00>a</color>与<color=#E64D00>b</color>相谈甚欢，<color=#E64D00>b</color>指点了<color=#E64D00>a</color>些许修习的法门。 | N40: 8 | O40: 1 | P40: 1 | Q40: 3 | R40: 2 | S40: 2
A41: 133 | B41: npcLove<id>,npcLove<id>,14,35,JiaoQing<JinLan> | C41: >,<,<,>,!/ | D41: 14,35,npcLove<id>,npcLove<id>,id | E41: 0 | F41: 100 | G41: 4,9 | H41: AddJiaoQing(),npcLove<id> | I41: JinLan;id,30+ | J41: AddJiaoQing(),npcLove<id> | K41: JinLan;id,30+ | L41: 80 | M41: <color=#E64D00>a</color>与<color=#E64D00>b</color>相处颇久，话语言锋无一不合，引为挚交好友。 | N41: 8 | O41: 1 | P41: 1 | Q41: 3 | R41: 2 | S41: 2
A42: 134 | B42: JiaoQing<JuanLv>,id,sex | C42: //,//,!/ | D42: id,JiaoQing<JuanLv>,sex | E42: 0 | F42: 100 | G42: 4,9 | H42: RemoveJiaoQing(),AddJiaoQing(),npcLove<id> | I42: JuanLv;id,PeiOu;id,20+ | J42: RemoveJiaoQing(),AddJiaoQing(),npcLove<id> | K42: JuanLv;id,PeiOu;id,20+ | L42: 80 | M42: 良缘美景，情深无限，<color=#E64D00>a</color>与<color=#E64D00>b</color>结发联缘，于此间成婚。 | N42: 3 | O42: 1 | P42: 1 | Q42: 3 | R42: 2 | S42: 2
A43: 135 | B43: JiaoQing<PeiOu>,id,npcLove<id>,41,sex | C43: //,//,<,>,!/ | D43: id,JiaoQing<PeiOu>,41,npcLove<id>,sex | E43: 0 | F43: 100 | G43: 4,9 | H43: RemoveJiaoQing(),npcLove<id> | I43: PeiOu;id,45- | J43: RemoveJiaoQing(),npcLove<id> | K43: PeiOu;id,45- | L43: 80 | M43: 恩怨几许，痴燕纷飞，<color=#E64D00>a</color>与<color=#E64D00>b</color>之姻缘于此渐终，再无夫妻之情。 | N43: 6 | O43: 1 | P43: 1 | Q43: 3 | R43: 2 | S43: 2
A44: 136 | B44: JiaoQing<PeiOu>,id,npcLove<id>,41,sex | C44: //,//,<,>,!/ | D44: id,JiaoQing<PeiOu>,41,npcLove<id>,sex | E44: 0 | F44: 100 | G44: 4,9 | H44: RemoveJiaoQing(),npcLove<id>,AddJiaoQing() | I44: PeiOu;id,120-,ChouDi;id | J44: RemoveJiaoQing(),npcLove<id>,AddJiaoQing() | K44: PeiOu;id,120-,ChouDi;id | L44: 80 | M44: 恩怨几许，痴燕纷飞，<color=#E64D00>a</color>与<color=#E64D00>b</color>之姻缘于此渐终，二人反目成仇，再无夫妻之情。 | N44: 6 | O44: 1 | P44: 1 | Q44: 3 | R44: 2 | S44: 2
... A51: 143 | B51: JiaoQing<TuDi>,xiuWei | C51: //,> | D51: id,150 | E51: 0 | F51: 100 | G51: 4,9 | H51: xiuWei | I51: 50- | J51: RandomWuXueGet(),xiuWei | K51: 1,30+ | L51: 80 | M51: <color=#E64D00>b</color>之师长<color=#E64D00>a</color>运气行脉，损耗自身修为助<color=#E64D00>b</color>领悟武学秘籍。 | N51: 8 | O51: 1 | P51: 1 | Q51: 3 | R51: 2 | S51: 2
A52: 144 | B52: JiaoQing<TuDi>,35 | C52: //,> | D52: id,xiuWei | E52: 0 | F52: 100 | G52: 4,9 | J52: xiuWei | K52: 20+ | L52: 80 | M52: <color=#E64D00>b</color>之师长<color=#E64D00>a</color>为<color=#E64D00>b</color>讲述武学之道，<color=#E64D00>b</color>听后细细感悟，所获颇丰。 | N52: 8 | O52: 1 | P52: 1 | Q52: 3 | R52: 2 | S52: 2
A53: 145 | B53: JiaoQing<TuDi>,50 | C53: //,> | D53: id,xiuWei | E53: 0 | F53: 100 | G53: 4,9 | J53: xiuWei,npcLove<id> | K53: 30+,15- | L53: 80 | M53: 严师出高徒，<color=#E64D00>b</color>之师长<color=#E64D00>a</color>，要求<color=#E64D00>b</color>日夜苦修，<color=#E64D00>b</color>之进境势如破竹，然却无法体会<color=#E64D00>a</color>之苦心，渐渐生不耐之意。 | N53: 5 | O53: 1 | P53: 1 | Q53: 3 | R53: 2 | S53: 2
A54: 146 | B54: JiaoQing<TuDi>,npcLove<id>,29,energy,20 | C54: //,>,<,>,< | D54: id,29,npcLove<id>,20,energy | E54: 0 | F54: 100 | G54: 4,9 | H54: npcLove<id>,SetSP() | I54: 10+,20- | J54: GetRandomItem(),npcLove<id>,SetSP() | K54: 3;1,15+,20- | L54: 80 | M54: <color=#E64D00>a</color>与<color=#E64D00>b</color>师徒二人情谊深厚，<color=#E64D00>a</color>特将自己身上<color=#B08200>i2*1</color>赠与了<color=#E64D00>b</color>。 | N54: 5 | O54: 1 | P54: 1 | Q54: 3 | R54: 2 | S54: 2
A55: 147 | B55: JiaoQing<TuDi>,npcLove<id>,29,energy,20 | C55: //,>,<,>,< | D55: id,29,npcLove<id>,20,energy | E55: 0 | F55: 100 | G55: 4,9 | H55: npcLove<id>,SetSP() | I55: 10+,20- | J55: GetRandomItem(),npcLove<id>,SetSP() | K55: 2;1,15+,20- | L55: 80 | M55: <color=#E64D00>a</color>与<color=#E64D00>b</color>师徒二人情谊深厚，<color=#E64D00>a</color>特将自己身上<color=#B08200>i2*1</color>赠与了<color=#E64D00>b</color>。 | N55: 5 | O55: 1 | P55: 1 | Q55: 3 | R55: 2 | S55: 2
A56: 148 | B56: JiaoQing<TuDi>,npcLove<id>,29,energy,20 | C56: //,>,<,>,< | D56: id,29,npcLove<id>,20,energy | E56: 0 | F56: 100 | G56: 4,9 | H56: npcLove<id>,SetSP() | I56: 10+,20- | J56: GetRandomItem(),npcLove<id>,SetSP() | K56: 1;1,15+,20- | L56: 80 | M56: <color=#E64D00>a</color>与<color=#E64D00>b</color>师徒二人情谊深厚，<color=#E64D00>a</color>特将自己身上<color=#B08200>i2*1</color>赠与了<color=#E64D00>b</color>。 | N56: 5 | O56: 1 | P56: 1 | Q56: 3 | R56: 2 | S56: 2
A57: 149 | B57: JiaoQing<TuDi>,lichang,-10,energy,10 | C57: //,>,>,>,< | D57: id,30,lichang,10,energy | E57: 0 | F57: 100 | G57: 4,9 | H57: SetSP() | I57: 10- | J57: lichang,SetSP() | K57: 4+,10- | L57: 80 | M57: 近朱者赤近墨者黑，<color=#E64D00>b</color>之师长<color=#E64D00>a</color>长久为<color=#E64D00>b</color>讲述己身之道，<color=#E64D00>b</color>之心性亦渐有所改。 | N57: 5 | O57: 1 | P57: 1 | Q57: 3 | R57: 2 | S57: 2
A58: 150 | B58: JiaoQing<TuDi>,-14,25 | C58: //,>,< | D58: id,lichang,npcLove<id> | E58: 0 | F58: 100 | G58: 4,9 | J58: npcLove<id> | K58: 15- | L58: 80 | M58: <color=#E64D00>b</color>只觉师长<color=#E64D00>a</color>暗底藏巧，不传武学，于是嫌隙渐生。 | N58: 5 | O58: 1 | P58: 1 | Q58: 3 | R58: 2 | S58: 2
A59: 151 | B59: JiaoQing<TuDi>,41 | C59: //,> | D59: id,xiuWei | E59: 0 | F59: 100 | G59: 4,9 | J59: xiuWei | K59: 15+ | L59: 80 | M59: <color=#E64D00>b</color>之师长<color=#E64D00>a</color>指点了<color=#E64D00>b</color>些许修习法门。 | N59: 13 | O59: 1 | P59: 1 | Q59: 3 | R59: 2 | S59: 2
A60: 152 | B60: JiaoQing<TuDi>,51,5 | C60: //,>,< | D60: id,xiuWei,attributeWx | E60: 0 | F60: 100 | G60: 4,9 | H60: xiuWei | I60: 15+ | J60: xiuWei | K60: 15+ | L60: 80 | M60: <color=#E64D00>b</color>虽为<color=#E64D00>a</color>之徒，于武学一道却亦有想法，甚至助师长<color=#E64D00>a</color>武学进境再进一步。 | N60: 3 | O60: 1 | P60: 1 | Q60: 3 | R60: 2 | S60: 2
A61: 153 | B61: JiaoQing<TuDi>,11 | C61: //,> | D61: id,npcLove<id> | E61: 0 | F61: 100 | G61: 4,9 | H61: RemoveJiaoQing() | I61: TuDi;id | J61: RemoveJiaoQing() | K61: ShiFu;id | L61: 80 | M61: <color=#E64D00>a</color>与<color=#E64D00>b</color>师徒二人嫌隙日深，终恩断义绝，再不复往日情分。 | N61: 3 | O61: 1 | P61: 1 | Q61: 3 | R61: 2 | S61: 2
A62: 154 | B62: JiaoQing<TuDi>,11 | C62: //,> | D62: id,npcLove<id> | E62: 0 | F62: 100 | G62: 4,9 | H62: RemoveJiaoQing(),npcLove<id>,AddJiaoQing() | I62: TuDi;id,70-,ChouDi;id | J62: RemoveJiaoQing(),npcLove<id>,AddJiaoQing() | K62: ShiFu;id,70-,ChouDi;id | L62: 80 | M62: <color=#E64D00>a</color>与<color=#E64D00>b</color>师徒二人嫌隙日深，终恩断义绝，再不复往日情分，二者反目成仇。 | N62: 3 | O62: 1 | P62: 1 | Q62: 3 | R62: 2 | S62: 2
A63: 155 | B63: npcLove<id>,0,attribute,id | C63: //,//,>,!/ | D63: 0,npcLove<id>,attribute,JiaoQing<ShiFu> | E63: 0 | F63: 100 | G63: 4,9 | H63: AddJiaoQing(),npcLove<id> | I63: TuDi;id,40+ | J63: AddJiaoQing(),npcLove<id>,xiuWei,RandomWuXueGet() | K63: ShiFu;id,40+,30+,1 | L63: 80 | M63: <color=#E64D00>a</color>与<color=#E64D00>b</color>言语相合，爱才之心骤起，指点了<color=#E64D00>b</color>修习入门之法，二人结为师徒。 | N63: 0 | O63: 1 | P63: 1 | Q63: 3 | R63: 2 | S63: 2
A64: 156 | B64: JiaoQing<JuanLv>,id,energy,20 | C64: //,//,>,< | D64: id,JiaoQing<JuanLv>,20,energy | E64: 0 | F64: 100 | G64: 4,9 | H64: npcLove<id>,SetSP() | I64: 10+,20- | J64: npcLove<id>,SetSP() | K64: 10+,20- | L64: 80 | M64: <color=#E64D00>a</color>与<color=#E64D00>b</color>神仙眷侣，携手出游，郎情妾意，羡煞旁人。 | N64: 13 | O64: 1 | P64: 1 | Q64: 3 | R64: 2 | S64: 2
A65: 157 | B65: npcLove<id>,30,sex,JiaoQing<JuanLv> | C65: >,<,!/,!/ | D65: 30,npcLove<id>,sex,id | E65: 0 | F65: 100 | G65: 4,9 | H65: npcLove<id> | I65: 35- | J65: npcLove<id> | K65: 35- | L65: 80 | M65: 与<color=#E64D00>b</color>互有好感多时的<color=#E64D00>a</color>决意向<color=#E64D00>b</color>表明心迹，怎奈落花有意流水无情…… | N65: 15 | O65: 1 | P65: 1 | Q65: 3 | R65: 2 | S65: 2
A66: 158 | B66: npcLove<id>,30,sex,JiaoQing<JuanLv> | C66: >,<,!/,!/ | D66: 30,npcLove<id>,sex,id | E66: 0 | F66: 100 | G66: 4,9 | H66: npcLove<id>,AddJiaoQing() | I66: 90-,ChouDi;id | J66: npcLove<id>,AddJiaoQing() | K66: 90-,ChouDi;id | L66: 80 | M66: 与<color=#E64D00>b</color>互有好感多时的<color=#E64D00>a</color>决意向<color=#E64D00>b</color>表明心迹，怎奈落花有意流水无情，<color=#E64D00>a</color>因爱生恨，竟与<color=#E64D00>b</color>反目成仇。 | N66: 5 | O66: 1 | P66: 1 | Q66: 3 | R66: 2 | S66: 2
A67: 159 | B67: npcLove<id>,30,sex,JiaoQing<JuanLv> | C67: >,<,!/,!/ | D67: 30,npcLove<id>,sex,id | E67: 0 | F67: 100 | G67: 4,9 | H67: AddJiaoQing(),npcLove<id> | I67: JuanLv;id,20+ | J67: AddJiaoQing(),npcLove<id> | K67: JuanLv;id,20+ | L67: 80 | M67: 与<color=#E64D00>b</color>互有好感多时的<color=#E64D00>a</color>决意向<color=#E64D00>b</color>表明心迹，不料<color=#E64D00>b</color>亦倾心于其多时，二人结为眷侣，柔情无限。 | N67: 10 | O67: 1 | P67: 1 | Q67: 3 | R67: 2 | S67: 2
A68: 160 | B68: npcLove<id>,0 | C68: //,// | D68: 0,npcLove<id> | E68: 0 | F68: 100 | G68: 5,7 | H68: npcLove<id> | I68: 20+ | L68: 80 | M68: <color=#E64D00>a</color>对<color=#E64D00>b</color>暗生情愫，心下暗许…… | N68: 0 | O68: 1 | P68: 1 | Q68: 3 | R68: 2 | S68: 2
A69: 161 | B69: JiaoQing<JuanLv>,id,npcLove<id>,40 | C69: //,//,>,< | D69: id,JiaoQing<JuanLv>,40,npcLove<id> | E69: 0 | F69: 100 | G69: 4,9 | H69: npcLove<id> | I69: 15- | J69: npcLove<id> | K69: 15- | L69: 80 | M69: <color=#E64D00>a</color>与<color=#E64D00>b</color>眷侣壁人，因些许小事而生口角，二人悻悻而去…… | N69: 8 | O69: 1 | P69: 1 | Q69: 3 | R69: 2 | S69: 2
A70: 162 | B70: JiaoQing<JuanLv>,id,npcLove<id>,59 | C70: //,//,>,< | D70: id,JiaoQing<JuanLv>,59,npcLove<id> | E70: 0 | F70: 100 | G70: 4,9 | H70: npcLove<id> | I70: 10+ | J70: npcLove<id> | K70: 10+ | L70: 80 | M70: 眷侣<color=#E64D00>a</color>与<color=#E64D00>b</color>携手前往了后山一处隐秘之所…… | N70: 8 | O70: 1 | P70: 1 | Q70: 3 | R70: 2 | S70: 2
A71: 163 | B71: JiaoQing<JuanLv>,id,npcLove<id>,50,energy,20 | C71: //,//,>,<,>,< | D71: id,JiaoQing<JuanLv>,50,npcLove<id>,20,energy | E71: 0 | F71: 100 | G71: 4,9 | H71: npcLove<id>,SetSP() | I71: 10+,20- | J71: RandomWuXueGet(),xiuWei,npcLove<id>,SetSP() | K71: 1,30+,10+,20- | L71: 80 | M71: <color=#E64D00>a</color>与<color=#E64D00>b</color>眷侣二人情谊深厚，<color=#E64D00>a</color>将一册<color=#B08200>《i》</color>赠与了<color=#E64D00>b</color>。 | N71: 8 | O71: 1 | P71: 1 | Q71: 3 | R71: 2 | S71: 2
A72: 164 | B72: JiaoQing<JuanLv>,id,npcLove<id>,50,60 | C72: //,//,>,<,> | D72: id,JiaoQing<JuanLv>,50,npcLove<id>,xiuWei | E72: 0 | F72: 100 | G72: 4,9 | J72: xiuWei | K72: 15+ | L72: 80 | M72: <color=#E64D00>a</color>与<color=#E64D00>b</color>眷侣二人情谊深厚，<color=#E64D00>a</color>指点了<color=#E64D00>b</color>些许修习法门。 | N72: 8 | O72: 1 | P72: 1 | Q72: 3 | R72: 2 | S72: 2
A73: 165 | B73: JiaoQing<PeiOu>,id,npcLove<id>,59 | C73: //,//,>,< | D73: id,JiaoQing<PeiOu>,59,npcLove<id> | E73: 0 | F73: 100 | G73: 11,3 | H73: npcLove<id> | I73: 10+ | J73: npcLove<id> | K73: 10+ | L73: 80 | M73: 夫妻<color=#E64D00>a</color>与<color=#E64D00>b</color>二人于夜晚携手前往了后山一处隐秘之所…… | N73: 8 | O73: 1 | P73: 1 | Q73: 3 | R73: 2 | S73: 2
A74: 166 | B74: JiaoQing<JuanLv>,id,npcLove<id>,31 | C74: //,//,<,> | D74: id,JiaoQing<JuanLv>,31,npcLove<id> | E74: 0 | F74: 100 | G74: 4,9 | H74: RemoveJiaoQing(),npcLove<id> | I74: JuanLv;id,50- | J74: RemoveJiaoQing(),npcLove<id> | K74: JuanLv;id,50- | L74: 80 | M74: 眷侣<color=#E64D00>a</color>与<color=#E64D00>b</color>积怨许久，再难相缘，二人分手而去，再不复眷侣之情意…… | N74: 3 | O74: 1 | P74: 1 | Q74: 3 | R74: 2 | S74: 2
A75: 167 | B75: JiaoQing<JuanLv>,id,npcLove<id>,31 | C75: //,//,<,> | D75: id,JiaoQing<JuanLv>,31,npcLove<id> | E75: 0 | F75: 100 | G75: 4,9 | H75: RemoveJiaoQing(),npcLove<id>,AddJiaoQing() | I75: JuanLv;id,90-,ChouDi;id | J75: RemoveJiaoQing(),npcLove<id>,AddJiaoQing() | K75: JuanLv;id,90-,ChouDi;id | L75: 80 | M75: 眷侣<color=#E64D00>a</color>与<color=#E64D00>b</color>积怨许久，再难相缘，二人分手而去，反目成仇，再不复眷侣之情意…… | N75: 3 | O75: 1 | P75: 1 | Q75: 3 | R75: 2 | S75: 2
A76: 168 | B76: JiaoQing<JuanLv>,id,energy,20 | C76: //,//,>,< | D76: id,JiaoQing<JuanLv>,20,energy | E76: 0 | F76: 100 | G76: 4,9 | H76: npcLove<id>,SetSP() | I76: 10+,20- | J76: npcLove<id>,SetSP() | K76: 10+,20- | L76: 80 | M76: <color=#E64D00>a</color>与<color=#E64D00>b</color>神仙眷侣，出行赏景，沿途眼神相交，情意无限。 | N76: 3 | O76: 1 | P76: 1 | Q76: 3 | R76: 2 | S76: 2
A77: 169 | B77: JiaoQing<JuanLv>,npcLove<id>,59,energy,20,id | C77: //,>,<,>,<,// | D77: id,59,npcLove<id>,20,energy,JiaoQing<JuanLv> | E77: 0 | F77: 100 | G77: 4,9 | H77: npcLove<id>,SetSP() | I77: 10+,20- | J77: GetRandomItem(),npcLove<id>,SetSP() | K77: 3;1,15+,20- | L77: 80 | M77: <color=#E64D00>a</color>与<color=#E64D00>b</color>眷侣二人恩爱无限，<color=#E64D00>a</color>特将自己身上<color=#B08200>i2*1</color>赠与了<color=#E64D00>b</color>。 | N77: 3 | O77: 1 | P77: 1 | Q77: 3 | R77: 2 | S77: 2
A78: 170 | B78: JiaoQing<JuanLv>,npcLove<id>,59,energy,20,id | C78: //,>,<,>,<,// | D78: id,59,npcLove<id>,20,energy,JiaoQing<JuanLv> | E78: 0 | F78: 100 | G78: 4,9 | H78: npcLove<id>,SetSP() | I78: 10+,20- | J78: GetRandomItem(),npcLove<id>,SetSP() | K78: 2;1,15+,20- | L78: 80 | M78: <color=#E64D00>a</color>与<color=#E64D00>b</color>眷侣二人恩爱无限，<color=#E64D00>a</color>特将自己身上<color=#B08200>i2*1</color>赠与了<color=#E64D00>b</color>。 | N78: 3 | O78: 1 | P78: 1 | Q78: 3 | R78: 2 | S78: 2
A79: 171 | B79: JiaoQing<JuanLv>,npcLove<id>,59,energy,20,id | C79: //,>,<,>,<,// | D79: id,59,npcLove<id>,20,energy,JiaoQing<JuanLv> | E79: 0 | F79: 100 | G79: 4,9 | H79: npcLove<id>,SetSP() | I79: 10+,20- | J79: GetRandomItem(),npcLove<id>,SetSP() | K79: 1;1,15+,20- | L79: 80 | M79: <color=#E64D00>a</color>与<color=#E64D00>b</color>眷侣二人恩爱无限，<color=#E64D00>a</color>特将自己身上<color=#B08200>i2*1</color>赠与了<color=#E64D00>b</color>。 | N79: 3 | O79: 1 | P79: 1 | Q79: 3 | R79: 2 | S79: 2
A80: 172 | B80: JiaoQing<JuanLv>,lichang,-10,energy,10,id | C80: //,>,>,>,<,// | D80: id,30,lichang,10,energy,JiaoQing<JuanLv> | E80: 0 | F80: 100 | G80: 4,9 | H80: SetSP() | I80: 10- | J80: lichang,SetSP() | K80: 4+,10- | L80: 80 | M80: 近朱者赤近墨者黑，<color=#E64D00>a</color>与<color=#E64D00>b</color>眷侣二人恩爱无限，二人心性亦渐有趋同。 | N80: 3 | O80: 1 | P80: 1 | Q80: 3
A81: 173 | B81: npcLove<id>,npcLove<id>,0,15 | C81: >,<,<,> | D81: 0,15,npcLove<id>,npcLove<id> | E81: 0 | F81: 100 | G81: 4,9 | H81: AddJiaoQing(),npcLove<id> | I81: JinLan;id,30+ | J81: AddJiaoQing(),npcLove<id> | K81: JinLan;id,30+ | L81: 80 | M81: <color=#E64D00>a</color>与<color=#E64D00>b</color>相交甚笃，决意义结金兰，以全情谊。 | N81: 8 | O81: 1 | P81: 1 | Q81: 3 | R81: 2 | S81: 2
A82: 174 | B82: npcLove<id>,0 | C82: //,// | D82: 0,npcLove<id> | E82: 0 | F82: 100 | G82: 4,9 | H82: AddJiaoQing(),npcLove<id> | I82: JinLan;id,40+ | J82: AddJiaoQing(),npcLove<id> | K82: JinLan;id,40+ | L82: 80 | M82: <color=#E64D00>a</color>与<color=#E64D00>b</color>一见如故，引为挚交，决意义结金兰，以全情谊。 | N82: 0 | O82: 1 | P82: 1 | Q82: 3 | R82: 2 | S82: 2
A83: 175 | B83: JiaoQing<JinLan>,id,npcLove<id>,39,energy,20 | C83: //,//,>,<,>,< | D83: id,JiaoQing<JinLan>,39,npcLove<id>,20,energy | E83: 0 | F83: 100 | G83: 4,9 | H83: npcLove<id>,SetSP() | I83: 10+,20- | J83: RandomWuXueGet(),xiuWei,npcLove<id>,SetSP() | K83: 1,30+,10+,20- | L83: 80 | M83: <color=#E64D00>a</color>与<color=#E64D00>b</color>金兰二人情谊深厚，<color=#E64D00>a</color>将一册<color=#B08200>《i》</color>赠与了<color=#E64D00>b</color>。 | N83: 8 | O83: 1 | P83: 1 | Q83: 3 | R83: 2 | S83: 2
A84: 176 | B84: JiaoQing<JinLan>,id,npcLove<id>,40,50 | C84: //,//,>,<,> | D84: id,JiaoQing<JinLan>,40,npcLove<id>,xiuWei | E84: 0 | F84: 100 | G84: 4,9 | J84: xiuWei | K84: 15+ | L84: 80 | M84: <color=#E64D00>a</color>与<color=#E64D00>b</color>金兰二人情谊深厚，<color=#E64D00>a</color>指点了<color=#E64D00>b</color>些许修习法门。 | N84: 8 | O84: 1 | P84: 1 | Q84: 3 | R84: 2 | S84: 2
A85: 177 | B85: JiaoQing<JinLan>,id,energy,20 | C85: //,//,>,< | D85: id,JiaoQing<JinLan>,20,energy | E85: 0 | F85: 100 | G85: 4,9 | H85: npcLove<id>,SetSP() | I85: 10+,20- | J85: npcLove<id>,SetSP() | K85: 10+,20- | L85: 80 | M85: <color=#E64D00>a</color>与<color=#E64D00>b</color>金兰二人情谊深厚，结伴出游赏景，二人把酒临风，快哉畅行。 | N85: 8 | O85: 1 | P85: 1 | Q85: 3
A86: 178 | B86: JiaoQing<JinLan>,id,energy,20,goldCoin,300 | C86: //,//,>,<,>,< | D86: id,JiaoQing<JinLan>,20,energy,300,goldCoin | E86: 0 | F86: 100 | G86: 4,9 | H86: SetSP(),goldCoin | I86: 20-,200- | J86: SetSP(),goldCoin | K86: 20-,200- | L86: 80 | M86: <color=#E64D00>a</color>与<color=#E64D00>b</color>金兰二人结伴出游赏景，不料突逢流匪作祟，二人难敌，各损失了些许银两物品。 | N86: 8 | O86: 1 | P86: 1 | Q86: 3 | R86: 2 | S86: 2
A87: 179 | B87: JiaoQing<JinLan>,id,npcLove<id>,31 | C87: //,//,<,> | D87: id,JiaoQing<JinLan>,31,npcLove<id> | E87: 0 | F87: 100 | G87: 4,9 | H87: RemoveJiaoQing(),npcLove<id> | I87: JinLan;id,50- | J87: RemoveJiaoQing(),npcLove<id> | K87: JinLan;id,50- | L87: 80 | M87: <color=#E64D00>a</color>与<color=#E64D00>b</color>金兰二人嫌隙日深，终恩断义绝，再不复往日情分。 | N87: 3 | O87: 1 | P87: 1 | Q87: 3 | R87: 2 | S87: 2
A88: 180 | B88: JiaoQing<JinLan>,id,npcLove<id>,31 | C88: //,//,<,> | D88: id,JiaoQing<JinLan>,31,npcLove<id> | E88: 0 | F88: 100 | G88: 4,9 | H88: RemoveJiaoQing(),npcLove<id>,AddJiaoQing() | I88: JinLan;id,90-,ChouDi;id | J88: RemoveJiaoQing(),npcLove<id>,AddJiaoQing() | K88: JinLan;id,90-,ChouDi;id | L88: 80 | M88: <color=#E64D00>a</color>与<color=#E64D00>b</color>金兰二人嫌隙日深，终恩断义绝，二者反目成仇，再不复往日情分。 | N88: 3 | O88: 1 | P88: 1 | Q88: 3 | R88: 2 | S88: 2
A89: 181 | B89: JiaoQing<JinLan>,npcLove<id>,30,energy,20,id | C89: //,>,<,>,<,// | D89: id,30,npcLove<id>,20,energy,JiaoQing<JinLan> | E89: 0 | F89: 100 | G89: 4,9 | H89: npcLove<id>,SetSP() | I89: 10+,20- | J89: GetRandomItem(),npcLove<id>,SetSP() | K89: 3;1,15+,20- | L89: 80 | M89: <color=#E64D00>a</color>与<color=#E64D00>b</color>金兰二人情谊深厚，<color=#E64D00>a</color>特将自己身上<color=#B08200>i2*1</color>赠与了<color=#E64D00>b</color>。 | N89: 3 | O89: 1 | P89: 1 | Q89: 3
A90: 182 | B90: JiaoQing<JinLan>,npcLove<id>,30,energy,20,id | C90: //,>,<,>,<,// | D90: id,30,npcLove<id>,20,energy,JiaoQing<JinLan> | E90: 0 | F90: 100 | G90: 4,9 | H90: npcLove<id>,SetSP() | I90: 10+,20- | J90: GetRandomItem(),npcLove<id>,SetSP() | K90: 2;1,15+,20- | L90: 80 | M90: <color=#E64D00>a</color>与<color=#E64D00>b</color>金兰二人情谊深厚，<color=#E64D00>a</color>特将自己身上<color=#B08200>i2*1</color>赠与了<color=#E64D00>b</color>。 | N90: 3 | O90: 1 | P90: 1 | Q90: 3
A91: 183 | B91: JiaoQing<JinLan>,npcLove<id>,30,energy,20,id | C91: //,>,<,>,<,// | D91: id,30,npcLove<id>,20,energy,JiaoQing<JinLan> | E91: 0 | F91: 100 | G91: 4,9 | H91: npcLove<id>,SetSP() | I91: 10+,20- | J91: GetRandomItem(),npcLove<id>,SetSP() | K91: 1;1,15+,20- | L91: 80 | M91: <color=#E64D00>a</color>与<color=#E64D00>b</color>金兰二人情谊深厚，<color=#E64D00>a</color>特将自己身上<color=#B08200>i2*1</color>赠与了<color=#E64D00>b</color>。 | N91: 3 | O91: 1 | P91: 1 | Q91: 3
A92: 184 | B92: npcLove<id>,-29,energy,20 | C92: <,>,>,< | D92: -29,npcLove<id>,20,energy | E92: 0 | F92: 100 | G92: 4,9 | H92: GetRandomItem(),npcLove<id>,SetSP() | I92: 3;1,15-,20- | J92: npcLove<id>,SetSP() | K92: 20-,20- | L92: 80 | M92: <color=#E64D00>a</color>与<color=#E64D00>b</color>素有仇怨，<color=#E64D00>a</color>趁<color=#E64D00>b</color>不备将其身上<color=#B08200>i1*1</color>悄悄盗走，二人仇怨再添几分。 | N92: 8 | O92: 1 | P92: 1 | Q92: 3 | R92: 2 | S92: 2
A93: 185 | B93: npcLove<id>,-29,energy,20 | C93: <,>,>,< | D93: -29,npcLove<id>,20,energy | E93: 0 | F93: 100 | G93: 0 | H93: GetRandomItem(),npcLove<id>,SetSP() | I93: 2;1,15-,20- | J93: npcLove<id>,SetSP() | K93: 20-,20- | L93: 80 | M93: <color=#E64D00>a</color>与<color=#E64D00>b</color>素有仇怨，<color=#E64D00>a</color>趁<color=#E64D00>b</color>不备将其身上<color=#B08200>i1*1</color>悄悄盗走，二人仇怨再添几分。 | N93: 8 | O93: 1 | P93: 1 | Q93: 3 | R93: 2 | S93: 2
A94: 186 | B94: npcLove<id>,-29,energy,20 | C94: <,>,>,< | D94: -29,npcLove<id>,20,energy | E94: 0 | F94: 100 | G94: 0 | H94: GetRandomItem(),npcLove<id>,SetSP() | I94: 1;1,15-,20- | J94: npcLove<id>,SetSP() | K94: 20-,20- | L94: 80 | M94: <color=#E64D00>a</color>与<color=#E64D00>b</color>素有仇怨，<color=#E64D00>a</color>趁<color=#E64D00>b</color>不备将其身上<color=#B08200>i1*1</color>悄悄盗走，二人仇怨再添几分。 | N94: 8 | O94: 1 | P94: 1 | Q94: 3 | R94: 2 | S94: 2
A95: 187 | B95: npcLove<id>,npcLove<id>,-35,-20 | C95: >,<,<,> | D95: -35,-20,npcLove<id>,npcLove<id> | E95: 0 | F95: 100 | G95: 0 | H95: npcLove<id> | I95: 20- | L95: 80 | M95: <color=#E64D00>a</color>与<color=#E64D00>b</color>素有仇怨，时至今日，<color=#E64D00>a</color>谋划寻<color=#E64D00>b</color>复仇…… | N95: 8 | O95: 1 | P95: 1 | Q95: 3 | R95: 2 | S95: 2
A96: 188 | B96: npcLove<id>,-29,energy,20 | C96: <,>,>,< | D96: -29,npcLove<id>,20,energy | E96: 0 | F96: 100 | G96: 0 | H96: GetRandomItem(),npcLove<id>,SetSP() | I96: 3;1,15-,20- | J96: npcLove<id>,SetSP() | K96: 20-,20- | L96: 80 | M96: <color=#E64D00>a</color>与<color=#E64D00>b</color>素有仇怨，<color=#E64D00>a</color>决意寻<color=#E64D00>b</color>复仇，夺取了<color=#E64D00>b</color>身上<color=#B08200>i1*1</color>，二人仇怨再添几分。 | N96: 8 | O96: 1 | P96: 1 | Q96: 3 | R96: 2 | S96: 2
A97: 189 | B97: npcLove<id>,-29,energy,20 | C97: <,>,>,< | D97: -29,npcLove<id>,20,energy | E97: 0 | F97: 100 | G97: 0 | H97: GetRandomItem(),npcLove<id>,SetSP() | I97: 2;1,15-,20- | J97: npcLove<id>,SetSP() | K97: 20-,20- | L97: 80 | M97: <color=#E64D00>a</color>与<color=#E64D00>b</color>素有仇怨，<color=#E64D00>a</color>决意寻<color=#E64D00>b</color>复仇，夺取了<color=#E64D00>b</color>身上<color=#B08200>i1*1</color>，二人仇怨再添几分。 | N97: 8 | O97: 1 | P97: 1 | Q97: 3 | R97: 2 | S97: 2
A98: 190 | B98: npcLove<id>,-29,energy,20 | C98: <,>,>,< | D98: -29,npcLove<id>,20,energy | E98: 0 | F98: 100 | G98: 4,9 | H98: GetRandomItem(),npcLove<id>,SetSP() | I98: 1;1,15-,20- | J98: npcLove<id>,SetSP() | K98: 20-,20- | L98: 80 | M98: <color=#E64D00>a</color>与<color=#E64D00>b</color>素有仇怨，<color=#E64D00>a</color>决意寻<color=#E64D00>b</color>复仇，夺取了<color=#E64D00>b</color>身上<color=#B08200>i1*1</color>，二人仇怨再添几分。 | N98: 8 | O98: 1 | P98: 1 | Q98: 3 | R98: 2 | S98: 2
A99: 191 | B99: npcLove<id>,npcLove<id>,-45,-20 | C99: >,<,<,> | D99: -45,-20,npcLove<id>,npcLove<id> | E99: 0 | F99: 100 | G99: 4,9 | H99: npcLove<id> | I99: 20- | J99: npcLove<id> | K99: 20- | L99: 80 | M99: 与<color=#E64D00>b</color>素有仇怨的<color=#E64D00>a</color>决意寻<color=#E64D00>b</color>复仇，二者激战许久难分胜负，仇怨亦再添了数分。 | N99: 8 | O99: 1 | P99: 1 | Q99: 3 | R99: 2 | S99: 2
A100: 192 | B100: npcLove<id>,-29,energy,20 | C100: <,>,>,< | D100: -29,npcLove<id>,20,energy | E100: 0 | F100: 100 | G100: 0 | H100: npcLove<id>,SetSP() | I100: 20-,20- | J100: GetRandomItem(),npcLove<id>,SetSP() | K100: 3;1,20-,20- | L100: 80 | M100: 与<color=#E64D00>b</color>素有仇怨的<color=#E64D00>a</color>决意寻<color=#E64D00>b</color>复仇，欲夺取<color=#E64D00>b</color>身上财物，却学艺不精，反被<color=#E64D00>b</color>夺取了身上<color=#B08200>i2*1</color>，二人仇怨再添几分。 | N100: 8 | O100: 1 | P100: 1 | Q100: 3 | R100: 2 | S100: 2
A101: 193 | B101: npcLove<id>,-29,energy,20 | C101: <,>,>,< | D101: -29,npcLove<id>,20,energy | E101: 0 | F101: 100 | G101: 0 | H101: npcLove<id>,SetSP() | I101: 20-,20- | J101: GetRandomItem(),npcLove<id>,SetSP() | K101: 2;1,20-,20- | L101: 80 | M101: 与<color=#E64D00>b</color>素有仇怨的<color=#E64D00>a</color>决意寻<color=#E64D00>b</color>复仇，欲夺取<color=#E64D00>b</color>身上财物，却学艺不精，反被<color=#E64D00>b</color>夺取了身上<color=#B08200>i2*1</color>，二人仇怨再添几分。 | N101: 8 | O101: 1 | P101: 1 | Q101: 3 | R101: 2 | S101: 2
