Workbook

Sheet Refresh
A1: 野怪ID | B1: 野怪称号 | C1: 野怪归属地 | D1: 野怪级别 | E1: 野怪图片 | F1: 野怪物种 | G1: 序号 | H1: 存在游戏模式中 | I1: 刷新坐标 | J1: 对话库Id | K1: 战斗组ID | L1: monster | M1: 刷新时间（秒） | N1: 自定义形象
A2: id | B2: name | C2: map | D2: lv | E2: icon | F2: species | G2: number | H2: gameMode | I2: pos | J2: talkId | K2: monsterTeamId | L2: monsterId | M2: time | N2: Style
A3: 1010101 | B3: 黑风流贼头目 | C3: 12000 | D3: 1 | F3: 0 | G3: 1 | H3: 0 | I3: 34,33;33,34 | J3: 1 | K3: 3001 | L3: 1010101 | M3: 450
A4: 1010102 | B4: 流落匪首 | C4: 12000 | D4: 1 | F4: 0 | G4: 2 | H4: 0 | I4: 17,33;18,32 | J4: 2 | K4: 3002 | L4: 1010102 | M4: 450
A5: 1020101 | B5: 流贼精锐 | C5: 12000 | D5: 2 | F5: 1 | G5: 1 | H5: 0 | I5: 36,14 | J5: 3 | K5: 3003 | L5: 1020101 | M5: 180
A6: 1020201 | B6: 噬人野狼 | C6: 12000 | D6: 2 | E6: 1110002012 | F6: 3 | G6: 1 | H6: 0 | I6: 9,27;12,27;8,26 | J6: 4 | K6: 3004 | L6: 1020201 | M6: 180
A7: 1030103 | B7: 避缉强盗 | C7: 12000 | D7: 3 | F7: 1 | G7: 3 | H7: 0 | I7: 32,13;31,12 | J7: 9 | K7: 3007 | L7: 1030103 | M7: 90
A8: 1030107 | B8: 村外流寇 | C8: 12000 | D8: 3 | F8: 1 | G8: 3 | H8: 0 | I8: 6,31;5,33 | J8: 10 | K8: 3008 | L8: 1030107 | M8: 90
A9: 1030108 | B9: 青萍地痞 | C9: 12000 | D9: 3 | F9: 0 | G9: 8 | H9: 0 | I9: 4,20 | J9: 14 | K9: 3011 | L9: 1030108 | M9: 90
A10: 1030109 | B10: 歧途恶棍 | C10: 12000 | D10: 3 | F10: 0 | G10: 9 | H10: 0 | I10: 24,28 | J10: 15 | K10: 3012 | L10: 1030109 | M10: 90
A11: 1030201 | B11: 伏训野狼 | C11: 12000 | D11: 3 | E11: 1110002012 | F11: 3 | G11: 1 | H11: 0 | I11: 25,25;25,26 | J11: 16 | K11: 3013 | L11: 1030201 | M11: 90
A12: 1200140 | B12: 强者挑战 | C12: 12000 | D12: 1 | F12: 1 | G12: 1 | H12: 0 | I12: 40,18 | J12: 17 | K12: 3014 | L12: 1200140 | M12: -1
A13: 1200141 | B13: 强者挑战 | C13: 12000 | D13: 1 | F13: 0 | G13: 1 | H13: 0 | I13: 38,10 | J13: 17 | K13: 3014 | L13: 1200141 | M13: -1
A14: 1200142 | B14: 强者挑战 | C14: 12000 | D14: 1 | F14: 0 | G14: 1 | H14: 0 | I14: 38,10 | J14: 17 | K14: 3014 | L14: 1200142 | M14: -1
A15: 1200143 | B15: 强者挑战 | C15: 12000 | D15: 1 | F15: 1 | G15: 1 | H15: 0 | I15: 38,10 | J15: 17 | K15: 3014 | L15: 1200143 | M15: -1
A16: 1200144 | B16: 强者挑战 | C16: 12000 | D16: 1 | F16: 0 | G16: 1 | H16: 0 | I16: 38,10 | J16: 17 | K16: 3014 | L16: 1200144 | M16: -1
A17: 1200145 | B17: 山贼头目 | C17: 13000 | D17: 1 | F17: 0 | G17: 1 | H17: 0 | I17: 54,54 | J17: 18 | K17: 3015 | L17: 1200145 | M17: 90 | O17: 承安镇
A18: 1200146 | B18: 山贼喽啰 | C18: 13000 | D18: 3 | F18: 1 | G18: 1 | H18: 0 | I18: 54,54 | J18: 18 | K18: 3015 | L18: 1200146 | M18: -1 | O18: 承安镇
A19: 1200147 | B19: 山贼喽啰 | C19: 13000 | D19: 3 | F19: 0 | G19: 1 | H19: 0 | I19: 54,54 | J19: 18 | K19: 3015 | L19: 1200147 | M19: -1 | O19: 承安镇
A20: 1200148 | B20: 山贼喽啰 | C20: 13000 | D20: 3 | F20: 1 | G20: 1 | H20: 0 | I20: 54,54 | J20: 18 | K20: 3015 | L20: 1200148 | M20: -1 | O20: 承安镇
A21: 1200149 | B21: 野地狼群 | C21: 13000 | D21: 1 | E21: 1110002012 | F21: 3 | G21: 1 | H21: 0 | I21: 57,52 | J21: 19 | K21: 3016 | L21: 1200149 | M21: 90 | O21: 承安镇
A22: 1200150 | B22: 郊狼 | C22: 13000 | D22: 2 | E22: 1110002012 | F22: 3 | G22: 1 | H22: 0 | I22: 57,52 | J22: 19 | K22: 3016 | L22: 1200150 | M22: -1 | O22: 承安镇
A23: 1200151 | B23: 郊狼 | C23: 13000 | D23: 2 | E23: 1110002012 | F23: 3 | G23: 1 | H23: 0 | I23: 57,52 | J23: 19 | K23: 3016 | L23: 1200151 | M23: -1 | O23: 承安镇
A24: 1200152 | B24: 流亡恶徒 | C24: 13000 | D24: 2 | F24: 1 | G24: 1 | H24: 0 | I24: 55,47 | J24: 20 | K24: 3017 | L24: 1200152 | M24: 90 | O24: 承安镇
A25: 1200153 | B25: 流亡恶徒 | C25: 13000 | D25: 3 | F25: 0 | G25: 1 | H25: 0 | I25: 55,47 | J25: 20 | K25: 3017 | L25: 1200153 | M25: -1 | O25: 承安镇
A26: 1200154 | B26: 流亡恶徒 | C26: 13000 | D26: 3 | F26: 0 | G26: 1 | H26: 0 | I26: 55,47 | J26: 20 | K26: 3017 | L26: 1200154 | M26: -1 | O26: 承安镇
A27: 1200155 | B27: 毒蛇 | C27: 13000 | D27: 2 | E27: 1170007011 | F27: 5 | G27: 1 | H27: 0 | I27: 56,41 | J27: 21 | K27: 3018 | L27: 1200155 | M27: 90 | O27: 承安镇
A28: 1200156 | B28: 毒蛇 | C28: 13000 | D28: 2 | E28: 1400001013 | F28: 5 | G28: 1 | H28: 0 | I28: 56,41 | J28: 21 | K28: 3018 | L28: 1200156 | M28: -1 | O28: 承安镇
A29: 1200157 | B29: 毒蛇 | C29: 13000 | D29: 2 | E29: 1400001013 | F29: 5 | G29: 1 | H29: 0 | I29: 56,41 | J29: 21 | K29: 3018 | L29: 1200157 | M29: -1 | O29: 承安镇
A30: 1200158 | B30: 毒蛇 | C30: 13000 | D30: 2 | E30: 1400001013 | F30: 5 | G30: 1 | H30: 0 | I30: 56,41 | J30: 21 | K30: 3018 | L30: 1200158 | M30: -1 | O30: 承安镇
A31: 1200159 | B31: 贼寇 | C31: 13000 | D31: 2 | F31: 0 | G31: 1 | H31: 0 | I31: 54,9 | J31: 22 | K31: 3019 | L31: 1200159 | M31: 90 | O31: 承安镇
A32: 1200160 | B32: 贼寇 | C32: 13000 | D32: 2 | F32: 0 | G32: 1 | H32: 0 | I32: 54,9 | J32: 22 | K32: 3019 | L32: 1200160 | M32: -1 | O32: 承安镇
A33: 1200161 | B33: 贼寇 | C33: 13000 | D33: 2 | F33: 1 | G33: 1 | H33: 0 | I33: 54,9 | J33: 22 | K33: 3019 | L33: 1200161 | M33: -1 | O33: 承安镇
A34: 1200162 | B34: 贼寇 | C34: 13000 | D34: 2 | F34: 1 | G34: 1 | H34: 0 | I34: 54,9 | J34: 22 | K34: 3019 | L34: 1200162 | M34: -1 | O34: 承安镇
A35: 1200163 | B35: 贼寇小头目 | C35: 13000 | D35: 1 | F35: 0 | G35: 1 | H35: 0 | I35: 55,6 | J35: 23 | K35: 3020 | L35: 1200163 | M35: 90 | O35: 承安镇
A36: 1200164 | B36: 贼寇 | C36: 13000 | D36: 3 | F36: 1 | G36: 1 | H36: 0 | I36: 55,6 | J36: 23 | K36: 3020 | L36: 1200164 | M36: -1 | O36: 承安镇
A37: 1200165 | B37: 贼寇 | C37: 13000 | D37: 3 | F37: 0 | G37: 1 | H37: 0 | I37: 55,6 | J37: 23 | K37: 3020 | L37: 1200165 | M37: -1 | O37: 承安镇
A38: 1200166 | B38: 贼寇头目 | C38: 13000 | D38: 1 | F38: 0 | G38: 1 | H38: 0 | I38: 46,3 | J38: 24 | K38: 3021 | L38: 1200166 | M38: 90 | O38: 承安镇
A39: 1200167 | B39: 贼寇 | C39: 13000 | D39: 3 | F39: 1 | G39: 1 | H39: 0 | I39: 46,3 | J39: 24 | K39: 3021 | L39: 1200167 | M39: -1 | O39: 承安镇
A40: 1200168 | B40: 贼寇 | C40: 13000 | D40: 3 | F40: 1 | G40: 1 | H40: 0 | I40: 46,3 | J40: 24 | K40: 3021 | L40: 1200168 | M40: -1 | O40: 承安镇
A41: 1200169 | B41: 贼寇 | C41: 13000 | D41: 3 | F41: 0 | G41: 1 | H41: 0 | I41: 46,3 | J41: 24 | K41: 3021 | L41: 1200169 | M41: -1 | O41: 承安镇
A42: 1200170 | B42: 隐世好手 | C42: 13000 | D42: 1 | F42: 0 | G42: 1 | H42: 0 | I42: 4,53 | J42: 25 | K42: 3023 | L42: 1200170 | M42: 180 | O42: 承安镇
... A58: 1200186 | B58: 贼寇 | C58: 13000 | D58: 2 | F58: 0 | G58: 1 | H58: 0 | I58: 39,11 | J58: 22 | K58: 3029 | L58: 1200186 | M58: -1 | O58: 承安镇
A59: 1200187 | B59: 老虎 | C59: 14000 | D59: 2 | E59: 1170007004 | F59: 9 | G59: 1 | H59: 0 | I59: 55,5 | J59: 34 | K59: 3030 | L59: 1200187 | M59: 90 | O59: 太和山
A60: 1200188 | B60: 野狼 | C60: 14000 | D60: 2 | E60: 1110002012 | F60: 3 | G60: 1 | H60: 0 | I60: 55,5 | J60: 30 | K60: 3030 | L60: 1200188 | M60: -1 | O60: 太和山
A61: 1200189 | B61: 野狼 | C61: 14000 | D61: 2 | E61: 1110002012 | F61: 3 | G61: 1 | H61: 0 | I61: 55,5 | J61: 30 | K61: 3030 | L61: 1200189 | M61: -1 | O61: 太和山
A62: 1200190 | B62: 剪径强人 | C62: 14000 | D62: 2 | F62: 0 | G62: 1 | H62: 0 | I62: 51,7 | J62: 31 | K62: 3031 | L62: 1200190 | M62: 90 | O62: 太和山
A63: 1200191 | B63: 剪径强人 | C63: 14000 | D63: 2 | F63: 1 | G63: 1 | H63: 0 | I63: 51,7 | J63: 31 | K63: 3031 | L63: 1200191 | M63: -1 | O63: 太和山
A64: 1200192 | B64: 剪径强人 | C64: 14000 | D64: 2 | F64: 1 | G64: 1 | H64: 0 | I64: 51,7 | J64: 31 | K64: 3031 | L64: 1200192 | M64: -1 | O64: 太和山
A65: 1200193 | B65: 无赖头儿 | C65: 14000 | D65: 1 | F65: 0 | G65: 1 | H65: 0 | I65: 17,5 | J65: 32 | K65: 3032 | L65: 1200193 | M65: 90 | O65: 太和山
A66: 1200194 | B66: 无赖 | C66: 14000 | D66: 3 | F66: 0 | G66: 1 | H66: 0 | I66: 17,5 | J66: 32 | K66: 3032 | L66: 1200194 | M66: -1 | O66: 太和山
A67: 1200195 | B67: 无赖 | C67: 14000 | D67: 3 | F67: 1 | G67: 1 | H67: 0 | I67: 17,5 | J67: 32 | K67: 3032 | L67: 1200195 | M67: -1 | O67: 太和山
A68: 1200196 | B68: 太平妖道 | C68: 14000 | D68: 1 | F68: 1 | G68: 1 | H68: 0 | I68: 6,3 | J68: 33 | K68: 3033 | L68: 1200196 | M68: 90 | N68: 9,21 | O68: 太和山
A69: 1200197 | B69: 太平妖道 | C69: 14000 | D69: 1 | F69: 0 | G69: 1 | H69: 0 | I69: 6,3 | J69: 33 | K69: 3033 | L69: 1200197 | M69: -1 | N69: 9,41 | O69: 太和山
A70: 1200198 | B70: 恶狼 | C70: 14000 | D70: 2 | E70: 1110002012 | F70: 3 | G70: 1 | H70: 0 | I70: 10,26 | J70: 30 | K70: 3034 | L70: 1200198 | M70: 90 | O70: 太和山
A71: 1200199 | B71: 太平道长 | C71: 14000 | D71: 1 | F71: 0 | G71: 1 | H71: 0 | I71: 19,54 | J71: 35 | K71: 3035 | L71: 1200199 | M71: 180 | N71: 1,11;9,41 | O71: 太和山
A72: 1200200 | B72: 通缉逃犯 | C72: 15000 | D72: 2 | F72: 0 | G72: 1 | H72: 0 | I72: 40,6 | J72: 36 | K72: 3036 | L72: 1200200 | M72: 90 | O72: 天涯海阁
A73: 1200201 | B73: 流窜倭寇 | C73: 15000 | D73: 2 | F73: 0 | G73: 1 | H73: 0 | I73: 46,36 | J73: 37 | K73: 3037 | L73: 1200201 | M73: 90 | N73: 9,23 | O73: 天涯海阁
A74: 1200202 | B74: 流窜倭寇 | C74: 15000 | D74: 2 | F74: 0 | G74: 1 | H74: 0 | I74: 46,36 | J74: 37 | K74: 3037 | L74: 1200202 | M74: -1 | N74: 9,23 | O74: 天涯海阁
A75: 1200203 | B75: 流窜倭寇 | C75: 15000 | D75: 2 | F75: 0 | G75: 1 | H75: 0 | I75: 46,36 | J75: 37 | K75: 3037 | L75: 1200203 | M75: -1 | N75: 9,23 | O75: 天涯海阁
A76: 1200204 | B76: 流窜倭寇 | C76: 15000 | D76: 2 | F76: 1 | G76: 1 | H76: 0 | I76: 46,36 | J76: 37 | K76: 3037 | L76: 1200204 | M76: -1 | N76: 9,23 | O76: 天涯海阁
A77: 1200205 | B77: 流窜倭寇 | C77: 15000 | D77: 2 | F77: 1 | G77: 1 | H77: 0 | I77: 46,36 | J77: 37 | K77: 3037 | L77: 1200205 | M77: -1 | N77: 9,23 | O77: 天涯海阁
A78: 1200206 | B78: 地痞 | C78: 15000 | D78: 2 | F78: 0 | G78: 1 | H78: 0 | I78: 21,33 | J78: 38 | K78: 3038 | L78: 1200206 | M78: 90 | O78: 天涯海阁
A79: 1200207 | B79: 地痞 | C79: 15000 | D79: 3 | F79: 0 | G79: 1 | H79: 0 | I79: 21,33 | J79: 38 | K79: 3038 | L79: 1200207 | M79: -1 | O79: 天涯海阁
A80: 1200208 | B80: 地痞 | C80: 15000 | D80: 3 | F80: 1 | G80: 1 | H80: 0 | I80: 21,33 | J80: 38 | K80: 3038 | L80: 1200208 | M80: -1 | O80: 天涯海阁
A81: 1200209 | B81: 地痞 | C81: 15000 | D81: 3 | F81: 1 | G81: 1 | H81: 0 | I81: 21,33 | J81: 38 | K81: 3038 | L81: 1200209 | M81: -1 | O81: 天涯海阁
A82: 1200210 | B82: 今川家武士 | C82: 15000 | D82: 1 | F82: 0 | G82: 1 | H82: 0 | I82: 16,34 | J82: 39 | K82: 3039 | L82: 1200210 | M82: 180 | N82: 9,39 | O82: 天涯海阁
A83: 1200211 | B83: 鬼祟武人 | C83: 15000 | D83: 2 | F83: 1 | G83: 1 | H83: 0 | I83: 3,29 | J83: 40 | K83: 3040 | L83: 1200211 | M83: 90 | O83: 天涯海阁
A84: 1200212 | B84: 鬼祟武人 | C84: 15000 | D84: 2 | F84: 1 | G84: 1 | H84: 0 | I84: 3,29 | J84: 40 | K84: 3040 | L84: 1200212 | M84: -1 | O84: 天涯海阁
A85: 1200213 | B85: 鬼祟武人 | C85: 15000 | D85: 2 | F85: 0 | G85: 1 | H85: 0 | I85: 3,29 | J85: 40 | K85: 3040 | L85: 1200213 | M85: -1 | O85: 天涯海阁
A86: 1200214 | B86: 海阁叛徒 | C86: 15000 | D86: 1 | F86: 0 | G86: 1 | H86: 0 | I86: 8,36 | J86: 41 | K86: 3041 | L86: 1200214 | M86: 180 | N86: 9,55 | O86: 天涯海阁
A87: 1200215 | B87: 飞贼 | C87: 15000 | D87: 2 | F87: 1 | G87: 1 | H87: 0 | I87: 2,41 | J87: 42 | K87: 3042 | L87: 1200215 | M87: 90 | O87: 天涯海阁
A88: 1200216 | B88: 灵隐恶僧 | C88: 16000 | D88: 1 | F88: 0 | G88: 1 | H88: 0 | I88: 58,41 | J88: 43 | K88: 3043 | L88: 1200216 | M88: 90 | N88: 1,33;2,11;9,8 | O88: 杭州城
A89: 1200217 | B89: 鬼祟偷儿 | C89: 16000 | D89: 2 | F89: 1 | G89: 1 | H89: 0 | I89: 43,53 | J89: 44 | K89: 3044 | L89: 1200217 | M89: 90 | O89: 杭州城
A90: 1200218 | B90: 游历侠客 | C90: 16000 | D90: 2 | F90: 0 | G90: 1 | H90: 0 | I90: 39,49 | J90: 45 | K90: 3045 | L90: 1200218 | M90: 180 | O90: 杭州城
A91: 1200219 | B91: 游历侠客 | C91: 16000 | D91: 2 | F91: 1 | G91: 1 | H91: 0 | I91: 39,49 | J91: 45 | K91: 3045 | L91: 1200219 | M91: -1 | O91: 杭州城
A92: 1200220 | B92: 地痞头子 | C92: 16000 | D92: 2 | F92: 0 | G92: 1 | H92: 0 | I92: 24,49 | J92: 46 | K92: 3046 | L92: 1200220 | M92: 90 | O92: 杭州城
A93: 1200221 | B93: 地痞 | C93: 16000 | D93: 2 | F93: 0 | G93: 1 | H93: 0 | I93: 24,49 | J93: 46 | K93: 3046 | L93: 1200221 | M93: -1 | O93: 杭州城
A94: 1200222 | B94: 地痞 | C94: 16000 | D94: 2 | F94: 1 | G94: 1 | H94: 0 | I94: 24,49 | J94: 46 | K94: 3046 | L94: 1200222 | M94: -1 | O94: 杭州城
A95: 1200223 | B95: 地痞 | C95: 16000 | D95: 2 | F95: 1 | G95: 1 | H95: 0 | I95: 24,49 | J95: 46 | K95: 3046 | L95: 1200223 | M95: -1 | O95: 杭州城
A96: 1200224 | B96: 退隐武师 | C96: 16000 | D96: 1 | F96: 0 | G96: 1 | H96: 0 | I96: 3,13 | J96: 47 | K96: 3047 | L96: 1200224 | M96: 90 | O96: 杭州城
A97: 1200225 | B97: 毒蛇 | C97: 17000 | D97: 2 | E97: 1170007011 | F97: 5 | G97: 1 | H97: 0 | I97: 53,13 | J97: 21 | K97: 3048 | L97: 1200225 | M97: 90 | O97: 大理
A98: 1200226 | B98: 毒蛇 | C98: 17000 | D98: 2 | E98: 1400001013 | F98: 5 | G98: 1 | H98: 0 | I98: 53,13 | J98: 21 | K98: 3048 | L98: 1200226 | M98: -1 | O98: 大理
A99: 1200227 | B99: 毒蛇 | C99: 17000 | D99: 2 | E99: 1400001013 | F99: 5 | G99: 1 | H99: 0 | I99: 53,13 | J99: 21 | K99: 3048 | L99: 1200227 | M99: -1 | O99: 大理
A100: 1200228 | B100: 落魄苗民 | C100: 17000 | D100: 2 | F100: 1 | G100: 1 | H100: 0 | I100: 28,18 | J100: 48 | K100: 3049 | L100: 1200228 | M100: 90 | O100: 大理
A101: 1200229 | B101: 落魄苗民 | C101: 17000 | D101: 2 | F101: 1 | G101: 1 | H101: 0 | I101: 28,18 | J101: 48 | K101: 3049 | L101: 1200229 | M101: -1 | O101: 大理
A102: 1200230 | B102: 落魄苗民 | C102: 17000 | D102: 2 | F102: 0 | G102: 1 | H102: 0 | I102: 28,18 | J102: 48 | K102: 3049 | L102: 1200230 | M102: -1 | O102: 大理
A103: 1200231 | B103: 流亡汉民 | C103: 17000 | D103: 2 | F103: 0 | G103: 1 | H103: 0 | I103: 18,11 | J103: 49 | K103: 3050 | L103: 1200231 | M103: 90 | O103: 大理
A104: 1200232 | B104: 流亡汉民 | C104: 17000 | D104: 2 | F104: 0 | G104: 1 | H104: 0 | I104: 18,11 | J104: 49 | K104: 3050 | L104: 1200232 | M104: -1 | O104: 大理
A105: 1200233 | B105: 流亡汉民 | C105: 17000 | D105: 2 | F105: 1 | G105: 1 | H105: 0 | I105: 18,11 | J105: 49 | K105: 3050 | L105: 1200233 | M105: -1 | O105: 大理
A106: 1200234 | B106: 贼寇 | C106: 17000 | D106: 2 | F106: 1 | G106: 1 | H106: 0 | I106: 6,23 | J106: 22 | K106: 3051 | L106: 1200234 | M106: 90 | O106: 大理
A107: 1200235 | B107: 贼寇 | C107: 17000 | D107: 2 | F107: 0 | G107: 1 | H107: 0 | I107: 6,23 | J107: 22 | K107: 3051 | L107: 1200235 | M107: -1 | O107: 大理
A108: 1200236 | B108: 贼寇 | C108: 17000 | D108: 3 | F108: 0 | G108: 1 | H108: 0 | I108: 6,23 | J108: 22 | K108: 3051 | L108: 1200236 | M108: -1 | O108: 大理
A109: 1200237 | B109: 贼寇 | C109: 17000 | D109: 3 | F109: 1 | G109: 1 | H109: 0 | I109: 6,23 | J109: 22 | K109: 3051 | L109: 1200237 | M109: -1 | O109: 大理
A110: 1200238 | B110: 五圣好手 | C110: 17000 | D110: 1 | F110: 1 | G110: 1 | H110: 0 | I110: 41,47 | J110: 50 | K110: 3052 | L110: 1200238 | M110: 90 | N110: 9,30 | O110: 大理
A111: 1200239 | B111: 恶狼 | C111: 17000 | D111: 2 | E111: 1110002012 | F111: 3 | G111: 1 | H111: 0 | I111: 22,48 | J111: 51 | K111: 3053 | L111: 1200239 | M111: 90 | O111: 大理
A112: 1200240 | B112: 贼寇头目 | C112: 17000 | D112: 1 | F112: 0 | G112: 1 | H112: 0 | I112: 38,11 | J112: 24 | K112: 3054 | L112: 1200240 | M112: 90 | N112: 1,44;2,26;9,51;10,6 | O112: 大理
A113: 1200241 | B113: 贼寇 | C113: 17000 | D113: 3 | F113: 0 | G113: 1 | H113: 0 | I113: 38,11 | J113: 24 | K113: 3054 | L113: 1200241 | M113: -1 | O113: 大理
A114: 1200242 | B114: 贼寇 | C114: 17000 | D114: 3 | F114: 0 | G114: 1 | H114: 0 | I114: 38,11 | J114: 24 | K114: 3054 | L114: 1200242 | M114: -1 | O114: 大理
A115: 1200243 | B115: 贼寇 | C115: 17000 | D115: 3 | F115: 1 | G115: 1 | H115: 0 | I115: 38,11 | J115: 24 | K115: 3054 | L115: 1200243 | M115: -1 | O115: 大理
...

Sheet Refresh2
A1: 野怪ID | B1: 野怪称号 | C1: 野怪归属地 | D1: 野怪级别 | E1: 野怪图片 | F1: 野怪物种 | G1: 序号 | H1: 存在游戏模式中 | I1: 刷新坐标 | J1: 对话库Id | K1: 战斗组ID | L1: monster | M1: 刷新时间（秒） | N1: 自定义形象
A2: id | B2: name | C2: map | D2: lv | E2: icon | F2: species | G2: number | H2: gameMode | I2: pos | J2: talkId | K2: monsterTeamId | L2: monsterId | M2: time | N2: Style
A3: 1010101 | B3: Black Wind Bandit Leader | C3: 12000 | D3: 1 | F3: 0 | G3: 1 | H3: 0 | I3: 34,33;33,34 | J3: 1 | K3: 3001 | L3: 1010101 | M3: 450
A4: 1010102 | B4: Fallen Bandit Chief | C4: 12000 | D4: 1 | F4: 0 | G4: 2 | H4: 0 | I4: 17,33;18,32 | J4: 2 | K4: 3002 | L4: 1010102 | M4: 450
A5: 1020101 | B5: Elite Rogue Bandit | C5: 12000 | D5: 2 | F5: 1 | G5: 1 | H5: 0 | I5: 36,14 | J5: 3 | K5: 3003 | L5: 1020101 | M5: 180
A6: 1020201 | B6: Maneating Wild Wolf | C6: 12000 | D6: 2 | E6: 1110002012 | F6: 3 | G6: 1 | H6: 0 | I6: 9,27;12,27;8,26 | J6: 4 | K6: 3004 | L6: 1020201 | M6: 180
A7: 1030103 | B7: Escaped Bandit | C7: 12000 | D7: 3 | F7: 1 | G7: 3 | H7: 0 | I7: 32,13;31,12 | J7: 9 | K7: 3007 | L7: 1030103 | M7: 90
A8: 1030107 | B8: Village Outskirt Marauders | C8: 12000 | D8: 3 | F8: 1 | G8: 3 | H8: 0 | I8: 6,31;5,33 | J8: 10 | K8: 3008 | L8: 1030107 | M8: 90
A9: 1030108 | B9: Qingping Street Thug | C9: 12000 | D9: 3 | F9: 0 | G9: 8 | H9: 0 | I9: 4,20 | J9: 14 | K9: 3011 | L9: 1030108 | M9: 90
A10: 1030109 | B10: Villain of Evil Ways | C10: 12000 | D10: 3 | F10: 0 | G10: 9 | H10: 0 | I10: 24,28 | J10: 15 | K10: 3012 | L10: 1030109 | M10: 90
A11: 1030201 | B11: Trained Ambush Wolf | C11: 12000 | D11: 3 | E11: 1110002012 | F11: 3 | G11: 1 | H11: 0 | I11: 25,25;25,26 | J11: 16 | K11: 3013 | L11: 1030201 | M11: 90
A12: 1200140 | B12: Strongman Challenge | C12: 12000 | D12: 1 | F12: 1 | G12: 1 | H12: 0 | I12: 40,18 | J12: 17 | K12: 3014 | L12: 1200140 | M12: -1
A13: 1200141 | B13: Strongman Challenge | C13: 12000 | D13: 1 | F13: 0 | G13: 1 | H13: 0 | I13: 38,10 | J13: 17 | K13: 3014 | L13: 1200141 | M13: -1
A14: 1200142 | B14: Strongman Challenge | C14: 12000 | D14: 1 | F14: 0 | G14: 1 | H14: 0 | I14: 38,10 | J14: 17 | K14: 3014 | L14: 1200142 | M14: -1
A15: 1200143 | B15: Strongman Challenge | C15: 12000 | D15: 1 | F15: 1 | G15: 1 | H15: 0 | I15: 38,10 | J15: 17 | K15: 3014 | L15: 1200143 | M15: -1
A16: 1200144 | B16: Strongman Challenge | C16: 12000 | D16: 1 | F16: 0 | G16: 1 | H16: 0 | I16: 38,10 | J16: 17 | K16: 3014 | L16: 1200144 | M16: -1
A17: 1200145 | B17: Mountain Bandit Leader | C17: 13000 | D17: 1 | F17: 0 | G17: 1 | H17: 0 | I17: 54,54 | J17: 18 | K17: 3015 | L17: 1200145 | M17: 90 | O17: 承安镇
A18: 1200146 | B18: Mountain Bandit Underling | C18: 13000 | D18: 3 | F18: 1 | G18: 1 | H18: 0 | I18: 54,54 | J18: 18 | K18: 3015 | L18: 1200146 | M18: -1 | O18: 承安镇
A19: 1200147 | B19: Mountain Bandit Underling | C19: 13000 | D19: 3 | F19: 0 | G19: 1 | H19: 0 | I19: 54,54 | J19: 18 | K19: 3015 | L19: 1200147 | M19: -1 | O19: 承安镇
A20: 1200148 | B20: Mountain Bandit Underling | C20: 13000 | D20: 3 | F20: 1 | G20: 1 | H20: 0 | I20: 54,54 | J20: 18 | K20: 3015 | L20: 1200148 | M20: -1 | O20: 承安镇
A21: 1200149 | B21: Wilderness Wolf Pack | C21: 13000 | D21: 1 | E21: 1110002012 | F21: 3 | G21: 1 | H21: 0 | I21: 57,52 | J21: 19 | K21: 3016 | L21: 1200149 | M21: 90 | O21: 承安镇
A22: 1200150 | B22: Coyote | C22: 13000 | D22: 2 | E22: 1110002012 | F22: 3 | G22: 1 | H22: 0 | I22: 57,52 | J22: 19 | K22: 3016 | L22: 1200150 | M22: -1 | O22: 承安镇
A23: 1200151 | B23: Coyote | C23: 13000 | D23: 2 | E23: 1110002012 | F23: 3 | G23: 1 | H23: 0 | I23: 57,52 | J23: 19 | K23: 3016 | L23: 1200151 | M23: -1 | O23: 承安镇
A24: 1200152 | B24: Exiled Villain | C24: 13000 | D24: 2 | F24: 1 | G24: 1 | H24: 0 | I24: 55,47 | J24: 20 | K24: 3017 | L24: 1200152 | M24: 90 | O24: 承安镇
A25: 1200153 | B25: Exiled Villain | C25: 13000 | D25: 3 | F25: 0 | G25: 1 | H25: 0 | I25: 55,47 | J25: 20 | K25: 3017 | L25: 1200153 | M25: -1 | O25: 承安镇
A26: 1200154 | B26: Exiled Villain | C26: 13000 | D26: 3 | F26: 0 | G26: 1 | H26: 0 | I26: 55,47 | J26: 20 | K26: 3017 | L26: 1200154 | M26: -1 | O26: 承安镇
A27: 1200155 | B27: Poisonous Snake | C27: 13000 | D27: 2 | E27: 1170007011 | F27: 5 | G27: 1 | H27: 0 | I27: 56,41 | J27: 21 | K27: 3018 | L27: 1200155 | M27: 90 | O27: 承安镇
A28: 1200156 | B28: Poisonous Snake | C28: 13000 | D28: 2 | E28: 1400001013 | F28: 5 | G28: 1 | H28: 0 | I28: 56,41 | J28: 21 | K28: 3018 | L28: 1200156 | M28: -1 | O28: 承安镇
A29: 1200157 | B29: Poisonous Snake | C29: 13000 | D29: 2 | E29: 1400001013 | F29: 5 | G29: 1 | H29: 0 | I29: 56,41 | J29: 21 | K29: 3018 | L29: 1200157 | M29: -1 | O29: 承安镇
A30: 1200158 | B30: Poisonous Snake | C30: 13000 | D30: 2 | E30: 1400001013 | F30: 5 | G30: 1 | H30: 0 | I30: 56,41 | J30: 21 | K30: 3018 | L30: 1200158 | M30: -1 | O30: 承安镇
A31: 1200159 | B31: Bandit | C31: 13000 | D31: 2 | F31: 0 | G31: 1 | H31: 0 | I31: 54,9 | J31: 22 | K31: 3019 | L31: 1200159 | M31: 90 | O31: 承安镇
A32: 1200160 | B32: Bandit | C32: 13000 | D32: 2 | F32: 0 | G32: 1 | H32: 0 | I32: 54,9 | J32: 22 | K32: 3019 | L32: 1200160 | M32: -1 | O32: 承安镇
A33: 1200161 | B33: Bandit | C33: 13000 | D33: 2 | F33: 1 | G33: 1 | H33: 0 | I33: 54,9 | J33: 22 | K33: 3019 | L33: 1200161 | M33: -1 | O33: 承安镇
A34: 1200162 | B34: Bandit Minor Leader | C34: 13000 | D34: 2 | F34: 1 | G34: 1 | H34: 0 | I34: 54,9 | J34: 22 | K34: 3019 | L34: 1200162 | M34: -1 | O34: 承安镇
A35: 1200163 | B35: Bandit | C35: 13000 | D35: 1 | F35: 0 | G35: 1 | H35: 0 | I35: 55,6 | J35: 23 | K35: 3020 | L35: 1200163 | M35: 90 | O35: 承安镇
A36: 1200164 | B36: Bandit | C36: 13000 | D36: 3 | F36: 1 | G36: 1 | H36: 0 | I36: 55,6 | J36: 23 | K36: 3020 | L36: 1200164 | M36: -1 | O36: 承安镇
A37: 1200165 | B37: Bandit Leader | C37: 13000 | D37: 3 | F37: 0 | G37: 1 | H37: 0 | I37: 55,6 | J37: 23 | K37: 3020 | L37: 1200165 | M37: -1 | O37: 承安镇
A38: 1200166 | B38: Bandit | C38: 13000 | D38: 1 | F38: 0 | G38: 1 | H38: 0 | I38: 46,3 | J38: 24 | K38: 3021 | L38: 1200166 | M38: 90 | O38: 承安镇
A39: 1200167 | B39: Bandit | C39: 13000 | D39: 3 | F39: 1 | G39: 1 | H39: 0 | I39: 46,3 | J39: 24 | K39: 3021 | L39: 1200167 | M39: -1 | O39: 承安镇
A40: 1200168 | B40: Reclusive Expert | C40: 13000 | D40: 3 | F40: 1 | G40: 1 | H40: 0 | I40: 46,3 | J40: 24 | K40: 3021 | L40: 1200168 | M40: -1 | O40: 承安镇
A41: 1200169 | B41: Black Market Expert | C41: 13000 | D41: 3 | F41: 0 | G41: 1 | H41: 0 | I41: 46,3 | J41: 24 | K41: 3021 | L41: 1200169 | M41: -1 | O41: 承安镇
A42: 1200170 | B42: Slum Thug | C42: 13000 | D42: 1 | F42: 0 | G42: 1 | H42: 0 | I42: 4,53 | J42: 25 | K42: 3023 | L42: 1200170 | M42: 180 | O42: 承安镇
... A58: 1200186 | B58: Wild Wolf | C58: 13000 | D58: 2 | F58: 0 | G58: 1 | H58: 0 | I58: 39,11 | J58: 22 | K58: 3029 | L58: 1200186 | M58: -1 | O58: 承安镇
A59: 1200187 | B59: Wild Wolf | C59: 14000 | D59: 2 | E59: 1170007004 | F59: 9 | G59: 1 | H59: 0 | I59: 55,5 | J59: 34 | K59: 3030 | L59: 1200187 | M59: 90 | O59: 太和山
A60: 1200188 | B60: Highway Robber | C60: 14000 | D60: 2 | E60: 1110002012 | F60: 3 | G60: 1 | H60: 0 | I60: 55,5 | J60: 30 | K60: 3030 | L60: 1200188 | M60: -1 | O60: 太和山
A61: 1200189 | B61: Highway Robber | C61: 14000 | D61: 2 | E61: 1110002012 | F61: 3 | G61: 1 | H61: 0 | I61: 55,5 | J61: 30 | K61: 3030 | L61: 1200189 | M61: -1 | O61: 太和山
A62: 1200190 | B62: Highway Robber | C62: 14000 | D62: 2 | F62: 0 | G62: 1 | H62: 0 | I62: 51,7 | J62: 31 | K62: 3031 | L62: 1200190 | M62: 90 | O62: 太和山
A63: 1200191 | B63: Rogue Leader | C63: 14000 | D63: 2 | F63: 1 | G63: 1 | H63: 0 | I63: 51,7 | J63: 31 | K63: 3031 | L63: 1200191 | M63: -1 | O63: 太和山
A64: 1200192 | B64: Rogue | C64: 14000 | D64: 2 | F64: 1 | G64: 1 | H64: 0 | I64: 51,7 | J64: 31 | K64: 3031 | L64: 1200192 | M64: -1 | O64: 太和山
A65: 1200193 | B65: Rogue | C65: 14000 | D65: 1 | F65: 0 | G65: 1 | H65: 0 | I65: 17,5 | J65: 32 | K65: 3032 | L65: 1200193 | M65: 90 | O65: 太和山
A66: 1200194 | B66: Rogue | C66: 14000 | D66: 3 | F66: 0 | G66: 1 | H66: 0 | I66: 17,5 | J66: 32 | K66: 3032 | L66: 1200194 | M66: -1 | O66: 太和山
A67: 1200195 | B67: Rogue | C67: 14000 | D67: 3 | F67: 1 | G67: 1 | H67: 0 | I67: 17,5 | J67: 32 | K67: 3032 | L67: 1200195 | M67: -1 | O67: 太和山
A68: 1200196 | B68: Taiping Cult Sorcerer | C68: 14000 | D68: 1 | F68: 1 | G68: 1 | H68: 0 | I68: 6,3 | J68: 33 | K68: 3033 | L68: 1200196 | M68: 90 | N68: 9,21 | O68: 太和山
A69: 1200197 | B69: Taiping Cult Sorcerer | C69: 14000 | D69: 1 | F69: 0 | G69: 1 | H69: 0 | I69: 6,3 | J69: 33 | K69: 3033 | L69: 1200197 | M69: -1 | N69: 9,41 | O69: 太和山
A70: 1200198 | B70: Vicious Wolf | C70: 14000 | D70: 2 | E70: 1110002012 | F70: 3 | G70: 1 | H70: 0 | I70: 10,26 | J70: 30 | K70: 3034 | L70: 1200198 | M70: 90 | O70: 太和山
A71: 1200199 | B71: Taiping Cult Master | C71: 14000 | D71: 1 | F71: 0 | G71: 1 | H71: 0 | I71: 19,54 | J71: 35 | K71: 3035 | L71: 1200199 | M71: 180 | N71: 1,11;9,41 | O71: 太和山
A72: 1200200 | B72: Wanted Fugitive | C72: 15000 | D72: 2 | F72: 0 | G72: 1 | H72: 0 | I72: 40,6 | J72: 36 | K72: 3036 | L72: 1200200 | M72: 90 | O72: 天涯海阁
A73: 1200201 | B73: Roving Wokou Pirates | C73: 15000 | D73: 2 | F73: 0 | G73: 1 | H73: 0 | I73: 46,36 | J73: 37 | K73: 3037 | L73: 1200201 | M73: 90 | N73: 9,23 | O73: 天涯海阁
A74: 1200202 | B74: Roving Wokou Pirates | C74: 15000 | D74: 2 | F74: 0 | G74: 1 | H74: 0 | I74: 46,36 | J74: 37 | K74: 3037 | L74: 1200202 | M74: -1 | N74: 9,23 | O74: 天涯海阁
A75: 1200203 | B75: Roving Wokou Pirates | C75: 15000 | D75: 2 | F75: 0 | G75: 1 | H75: 0 | I75: 46,36 | J75: 37 | K75: 3037 | L75: 1200203 | M75: -1 | N75: 9,23 | O75: 天涯海阁
A76: 1200204 | B76: Roving Wokou Pirates | C76: 15000 | D76: 2 | F76: 1 | G76: 1 | H76: 0 | I76: 46,36 | J76: 37 | K76: 3037 | L76: 1200204 | M76: -1 | N76: 9,23 | O76: 天涯海阁
A77: 1200205 | B77: Roving Wokou Pirates | C77: 15000 | D77: 2 | F77: 1 | G77: 1 | H77: 0 | I77: 46,36 | J77: 37 | K77: 3037 | L77: 1200205 | M77: -1 | N77: 9,23 | O77: 天涯海阁
A78: 1200206 | B78: Thug | C78: 15000 | D78: 2 | F78: 0 | G78: 1 | H78: 0 | I78: 21,33 | J78: 38 | K78: 3038 | L78: 1200206 | M78: 90 | O78: 天涯海阁
A79: 1200207 | B79: Thug | C79: 15000 | D79: 3 | F79: 0 | G79: 1 | H79: 0 | I79: 21,33 | J79: 38 | K79: 3038 | L79: 1200207 | M79: -1 | O79: 天涯海阁
A80: 1200208 | B80: Thug | C80: 15000 | D80: 3 | F80: 1 | G80: 1 | H80: 0 | I80: 21,33 | J80: 38 | K80: 3038 | L80: 1200208 | M80: -1 | O80: 天涯海阁
A81: 1200209 | B81: Thug | C81: 15000 | D81: 3 | F81: 1 | G81: 1 | H81: 0 | I81: 21,33 | J81: 38 | K81: 3038 | L81: 1200209 | M81: -1 | O81: 天涯海阁
A82: 1200210 | B82: Imagawa Clan Samurai | C82: 15000 | D82: 1 | F82: 0 | G82: 1 | H82: 0 | I82: 16,34 | J82: 39 | K82: 3039 | L82: 1200210 | M82: 180 | N82: 9,39 | O82: 天涯海阁
A83: 1200211 | B83: Sneaky Martial Artist | C83: 15000 | D83: 2 | F83: 1 | G83: 1 | H83: 0 | I83: 3,29 | J83: 40 | K83: 3040 | L83: 1200211 | M83: 90 | O83: 天涯海阁
A84: 1200212 | B84: Sneaky Martial Artist | C84: 15000 | D84: 2 | F84: 1 | G84: 1 | H84: 0 | I84: 3,29 | J84: 40 | K84: 3040 | L84: 1200212 | M84: -1 | O84: 天涯海阁
A85: 1200213 | B85: Sneaky Martial Artist | C85: 15000 | D85: 2 | F85: 0 | G85: 1 | H85: 0 | I85: 3,29 | J85: 40 | K85: 3040 | L85: 1200213 | M85: -1 | O85: 天涯海阁
A86: 1200214 | B86: Sea Pavilion Renegade | C86: 15000 | D86: 1 | F86: 0 | G86: 1 | H86: 0 | I86: 8,36 | J86: 41 | K86: 3041 | L86: 1200214 | M86: 180 | N86: 9,55 | O86: 天涯海阁
A87: 1200215 | B87: Cat Burglar | C87: 15000 | D87: 2 | F87: 1 | G87: 1 | H87: 0 | I87: 2,41 | J87: 42 | K87: 3042 | L87: 1200215 | M87: 90 | O87: 天涯海阁
A88: 1200216 | B88: Lingyin Evil Monk | C88: 16000 | D88: 1 | F88: 0 | G88: 1 | H88: 0 | I88: 58,41 | J88: 43 | K88: 3043 | L88: 1200216 | M88: 90 | N88: 1,33;2,11;9,8 | O88: 杭州城
A89: 1200217 | B89: Furtive Thief | C89: 16000 | D89: 2 | F89: 1 | G89: 1 | H89: 0 | I89: 43,53 | J89: 44 | K89: 3044 | L89: 1200217 | M89: 90 | O89: 杭州城
A90: 1200218 | B90: Wandering Swordsman | C90: 16000 | D90: 2 | F90: 0 | G90: 1 | H90: 0 | I90: 39,49 | J90: 45 | K90: 3045 | L90: 1200218 | M90: 180 | O90: 杭州城
A91: 1200219 | B91: Wandering Swordsman | C91: 16000 | D91: 2 | F91: 1 | G91: 1 | H91: 0 | I91: 39,49 | J91: 45 | K91: 3045 | L91: 1200219 | M91: -1 | O91: 杭州城
A92: 1200220 | B92: Gang Leader | C92: 16000 | D92: 2 | F92: 0 | G92: 1 | H92: 0 | I92: 24,49 | J92: 46 | K92: 3046 | L92: 1200220 | M92: 90 | O92: 杭州城
A93: 1200221 | B93: Gangster | C93: 16000 | D93: 2 | F93: 0 | G93: 1 | H93: 0 | I93: 24,49 | J93: 46 | K93: 3046 | L93: 1200221 | M93: -1 | O93: 杭州城
A94: 1200222 | B94: Gangster | C94: 16000 | D94: 2 | F94: 1 | G94: 1 | H94: 0 | I94: 24,49 | J94: 46 | K94: 3046 | L94: 1200222 | M94: -1 | O94: 杭州城
A95: 1200223 | B95: Gangster | C95: 16000 | D95: 2 | F95: 1 | G95: 1 | H95: 0 | I95: 24,49 | J95: 46 | K95: 3046 | L95: 1200223 | M95: -1 | O95: 杭州城
A96: 1200224 | B96: Retired Martial Arts Master | C96: 16000 | D96: 1 | F96: 0 | G96: 1 | H96: 0 | I96: 3,13 | J96: 47 | K96: 3047 | L96: 1200224 | M96: 90 | O96: 杭州城
A97: 1200225 | B97: Poisonous Snake | C97: 17000 | D97: 2 | E97: 1170007011 | F97: 5 | G97: 1 | H97: 0 | I97: 53,13 | J97: 21 | K97: 3048 | L97: 1200225 | M97: 90 | O97: 大理
A98: 1200226 | B98: Poisonous Snake | C98: 17000 | D98: 2 | E98: 1400001013 | F98: 5 | G98: 1 | H98: 0 | I98: 53,13 | J98: 21 | K98: 3048 | L98: 1200226 | M98: -1 | O98: 大理
A99: 1200227 | B99: Poisonous Snake | C99: 17000 | D99: 2 | E99: 1400001013 | F99: 5 | G99: 1 | H99: 0 | I99: 53,13 | J99: 21 | K99: 3048 | L99: 1200227 | M99: -1 | O99: 大理
A100: 1200228 | B100: Down-and-out Miao Tribesman | C100: 17000 | D100: 2 | F100: 1 | G100: 1 | H100: 0 | I100: 28,18 | J100: 48 | K100: 3049 | L100: 1200228 | M100: 90 | O100: 大理
A101: 1200229 | B101: Down-and-out Miao Tribesman | C101: 17000 | D101: 2 | F101: 1 | G101: 1 | H101: 0 | I101: 28,18 | J101: 48 | K101: 3049 | L101: 1200229 | M101: -1 | O101: 大理
A102: 1200230 | B102: Down-and-out Miao Tribesman | C102: 17000 | D102: 2 | F102: 0 | G102: 1 | H102: 0 | I102: 28,18 | J102: 48 | K102: 3049 | L102: 1200230 | M102: -1 | O102: 大理
A103: 1200231 | B103: Exiled Han Settler | C103: 17000 | D103: 2 | F103: 0 | G103: 1 | H103: 0 | I103: 18,11 | J103: 49 | K103: 3050 | L103: 1200231 | M103: 90 | O103: 大理
A104: 1200232 | B104: Exiled Han Settler | C104: 17000 | D104: 2 | F104: 0 | G104: 1 | H104: 0 | I104: 18,11 | J104: 49 | K104: 3050 | L104: 1200232 | M104: -1 | O104: 大理
A105: 1200233 | B105: Exiled Han Settler | C105: 17000 | D105: 2 | F105: 1 | G105: 1 | H105: 0 | I105: 18,11 | J105: 49 | K105: 3050 | L105: 1200233 | M105: -1 | O105: 大理
A106: 1200234 | B106: Bandit | C106: 17000 | D106: 2 | F106: 1 | G106: 1 | H106: 0 | I106: 6,23 | J106: 22 | K106: 3051 | L106: 1200234 | M106: 90 | O106: 大理
A107: 1200235 | B107: Bandit | C107: 17000 | D107: 2 | F107: 0 | G107: 1 | H107: 0 | I107: 6,23 | J107: 22 | K107: 3051 | L107: 1200235 | M107: -1 | O107: 大理
A108: 1200236 | B108: Bandit | C108: 17000 | D108: 3 | F108: 0 | G108: 1 | H108: 0 | I108: 6,23 | J108: 22 | K108: 3051 | L108: 1200236 | M108: -1 | O108: 大理
A109: 1200237 | B109: Bandit | C109: 17000 | D109: 3 | F109: 1 | G109: 1 | H109: 0 | I109: 6,23 | J109: 22 | K109: 3051 | L109: 1200237 | M109: -1 | O109: 大理
A110: 1200238 | B110: Five Sacred Experts | C110: 17000 | D110: 1 | F110: 1 | G110: 1 | H110: 0 | I110: 41,47 | J110: 50 | K110: 3052 | L110: 1200238 | M110: 90 | N110: 9,30 | O110: 大理
A111: 1200239 | B111: Vicious Wolf | C111: 17000 | D111: 2 | E111: 1110002012 | F111: 3 | G111: 1 | H111: 0 | I111: 22,48 | J111: 51 | K111: 3053 | L111: 1200239 | M111: 90 | O111: 大理
A112: 1200240 | B112: Bandit Leader | C112: 17000 | D112: 1 | F112: 0 | G112: 1 | H112: 0 | I112: 38,11 | J112: 24 | K112: 3054 | L112: 1200240 | M112: 90 | N112: 1,44;2,26;9,51;10,6 | O112: 大理
A113: 1200241 | B113: Bandit | C113: 17000 | D113: 3 | F113: 0 | G113: 1 | H113: 0 | I113: 38,11 | J113: 24 | K113: 3054 | L113: 1200241 | M113: -1 | O113: 大理
A114: 1200242 | B114: Bandit | C114: 17000 | D114: 3 | F114: 0 | G114: 1 | H114: 0 | I114: 38,11 | J114: 24 | K114: 3054 | L114: 1200242 | M114: -1 | O114: 大理
A115: 1200243 | B115: Bandit | C115: 17000 | D115: 3 | F115: 1 | G115: 1 | H115: 0 | I115: 38,11 | J115: 24 | K115: 3054 | L115: 1200243 | M115: -1 | O115: 大理
...

Sheet RefreshTalk
A1: 对话库ID | B1: 对话内容
A2: id | B2: des
A3: 1 | B3: 流落至此，这般初出茅庐的江湖人都敢轻视我等……今日便让你有命难回！
A4: 2 | B4: ……莫怪我心狠，当真是生计艰难，此处僻静，待料理了你后，倒是个好埋骨处！
A5: 3 | B5: 头目有吩咐，过往之人，财命两夺！
A6: 4 | B6: 野狼嘴边涎水直溢，一双竖目狠狠的盯着你……
A7: 5 | B7: 人财皆掠，为我等重出江湖之资！死于此处，便怪你命数不好，时运不济罢！
A8: 6 | B8: 头目有吩咐，过往之人，财命两夺！
A9: 7 | B9: 这位过路人……可否把身上的银钱，借与在下呢？
A10: 8 | B10: 银财布帛，零碎细软，都拿出来！老子奔忙得紧，敢说半个不字，说不得要灭你的口！
A11: 9 | B11: 你……你可是认得我！既然你已见了我的面目，便留你不得！
A12: 10 | B12: 呦呵，还有人敢迈到这个地界……既是主动送上门来，后情如何，你当知晓！
A13: 11 | B13: 船贼船贼，失了船，还做什么贼……嗯？倒是有人主动上门，也好，宰了你，拿你些银钱盘缠，做个买卖去！
A14: 12 | B14: 我等在此处等待头目回来，想不到还能遇到送上门的肥羊，这等好事，岂能错过！
... A110: 108 | B110: 以血喂刀，杀……杀……

Sheet RefreshTalk2
A1: 对话库ID | B1: 对话内容
A2: id | B2: des
A3: 1 | B3: Stranded here, even greenhorns dare to look down on us... Today you won't leave alive!
A4: 2 | B4: ...Don't blame my cruelty, times are truly hard. This quiet spot will make a good burial ground after dealing with you!
A5: 3 | B5: The boss's orders - rob all passersby of both wealth and life!
A6: 4 | B6: The wild wolf drools greedily, its vertical pupils glaring fiercely at you...
A7: 5 | B7: We'll take both your possessions and life as capital for our return to the underworld! If you die here, blame your ill fate and bad luck!
A8: 6 | B8: The boss's orders - rob all passersby of both wealth and life!
A9: 7 | B9: Traveler... might you lend me the silver you carry?
A10: 8 | B10: Hand over all valuables - money, cloth, trinkets! I'm in a hurry. Say no and I'll silence you forever!
A11: 9 | B11: You... you recognize me! Since you've seen my face, I can't let you live!
A12: 10 | B12: Oh ho! Someone dares enter this territory... Since you came willingly, you know what comes next!
A13: 11 | B13: Boat thieves without boats... Hmm? A volunteer! Fine, I'll kill you and take your money to start a business!
A14: 12 | B14: Waiting here for our boss, we get this fat sheep delivered to us! Such luck can't be missed!
... A110: 108 | B110: Blood feeds the blade, kill... kill...

Sheet Sheet2
A1: 地痞头目 | B1: 瞧甚么？快滚！
A2: 城中恶霸 | B2: 这洛阳城中，可没有爷爷我不敢惹的人！
A3: 无赖头目 | B3: 城中商贩，敢有不交“平安钱”的，老子让他生意做不成！
A4: 白马恶僧 | B4: 还要数死人的闭口禅修得最好，纵使见了菩萨，想来也开不得口。
A5: 村中恶汉 | B5: 这村里谁敢不服，老子便让他去找阎王爷说理！
A6: 江洋大盗 | B6: 听闻洛阳城里多的是乐善好施之人，老子既过此地，便要让他们施舍个倾家荡产！
A7: 盗贼头目 | B7: 听闻西域人开高价收石窟佛头，也不知这些个破烂石头，究竟有甚独到之处。
A8: 盗墓贼 | B8: 此间之物，只需运出几件，那便是半生无忧了！
A9: 白马武僧 | B9: 若未向本寺买过诵经券，这诸天万佛，可不认你的香火！
A10: 东瀛密探 | B10: 这中原皇城当真是黄金遍地，哼，迟早有一日……
A11: 落魄杀手 | B11: 如今黑市闭市，我这一群兄弟，又该到何处讨份生计……
A12: 凶恶赌徒 | B12: 你！来借爷爷几两银子花花！
... A22: 精锐武士 | B22: 哼，三韩人都是软骨头，杀起来都嫌无趣。
A23: 狼群口角流涎，眼冒绿光，向你缓缓逼近。
A24: 关外悍匪 | B24: 老子当年在中原，干的可是诛九族的买卖……
A25: 狼群口角流涎，眼冒绿光，向你缓缓逼近。
A26: 失心刀奴 | B26: 杀……杀……
A27: 嗜血刀奴 | B27: 杀……杀人取血，以血喂刀！
A28: 入魔弟子 | B28: 以血喂刀，杀……杀……

Sheet Sheet1
A1: 1502862 | B1: 地痞头目 | C1: 1502862
A2: 1502863 | B2: 地痞 | C2: 1502863
A3: 1502864 | B3: 地痞 | C3: 1502864
A4: 1502865 | B4: 地痞 | C4: 1502865
A5: 1502866 | B5: 地痞 | C5: 1502866
A6: 1502867 | B6: 地痞 | C6: 1502867
A7: 1502868 | B7: 地痞 | C7: 1502868
A8: 1502869 | B8: 城中恶霸 | C8: 1502869
A9: 1502870 | B9: 地痞 | C9: 1502870
A10: 1502871 | B10: 地痞 | C10: 1502871
A11: 1502872 | B11: 地痞 | C11: 1502872
A12: 1502873 | B12: 地痞 | C12: 1502873
... A560: 1503795.4 | B560: 中年男子 | C560: 1503795.4
