Workbook

Sheet 掉落基础配置
A1: ID | B1: 掉落ID | C1: 品质 | D1: 概率下限 | E1: 概率上限 | F1: 概率最大上限 | G1: 道具ID | H1: 道具名称 | J1: 类别 | K1: 掉落数量
A2: id | B2: dropid | C2: level | D2: probabilitymin | E2: probabilitymax | F2: upperlimitmax | G2: itemid | H2: name | J2: type | K2: num
A3: 1 | B3: 10001 | C3: 2 | D3: 0 | E3: 52 | G3: 102000 | H3: 枯木枝 | J3: 武器 | K3: 1 | O3: =(E3-D3)/$E$27 -> 0.046931408 | P3: 10001
A4: 2 | B4: 10001 | C4: 2 | D4: =E3 -> 52 | E4: =D4+$E$3 -> 104 | G4: 101001 | H4: 粗布缠手 | J4: 武器 | K4: 1 | O4: =(E4-D4)/$E$27 -> 0.046931408 | P4: 10001
A5: 3 | B5: 10001 | C5: 2 | D5: =E4 -> 104 | E5: =D5+$E$3 -> 156 | G5: 102001 | H5: 硬木剑 | J5: 武器 | K5: 1 | O5: =(E5-D5)/$E$27 -> 0.046931408 | P5: 10001
A6: 4 | B6: 10001 | C6: 2 | D6: =E5 -> 156 | E6: =D6+$E$3 -> 208 | G6: 102101 | H6: 粗钢刀 | J6: 武器 | K6: 1 | O6: =(E6-D6)/$E$27 -> 0.046931408 | P6: 10001
A7: 5 | B7: 10001 | C7: 2 | D7: =E6 -> 208 | E7: =D7+$E$3 -> 260 | G7: 104001 | H7: 白蜡杆 | J7: 武器 | K7: 1 | O7: =(E7-D7)/$E$27 -> 0.046931408 | P7: 10001
A8: 6 | B8: 10001 | C8: 2 | D8: =E7 -> 260 | E8: =D8+$E$3 -> 312 | G8: 104101 | H8: 红缨铁枪 | J8: 武器 | K8: 1 | O8: =(E8-D8)/$E$27 -> 0.046931408 | P8: 10001
A9: 7 | B9: 10001 | C9: 2 | D9: =E8 -> 312 | E9: =D9+$E$3 -> 364 | G9: 105001 | H9: 钿铁扇 | J9: 武器 | K9: 1 | O9: =(E9-D9)/$E$27 -> 0.046931408 | P9: 10001
A10: 8 | B10: 10001 | C10: 2 | D10: =E9 -> 364 | E10: =D10+$E$3 -> 416 | G10: 103001 | H10: 斩马刀 | J10: 武器 | K10: 1 | O10: =(E10-D10)/$E$27 -> 0.046931408 | P10: 10001
A11: 9 | B11: 10001 | C11: 2 | D11: =E10 -> 416 | E11: =D11+$E$3 -> 468 | G11: 106001 | H11: 薄柳袖刀 | J11: 武器 | K11: 1 | O11: =(E11-D11)/$E$27 -> 0.046931408 | P11: 10001
A12: 10 | B12: 10001 | C12: 2 | D12: =E11 -> 468 | E12: =D12+$E$3 -> 520 | G12: 109001 | H12: 千层底 | J12: 武器 | K12: 1 | O12: =(E12-D12)/$E$27 -> 0.046931408 | P12: 10001
A13: 11 | B13: 10001 | C13: 2 | D13: =E12 -> 520 | E13: =D13+$E$3 -> 572 | G13: 110001 | H13: 竹木切 | J13: 武器 | K13: 1 | O13: =(E13-D13)/$E$27 -> 0.046931408 | P13: 10001
A14: 12 | B14: 10001 | C14: 2 | D14: =E13 -> 572 | E14: =D14+$E$3 -> 624 | G14: 111001 | H14: 流星坠 | J14: 武器 | K14: 1 | O14: =(E14-D14)/$E$27 -> 0.046931408 | P14: 10001
A15: 13 | B15: 10001 | C15: 2 | D15: =E14 -> 624 | E15: =D15+$E$3 -> 676 | G15: 200001 | H15: 粗布衣 | J15: 护甲 | K15: 1 | O15: =(E15-D15)/$E$27 -> 0.046931408 | P15: 10001
... A21: 19 | B21: 10001 | C21: 2 | D21: =E20 -> 936 | E21: =D21+$E$3 -> 988 | G21: 800001 | H21: 流苏小坠 | J21: 坠饰 | K21: 1 | O21: =(E21-D21)/$E$27 -> 0.046931408 | P21: 10001
A22: 20 | B22: 10001 | C22: 2 | D22: =E21 -> 988 | E22: =D22+L23 -> 1008 | G22: 908175 | H22: 空麻袋 | J22: 杂物 | K22: 1 | O22: =(E22-D22)/$E$27 -> 0.018050542 | P22: 10001
A23: 21 | B23: 10001 | C23: 4 | D23: =E22 -> 1008 | E23: =D23+L23 -> 1028 | G23: 104402 | H23: 仪戟 | J23: 稀有武器 | K23: 1 | L23: 20 | O23: =(E23-D23)/$E$27 -> 0.018050542
A24: 22 | B24: 10001 | C24: 4 | D24: =E23 -> 1028 | E24: =D24+L24 -> 1048 | G24: 105504 | H24: 醉摇仙 | J24: 稀有武器 | K24: 1 | L24: 20 | O24: =(E24-D24)/$E$27 -> 0.018050542
A25: 23 | B25: 10001 | C25: 4 | D25: =E24 -> 1048 | E25: =D25+L25 -> 1068 | G25: 102905 | H25: 太平令 | J25: 稀有武器 | K25: 1 | L25: 20 | O25: =(E25-D25)/$E$27 -> 0.018050542
A26: 24 | B26: 10001 | C26: 4 | D26: =E25 -> 1068 | E26: =D26+L26 -> 1088 | G26: 105604 | H26: 逍遥游 | J26: 稀有武器 | K26: 1 | L26: 20 | O26: =(E26-D26)/$E$27 -> 0.018050542
A27: 25 | B27: 10001 | C27: 4 | D27: =E26 -> 1088 | E27: =D27+L27 -> 1108 | G27: 1021005 | H27: 乌蛇蜕 | J27: 稀有武器 | K27: 1 | L27: 20 | O27: =(E27-D27)/$E$27 -> 0.018050542
A28: 26 | B28: 10002 | C28: 3 | D28: 0 | E28: 55 | G28: 101003 | H28: 拢掌拳套 | J28: 武器 | K28: 1 | O28: =(E28-D28)/$E$45 -> 0.055555556 | P28: 10002
A29: 27 | B29: 10002 | C29: 3 | D29: =E28 -> 55 | E29: =D29+$E$28 -> 110 | G29: 102003 | H29: 碧鞘长剑 | J29: 武器 | K29: 1 | O29: =(E29-D29)/$E$45 -> 0.055555556 | P29: 10002
A30: 28 | B30: 10002 | C30: 3 | D30: =E29 -> 110 | E30: =D30+$E$28 -> 165 | G30: 102103 | H30: 鬼型吞刀 | J30: 武器 | K30: 1 | O30: =(E30-D30)/$E$45 -> 0.055555556 | P30: 10002
A31: 29 | B31: 10002 | C31: 3 | D31: =E30 -> 165 | E31: =D31+$E$28 -> 220 | G31: 104003 | H31: 磐龙棍 | J31: 武器 | K31: 1 | O31: =(E31-D31)/$E$45 -> 0.055555556 | P31: 10002
A32: 30 | B32: 10002 | C32: 3 | D32: =E31 -> 220 | E32: =D32+$E$28 -> 275 | G32: 104103 | H32: 钿银长枪 | J32: 武器 | K32: 1 | O32: =(E32-D32)/$E$45 -> 0.055555556 | P32: 10002
A33: 31 | B33: 10002 | C33: 3 | D33: =E32 -> 275 | E33: =D33+$E$28 -> 330 | G33: 105003 | H33: 桃花绘扇 | J33: 武器 | K33: 1 | O33: =(E33-D33)/$E$45 -> 0.055555556 | P33: 10002
A34: 32 | B34: 10002 | C34: 3 | D34: =E33 -> 330 | E34: =D34+$E$28 -> 385 | G34: 103003 | H34: 擎斩重刃 | J34: 武器 | K34: 1 | O34: =(E34-D34)/$E$45 -> 0.055555556 | P34: 10002
A35: 33 | B35: 10002 | C35: 3 | D35: =E34 -> 385 | E35: =D35+$E$28 -> 440 | G35: 106003 | H35: 精铁蒺藜 | J35: 武器 | K35: 1 | O35: =(E35-D35)/$E$45 -> 0.055555556 | P35: 10002
A36: 34 | B36: 10002 | C36: 3 | D36: =E35 -> 440 | E36: =D36+$E$28 -> 495 | G36: 109003 | H36: 林南硬靴 | J36: 武器 | K36: 1 | O36: =(E36-D36)/$E$45 -> 0.055555556 | P36: 10002
A37: 35 | B37: 10002 | C37: 3 | D37: =E36 -> 495 | E37: =D37+$E$28 -> 550 | G37: 110003 | H37: 制式和刀 | J37: 武器 | K37: 1 | O37: =(E37-D37)/$E$45 -> 0.055555556 | P37: 10002
A38: 36 | B38: 10002 | C38: 3 | D38: =E37 -> 550 | E38: =D38+$E$28 -> 605 | G38: 111003 | H38: 无间分铜 | J38: 武器 | K38: 1 | O38: =(E38-D38)/$E$45 -> 0.055555556 | P38: 10002
A39: 37 | B39: 10002 | C39: 3 | D39: =E38 -> 605 | E39: =D39+$E$28 -> 660 | G39: 200003 | H39: 挽镜胄 | J39: 护甲 | K39: 1 | O39: =(E39-D39)/$E$45 -> 0.055555556 | P39: 10002
A40: 38 | B40: 10002 | C40: 3 | D40: =E39 -> 660 | E40: =D40+$E$28 -> 715 | G40: 300003 | H40: 蜀锦腕 | J40: 护臂 | K40: 1 | O40: =(E40-D40)/$E$45 -> 0.055555556 | P40: 10002
... A45: 43 | B45: 10002 | C45: 3 | D45: =E44 -> 935 | E45: =D45+$E$28 -> 990 | G45: 800003 | H45: 青庐环佩 | J45: 坠饰 | K45: 1 | O45: =(E45-D45)/$E$45 -> 0.055555556 | P45: 10002
A46: 44 | B46: 10002 | C46: 4 | D46: =E45 -> 990 | E46: =D46+L46 -> 1010 | G46: 104402 | H46: 仪戟 | J46: 稀有武器 | K46: 1 | L46: 20 | O46: =(E46-D46)/$E$27 -> 0.018050542
A47: 45 | B47: 10002 | C47: 4 | D47: =E46 -> 1010 | E47: =D47+L47 -> 1030 | G47: 105504 | H47: 醉摇仙 | J47: 稀有武器 | K47: 1 | L47: 20 | O47: =(E47-D47)/$E$27 -> 0.018050542
A48: 46 | B48: 10002 | C48: 4 | D48: =E47 -> 1030 | E48: =D48+L48 -> 1050 | G48: 102905 | H48: 太平令 | J48: 稀有武器 | K48: 1 | L48: 20 | O48: =(E48-D48)/$E$27 -> 0.018050542
A49: 47 | B49: 10002 | C49: 4 | D49: =E48 -> 1050 | E49: =D49+L49 -> 1070 | G49: 105604 | H49: 逍遥游 | J49: 稀有武器 | K49: 1 | L49: 20 | O49: =(E49-D49)/$E$27 -> 0.018050542
A50: 48 | B50: 10002 | C50: 4 | D50: =E49 -> 1070 | E50: =D50+L50 -> 1090 | G50: 1021005 | H50: 乌蛇蜕 | J50: 稀有武器 | K50: 1 | L50: 20 | O50: =(E50-D50)/$E$27 -> 0.018050542
A51: 49 | B51: 10100 | C51: 4 | D51: 0 | E51: =M51 -> 25 | G51: 101002 | H51: 锈铁缠手 | J51: 武器 | K51: 1 | L51: 连环寨简单 | M51: 25 | O51: =(E51-D51)/$E$234 -> 0.034482759 | P51: 10100
A52: 50 | B52: 10100 | C52: 4 | D52: =E51 -> 25 | E52: =D52+M52 -> 50 | G52: 102002 | H52: 素剑 | J52: 武器 | K52: 1 | L52: 连环寨简单 | M52: 25 | O52: =(E52-D52)/$E$234 -> 0.034482759 | P52: 10100
A53: 51 | B53: 10100 | C53: 4 | D53: =E52 -> 50 | E53: =D53+M53 -> 75 | G53: 102102 | H53: 粗铁刀 | J53: 武器 | K53: 1 | L53: 连环寨简单 | M53: 25 | O53: =(E53-D53)/$E$234 -> 0.034482759 | P53: 10100
A54: 52 | B54: 10100 | C54: 4 | D54: =E53 -> 75 | E54: =D54+M54 -> 100 | G54: 103002 | H54: 大刀 | J54: 武器 | K54: 1 | L54: 连环寨简单 | M54: 25 | O54: =(E54-D54)/$E$234 -> 0.034482759 | P54: 10100
A55: 53 | B55: 10100 | C55: 4 | D55: =E54 -> 100 | E55: =D55+M55 -> 125 | G55: 104002 | H55: 白蜡杆 | J55: 武器 | K55: 1 | L55: 连环寨简单 | M55: 25 | O55: =(E55-D55)/$E$234 -> 0.034482759 | P55: 10100
A56: 54 | B56: 10100 | C56: 4 | D56: =E55 -> 125 | E56: =D56+M56 -> 150 | G56: 104102 | H56: 焰头枪 | J56: 武器 | K56: 1 | L56: 连环寨简单 | M56: 25 | O56: =(E56-D56)/$E$234 -> 0.034482759 | P56: 10100
A57: 55 | B57: 10100 | C57: 4 | D57: =E56 -> 150 | E57: =D57+M57 -> 175 | G57: 105002 | H57: 山水画扇 | J57: 武器 | K57: 1 | L57: 连环寨简单 | M57: 25 | O57: =(E57-D57)/$E$234 -> 0.034482759 | P57: 10100
A58: 56 | B58: 10100 | C58: 4 | D58: =E57 -> 175 | E58: =D58+M58 -> 200 | G58: 106002 | H58: 薄柳镖 | J58: 武器 | K58: 1 | L58: 连环寨简单 | M58: 25 | O58: =(E58-D58)/$E$234 -> 0.034482759 | P58: 10100
A59: 57 | B59: 10100 | C59: 4 | D59: =E58 -> 200 | E59: =D59+M59 -> 225 | G59: 109002 | H59: 千层底 | J59: 武器 | K59: 1 | L59: 连环寨简单 | M59: 25 | O59: =(E59-D59)/$E$234 -> 0.034482759 | P59: 10100
A60: 58 | B60: 10100 | C60: 4 | D60: =E59 -> 225 | E60: =D60+M60 -> 250 | G60: 110002 | H60: 铁丸 | J60: 武器 | K60: 1 | L60: 连环寨简单 | M60: 25 | O60: =(E60-D60)/$E$234 -> 0.034482759 | P60: 10100
A61: 59 | B61: 10100 | C61: 4 | D61: =E60 -> 250 | E61: =D61+M61 -> 275 | G61: 111002 | H61: 乱狼牙 | J61: 武器 | K61: 1 | L61: 连环寨简单 | M61: 25 | O61: =(E61-D61)/$E$234 -> 0.034482759 | P61: 10100
A62: 60 | B62: 10100 | C62: 4 | D62: =E61 -> 275 | E62: =D62+M62 -> 300 | G62: 112002 | H62: 竹木弓 | J62: 武器 | K62: 1 | L62: 连环寨简单 | M62: 25 | O62: =(E62-D62)/$E$234 -> 0.034482759 | P62: 10100
A63: 61 | B63: 10100 | C63: 4 | D63: =E62 -> 300 | E63: =D63+M63 -> 325 | G63: 112002 | H63: 竹木弓 | J63: 武器 | K63: 1 | L63: 连环寨简单 | M63: 25 | O63: =(E63-D63)/$E$234 -> 0.034482759 | P63: 10100
... A72: 70 | B72: 10110 | C72: 4 | D72: =E71 -> 675 | E72: =D72+M72 -> 725 | G72: 800002 | H72: 青石佩 | J72: 坠饰 | K72: 1 | L72: 连环寨简单 | M72: 50 | O72: =(E72-D72)/$E$234 -> 0.068965517 | P72: 10110
A73: 71 | B73: 10110 | C73: 4 | D73: =E72 -> 725 | E73: =D73+L73 -> 745 | G73: 104402 | H73: 仪戟 | J73: 稀有武器 | K73: 1 | L73: 20 | O73: =(E73-D73)/$E$27 -> 0.018050542
A74: 72 | B74: 10110 | C74: 4 | D74: =E73 -> 745 | E74: =D74+L74 -> 765 | G74: 105504 | H74: 醉摇仙 | J74: 稀有武器 | K74: 1 | L74: 20 | O74: =(E74-D74)/$E$27 -> 0.018050542
A75: 73 | B75: 10110 | C75: 4 | D75: =E74 -> 765 | E75: =D75+L75 -> 785 | G75: 102905 | H75: 太平令 | J75: 稀有武器 | K75: 1 | L75: 20 | O75: =(E75-D75)/$E$27 -> 0.018050542
A76: 74 | B76: 10110 | C76: 4 | D76: =E75 -> 785 | E76: =D76+L76 -> 805 | G76: 105604 | H76: 逍遥游 | J76: 稀有武器 | K76: 1 | L76: 20 | O76: =(E76-D76)/$E$27 -> 0.018050542
A77: 75 | B77: 10110 | C77: 4 | D77: =E76 -> 805 | E77: =D77+L77 -> 825 | G77: 1021005 | H77: 乌蛇蜕 | J77: 稀有武器 | K77: 1 | L77: 20 | O77: =(E77-D77)/$E$27 -> 0.018050542
A78: 76 | B78: 10200 | C78: 4 | D78: 0 | E78: =M78 -> 25 | G78: 101003 | H78: 黑革掌束 | J78: 武器 | K78: 1 | L78: 连环寨普通 | M78: =M51 -> 25 | O78: =(E78-D78)/$E$234 -> 0.034482759 | P78: 10200
A79: 77 | B79: 10200 | C79: 4 | D79: =E78 -> 25 | E79: =D79+M79 -> 50 | G79: 102003 | H79: 青锋剑 | J79: 武器 | K79: 1 | L79: 连环寨普通 | M79: =M52 -> 25 | O79: =(E79-D79)/$E$234 -> 0.034482759 | P79: 10200
A80: 78 | B80: 10200 | C80: 4 | D80: =E79 -> 50 | E80: =D80+M80 -> 75 | G80: 102103 | H80: 环手刀 | J80: 武器 | K80: 1 | L80: 连环寨普通 | M80: =M53 -> 25 | O80: =(E80-D80)/$E$234 -> 0.034482759 | P80: 10200
A81: 79 | B81: 10200 | C81: 4 | D81: =E80 -> 75 | E81: =D81+M81 -> 100 | G81: 103003 | H81: 斩马刀 | J81: 武器 | K81: 1 | L81: 连环寨普通 | M81: =M54 -> 25 | O81: =(E81-D81)/$E$234 -> 0.034482759 | P81: 10200
A82: 80 | B82: 10200 | C82: 4 | D82: =E81 -> 100 | E82: =D82+M82 -> 125 | G82: 104003 | H82: 磐龙杖 | J82: 武器 | K82: 1 | L82: 连环寨普通 | M82: =M55 -> 25 | O82: =(E82-D82)/$E$234 -> 0.034482759 | P82: 10200
A83: 81 | B83: 10200 | C83: 4 | D83: =E82 -> 125 | E83: =D83+M83 -> 150 | G83: 104103 | H83: 绣红缨 | J83: 武器 | K83: 1 | L83: 连环寨普通 | M83: =M56 -> 25 | O83: =(E83-D83)/$E$234 -> 0.034482759 | P83: 10200
A84: 82 | B84: 10200 | C84: 4 | D84: =E83 -> 150 | E84: =D84+M84 -> 175 | G84: 105003 | H84: 呦呦鹿鸣 | J84: 武器 | K84: 1 | L84: 连环寨普通 | M84: =M57 -> 25 | O84: =(E84-D84)/$E$234 -> 0.034482759 | P84: 10200
A85: 83 | B85: 10200 | C85: 4 | D85: =E84 -> 175 | E85: =D85+M85 -> 200 | G85: 106003 | H85: 寒星 | J85: 武器 | K85: 1 | L85: 连环寨普通 | M85: =M58 -> 25 | O85: =(E85-D85)/$E$234 -> 0.034482759 | P85: 10200
A86: 84 | B86: 10200 | C86: 4 | D86: =E85 -> 200 | E86: =D86+M86 -> 225 | G86: 109003 | H86: 一字蹬 | J86: 武器 | K86: 1 | L86: 连环寨普通 | M86: =M59 -> 25 | O86: =(E86-D86)/$E$234 -> 0.034482759 | P86: 10200
A87: 85 | B87: 10200 | C87: 4 | D87: =E86 -> 225 | E87: =D87+M87 -> 250 | G87: 110003 | H87: 制式和刀 | J87: 武器 | K87: 1 | L87: 连环寨普通 | M87: =M60 -> 25 | O87: =(E87-D87)/$E$234 -> 0.034482759 | P87: 10200
A88: 86 | B88: 10200 | C88: 4 | D88: =E87 -> 250 | E88: =D88+M88 -> 275 | G88: 111003 | H88: 流星坠 | J88: 武器 | K88: 1 | L88: 连环寨普通 | M88: =M61 -> 25 | O88: =(E88-D88)/$E$234 -> 0.034482759 | P88: 10200
A89: 87 | B89: 10200 | C89: 4 | D89: =E88 -> 275 | E89: =D89+M89 -> 300 | G89: 112003 | H89: 坚臂弓 | J89: 武器 | K89: 1 | L89: 连环寨普通 | M89: =M62 -> 25 | O89: =(E89-D89)/$E$234 -> 0.034482759 | P89: 10200
A90: 88 | B90: 10200 | C90: 4 | D90: =E89 -> 300 | E90: =D90+M90 -> 325 | G90: 112003 | H90: 坚臂弓 | J90: 武器 | K90: 1 | L90: 连环寨普通 | M90: =M63 -> 25 | O90: =(E90-D90)/$E$234 -> 0.034482759 | P90: 10200
... A99: 97 | B99: 10210 | C99: 4 | D99: =E98 -> 675 | E99: =D99+M99 -> 725 | G99: 800003 | H99: 流苏小坠 | J99: 坠饰 | K99: 1 | L99: 连环寨普通 | M99: =M72 -> 50 | O99: =(E99-D99)/$E$234 -> 0.068965517 | P99: 10210
A100: 98 | B100: 10210 | C100: 4 | D100: =E99 -> 725 | E100: =D100+L100 -> 745 | G100: 104402 | H100: 仪戟 | J100: 稀有武器 | K100: 1 | L100: 20 | O100: =(E100-D100)/$E$27 -> 0.018050542
A101: 99 | B101: 10210 | C101: 4 | D101: =E100 -> 745 | E101: =D101+L101 -> 765 | G101: 105504 | H101: 醉摇仙 | J101: 稀有武器 | K101: 1 | L101: 20 | O101: =(E101-D101)/$E$27 -> 0.018050542
A102: 100 | B102: 10210 | C102: 4 | D102: =E101 -> 765 | E102: =D102+L102 -> 785 | G102: 102905 | H102: 太平令 | J102: 稀有武器 | K102: 1 | L102: 20 | O102: =(E102-D102)/$E$27 -> 0.018050542
A103: 101 | B103: 10210 | C103: 4 | D103: =E102 -> 785 | E103: =D103+L103 -> 805 | G103: 105604 | H103: 逍遥游 | J103: 稀有武器 | K103: 1 | L103: 20 | O103: =(E103-D103)/$E$27 -> 0.018050542
A104: 102 | B104: 10210 | C104: 4 | D104: =E103 -> 805 | E104: =D104+L104 -> 825 | G104: 1021005 | H104: 乌蛇蜕 | J104: 稀有武器 | K104: 1 | L104: 20 | O104: =(E104-D104)/$E$27 -> 0.018050542
A105: 103 | B105: 10300 | C105: 5 | D105: 0 | E105: =M105 -> 25 | G105: 101004 | H105: 白铁掌套 | J105: 武器 | K105: 1 | L105: 连环寨困难 | M105: =M78 -> 25 | O105: =(E105-D105)/$E$234 -> 0.034482759 | P105: 10300
A106: 104 | B106: 10300 | C106: 5 | D106: =E105 -> 25 | E106: =D106+M106 -> 50 | G106: 102004 | H106: 碧鞘长剑 | J106: 武器 | K106: 1 | L106: 连环寨困难 | M106: =M79 -> 25 | O106: =(E106-D106)/$E$234 -> 0.034482759 | P106: 10300
A107: 105 | B107: 10300 | C107: 5 | D107: =E106 -> 50 | E107: =D107+M107 -> 75 | G107: 102104 | H107: 鬼面刀 | J107: 武器 | K107: 1 | L107: 连环寨困难 | M107: =M80 -> 25 | O107: =(E107-D107)/$E$234 -> 0.034482759 | P107: 10300
A108: 106 | B108: 10300 | C108: 5 | D108: =E107 -> 75 | E108: =D108+M108 -> 100 | G108: 103004 | H108: 人屠 | J108: 武器 | K108: 1 | L108: 连环寨困难 | M108: =M81 -> 25 | O108: =(E108-D108)/$E$234 -> 0.034482759 | P108: 10300
A109: 107 | B109: 10300 | C109: 5 | D109: =E108 -> 100 | E109: =D109+M109 -> 125 | G109: 104004 | H109: 勿伽罗 | J109: 武器 | K109: 1 | L109: 连环寨困难 | M109: =M82 -> 25 | O109: =(E109-D109)/$E$234 -> 0.034482759 | P109: 10300
A110: 108 | B110: 10300 | C110: 5 | D110: =E109 -> 125 | E110: =D110+M110 -> 150 | G110: 104104 | H110: 点钢枪 | J110: 武器 | K110: 1 | L110: 连环寨困难 | M110: =M83 -> 25 | O110: =(E110-D110)/$E$234 -> 0.034482759 | P110: 10300
A111: 109 | B111: 10300 | C111: 5 | D111: =E110 -> 150 | E111: =D111+M111 -> 175 | G111: 105004 | H111: 江南行尽 | J111: 武器 | K111: 1 | L111: 连环寨困难 | M111: =M84 -> 25 | O111: =(E111-D111)/$E$234 -> 0.034482759 | P111: 10300
A112: 110 | B112: 10300 | C112: 5 | D112: =E111 -> 175 | E112: =D112+M112 -> 200 | G112: 106004 | H112: 梦佳期 | J112: 武器 | K112: 1 | L112: 连环寨困难 | M112: =M85 -> 25 | O112: =(E112-D112)/$E$234 -> 0.034482759 | P112: 10300
A113: 111 | B113: 10300 | C113: 5 | D113: =E112 -> 200 | E113: =D113+M113 -> 225 | G113: 109004 | H113: 望山难 | J113: 武器 | K113: 1 | L113: 连环寨困难 | M113: =M86 -> 25 | O113: =(E113-D113)/$E$234 -> 0.034482759 | P113: 10300
A114: 112 | B114: 10300 | C114: 5 | D114: =E113 -> 225 | E114: =D114+M114 -> 250 | G114: 110004 | H114: 赤鸾 | J114: 武器 | K114: 1 | L114: 连环寨困难 | M114: =M87 -> 25 | O114: =(E114-D114)/$E$234 -> 0.034482759 | P114: 10300
A115: 113 | B115: 10300 | C115: 5 | D115: =E114 -> 250 | E115: =D115+M115 -> 275 | G115: 111004 | H115: 追魂锁 | J115: 武器 | K115: 1 | L115: 连环寨困难 | M115: =M88 -> 25 | O115: =(E115-D115)/$E$234 -> 0.034482759 | P115: 10300
A116: 114 | B116: 10300 | C116: 5 | D116: =E115 -> 275 | E116: =D116+M116 -> 300 | G116: 112004 | H116: 犀角弓 | J116: 武器 | K116: 1 | L116: 连环寨困难 | M116: =M89 -> 25 | O116: =(E116-D116)/$E$234 -> 0.034482759 | P116: 10300
A117: 115 | B117: 10300 | C117: 5 | D117: =E116 -> 300 | E117: =D117+M117 -> 325 | G117: 102003 | H117: 青锋剑 | J117: 武器 | K117: 1 | L117: 连环寨困难 | M117: =M90 -> 25 | O117: =(E117-D117)/$E$234 -> 0.034482759 | P117: 10300
... A126: 124 | B126: 10310 | C126: 5 | D126: =E125 -> 675 | E126: =D126+M126 -> 725 | G126: 800004 | H126: 碧水坠 | J126: 坠饰 | K126: 1 | L126: 连环寨困难 | M126: =M99 -> 50 | O126: =(E126-D126)/$E$234 -> 0.068965517 | P126: 10310
A127: 125 | B127: 10310 | C127: 4 | D127: =E126 -> 725 | E127: =D127+L127 -> 745 | G127: 104402 | H127: 仪戟 | J127: 稀有武器 | K127: 1 | L127: 20 | O127: =(E127-D127)/$E$27 -> 0.018050542
A128: 126 | B128: 10310 | C128: 4 | D128: =E127 -> 745 | E128: =D128+L128 -> 765 | G128: 105504 | H128: 醉摇仙 | J128: 稀有武器 | K128: 1 | L128: 20 | O128: =(E128-D128)/$E$27 -> 0.018050542
A129: 127 | B129: 10310 | C129: 4 | D129: =E128 -> 765 | E129: =D129+L129 -> 785 | G129: 102905 | H129: 太平令 | J129: 稀有武器 | K129: 1 | L129: 20 | O129: =(E129-D129)/$E$27 -> 0.018050542
A130: 128 | B130: 10310 | C130: 4 | D130: =E129 -> 785 | E130: =D130+L130 -> 805 | G130: 105604 | H130: 逍遥游 | J130: 稀有武器 | K130: 1 | L130: 20 | O130: =(E130-D130)/$E$27 -> 0.018050542
A131: 129 | B131: 10310 | C131: 4 | D131: =E130 -> 805 | E131: =D131+L131 -> 825 | G131: 1021005 | H131: 乌蛇蜕 | J131: 稀有武器 | K131: 1 | L131: 20 | O131: =(E131-D131)/$E$27 -> 0.018050542
A132: 130 | B132: 10400 | C132: 5 | D132: 0 | E132: =M132 -> 25 | G132: 101004 | H132: 白铁掌套 | J132: 武器 | K132: 1 | L132: 五圣教简单 | M132: =M105 -> 25 | O132: =(E132-D132)/$E$234 -> 0.034482759 | P132: 10400
A133: 131 | B133: 10400 | C133: 5 | D133: =E132 -> 25 | E133: =D133+M133 -> 50 | G133: 102004 | H133: 碧鞘长剑 | J133: 武器 | K133: 1 | L133: 五圣教简单 | M133: =M106 -> 25 | O133: =(E133-D133)/$E$234 -> 0.034482759 | P133: 10400
...

Sheet Sheet1
G2: 连环寨简单 | H2: =";"&VLOOKUP(G2,掉落基础配置!$L:$P,5,0)&",1" -> ;10100,1
G3: 连环寨普通 | H3: =";"&VLOOKUP(G3,掉落基础配置!$L:$P,5,0)&",1" -> ;10200,1
G4: 连环寨困难 | H4: =";"&VLOOKUP(G4,掉落基础配置!$L:$P,5,0)&",1" -> ;10300,1
G5: 五圣教简单 | H5: =";"&VLOOKUP(G5,掉落基础配置!$L:$P,5,0)&",1" -> ;10400,1
G6: 五圣教普通 | H6: =";"&VLOOKUP(G6,掉落基础配置!$L:$P,5,0)&",1" -> ;10500,1
G7: 五圣教困难 | H7: =";"&VLOOKUP(G7,掉落基础配置!$L:$P,5,0)&",1" -> ;10600,1
G8: 桃花坞简单 | H8: =";"&VLOOKUP(G8,掉落基础配置!$L:$P,5,0)&",1" -> ;10700,1
G9: 桃花坞普通 | H9: =";"&VLOOKUP(G9,掉落基础配置!$L:$P,5,0)&",1" -> ;10800,1
G10: 桃花坞困难 | H10: =";"&VLOOKUP(G10,掉落基础配置!$L:$P,5,0)&",1" -> ;10900,1
N11: 副本 连环寨 | O11: 143 | Q11: 149 | R11: ;10100,1 | T11: =VLOOKUP(Q11,[3]monster_team!$A:$T,20,0) -> 11000,1 | V11: 10100,1;10110,1;10100,1
N12: 连环寨难度2 | O12: 341 | Q12: 347 | R12: ;10200,1 | T12: =VLOOKUP(Q12,[3]monster_team!$A:$T,20,0) -> 11100,1 | V12: 10200,1;10210,1;10200,1
N13: 连环寨难度3 | O13: 348 | Q13: 354 | R13: ;10300,1 | T13: =VLOOKUP(Q13,[3]monster_team!$A:$T,20,0) -> 11200,1 | V13: 10300,1;10310,1;10300,1
N14: 副本 净蛊天池 | O14: 176 | Q14: 183 | R14: ;10400,1 | T14: =VLOOKUP(Q14,[3]monster_team!$A:$T,20,0) -> 11000,1 | V14: 10400,1;10410,1;10400,1
N15: 净蛊天池难度2 | O15: 355 | Q15: 363 | R15: ;10500,1 | T15: =VLOOKUP(Q15,[3]monster_team!$A:$T,20,0) -> 11100,1 | V15: 10500,1;10510,1;10500,1
N16: 净蛊天池难度3 | O16: 364 | Q16: 372 | R16: ;10600,1 | T16: =VLOOKUP(Q16,[3]monster_team!$A:$T,20,0) -> 11200,1 | V16: 10600,1;10610,1;10600,1
N17: 副本 桃花坞 | O17: 213 | Q17: 219 | R17: ;10700,1 | T17: =VLOOKUP(Q17,[3]monster_team!$A:$T,20,0) -> 11000,1 | V17: 10700,1;10710,1;10700,1
G18: 149 | H18: 10100,1;10110,1;10100,1 | N18: 桃花坞难度2 | O18: 373 | Q18: 380 | R18: ;10800,1 | T18: =VLOOKUP(Q18,[3]monster_team!$A:$T,20,0) -> 11100,1 | V18: 10800,1;10810,1;10800,1
G19: 347 | H19: 10200,1;10210,1;10200,1 | N19: 桃花坞难度3 | O19: 381 | Q19: 388 | R19: ;10900,1 | T19: =VLOOKUP(Q19,[3]monster_team!$A:$T,20,0) -> 11200,1 | V19: 10900,1;10910,1;10900,1
G20: 354 | H20: 10300,1;10310,1;10300,1
G21: 183 | H21: 10400,1;10410,1;10400,1 | K21: =M21/60 -> 0.25 | L21: =K21*10 -> 2.5 | M21: 15
G22: 363 | H22: 10500,1;10510,1;10500,1
G23: 372 | H23: 10600,1;10610,1;10600,1
G24: 219 | H24: 10700,1;10710,1;10700,1 | L24: 野外BOSS填充 | M24: 60 | N24: 秘籍上下册 | Q24: 15 | R24: =SUM(Q24:Q31) -> 100
G25: 380 | H25: 10800,1;10810,1;10800,1
G26: 388 | H26: 10900,1;10910,1;10900,1
N27: 通式、轻重击 | Q27: 15
M29: 8 | N29: 药品，杂项 | Q29: 35
N30: 制造配方 | Q30: 25
C31: 95410101 | D31: 天衍·夕落卷 | E31: 太和 | N31: 心决 | Q31: 10 | T31: 100101 | U31: 天衍·夕落卷 | V31: =VLOOKUP(U31,$D$31:$E$60,2,0) -> 太和
C32: 95410102 | D32: 天衍·裂石卷 | E32: 太和 | L32: 副本 | M32: 8 | N32: 药品 | O32: =Q32/M32 -> 4.375 | P32: =O32*10 -> 43.75 | Q32: 35 | R32: =SUM(Q32:Q37) -> 100 | T32: 100102 | U32: 天衍·裂石卷 | V32: =VLOOKUP(U32,$D$31:$E$60,2,0) -> 太和
C33: 95410107 | D33: 天衍·望山卷 | E33: 太和 | M33: 21 | N33: 三才书 | O33: =Q33/M33 -> 0.47619048 | P33: =O33*10 -> 4.7619048 | Q33: 10 | T33: 100103 | U33: 天衍·破军卷 | V33: =VLOOKUP(U33,$D$31:$E$60,2,0) -> #N/A
C34: 95410108 | D34: 天衍·凌云卷 | E34: 太和 | M34: 60 | N34: 秘籍 | O34: =Q34/M34 -> 0.25 | P34: =O34*10 -> 2.5 | Q34: 15 | T34: 100104 | U34: 天衍·桃花卷 | V34: =VLOOKUP(U34,$D$31:$E$60,2,0) -> 五圣
C35: 95410124 | D35: 地覆·开疆卷 | E35: 太和 | T35: 100105 | U35: 天衍·摘星卷 | V35: =VLOOKUP(U35,$D$31:$E$60,2,0) -> #N/A
M36: 11 | N36: 杂项 | O36: =Q36/M36 -> 3.1818182 | P36: =O36*10 -> 31.818182 | Q36: 35 | T36: 100106 | U36: 天衍·须佐卷 | V36: =VLOOKUP(U36,$D$31:$E$60,2,0) -> 海阁
M37: 83 | N37: 心决 | O37: =Q37/M37 -> 0.060240964 | P37: =O37*10 -> 0.60240964 | Q37: 5 | T37: 100107 | U37: 天衍·望山卷 | V37: =VLOOKUP(U37,$D$31:$E$60,2,0) -> 太和
L38: 副本装备掉落 | T38: 100108 | U38: 天衍·凌云卷 | V38: =VLOOKUP(U38,$D$31:$E$60,2,0) -> 太和
N39: 10把类型的武器 | Q39: 50 | T39: 100109 | U39: 天衍·西风卷 | V39: =VLOOKUP(U39,$D$31:$E$60,2,0) -> #N/A
N40: 装备 | Q40: 50 | T40: 100110 | U40: 天衍·相思卷 | V40: =VLOOKUP(U40,$D$31:$E$60,2,0) -> #N/A
C41: 95410101 | D41: 天衍·夕落卷 | E41: 海阁 | T41: 100111 | U41: 天衍·建御卷 | V41: =VLOOKUP(U41,$D$31:$E$60,2,0) -> 海阁
C42: 95410106 | D42: 天衍·须佐卷 | E42: 海阁 | L42: 剧情战斗填充 | M42: 60 | N42: 秘籍 | Q42: 15 | R42: =SUM(Q42:Q51) -> 100 | T42: 100112 | U42: 天衍·泄玉卷 | V42: =VLOOKUP(U42,$D$31:$E$60,2,0) -> 五圣
C43: 95410108 | D43: 天衍·凌云卷 | E43: 海阁 | T43: 100113 | U43: 天衍·狮搏卷 | V43: =VLOOKUP(U43,$D$31:$E$60,2,0) -> 海阁
C44: 95410111 | D44: 天衍·建御卷 | E44: 海阁 | T44: 100114 | U44: 天衍·敛瀑卷 | V44: =VLOOKUP(U44,$D$31:$E$60,2,0) -> 五圣
C45: 95410113 | D45: 天衍·狮搏卷 | E45: 海阁 | N45: 通式、轻重击 | Q45: 10 | T45: 100116 | U45: 天衍·震乾卷 | V45: =VLOOKUP(U45,$D$31:$E$60,2,0) -> #N/A
T46: 100117 | U46: 天衍·镇厌卷 | V46: =VLOOKUP(U46,$D$31:$E$60,2,0) -> #N/A
M47: 8 | N47: 药品 | Q47: 20 | T47: 100120 | U47: 天衍·喋喰卷 | V47: =VLOOKUP(U47,$D$31:$E$60,2,0) -> #N/A
N48: 杂项 | Q48: 25 | T48: 100121 | U48: 地覆·混元卷 | V48: =VLOOKUP(U48,$D$31:$E$60,2,0) -> #N/A
N49: 非门派三才书 | Q49: 10 | T49: 100125 | U49: 地覆·诸御卷 | V49: =VLOOKUP(U49,$D$31:$E$60,2,0) -> #N/A
N50: 制造配方 | Q50: 10 | T50: 100126 | U50: 地覆·万钟卷 | V50: =VLOOKUP(U50,$D$31:$E$60,2,0) -> #N/A
C51: 95410104 | D51: 天衍·桃花卷 | E51: 五圣 | N51: 心决 | Q51: 10 | T51: 100127 | U51: 地覆·固源卷 | V51: =VLOOKUP(U51,$D$31:$E$60,2,0) -> #N/A
C52: 95410106 | D52: 天衍·须佐卷 | E52: 五圣 | T52: 100128 | U52: 地覆·架擎卷 | V52: =VLOOKUP(U52,$D$31:$E$60,2,0) -> #N/A
C53: 95410106 | D53: 天衍·须佐卷 | E53: 五圣 | T53: 100129 | U53: 地覆·骄子卷 | V53: =VLOOKUP(U53,$D$31:$E$60,2,0) -> #N/A
C54: 95410112 | D54: 天衍·泄玉卷 | E54: 五圣 | T54: 100131 | U54: 地覆·触石卷 | V54: =VLOOKUP(U54,$D$31:$E$60,2,0) -> #N/A
C55: 95410114 | D55: 天衍·敛瀑卷 | E55: 五圣 | T55: 100132 | U55: 地覆·睚眦卷 | V55: =VLOOKUP(U55,$D$31:$E$60,2,0) -> #N/A
T56: 100133 | U56: 地覆·坤玖卷 | V56: =VLOOKUP(U56,$D$31:$E$60,2,0) -> #N/A
T57: 100134 | U57: 人世·诛邪卷 | V57: =VLOOKUP(U57,$D$31:$E$60,2,0) -> #N/A
T58: 100135 | U58: 人世·撼岳卷 | V58: =VLOOKUP(U58,$D$31:$E$60,2,0) -> #N/A
T59: 100136 | U59: 人世·孤鸾卷 | V59: =VLOOKUP(U59,$D$31:$E$60,2,0) -> #N/A
T60: 100137 | U60: 人世·天照卷 | V60: =VLOOKUP(U60,$D$31:$E$60,2,0) -> #N/A
T61: 100138 | U61: 人世·寒鹊卷 | V61: =VLOOKUP(U61,$D$31:$E$60,2,0) -> #N/A
T62: 100139 | U62: 人世·断肠卷 | V62: =VLOOKUP(U62,$D$31:$E$60,2,0) -> #N/A
T63: 100141 | U63: 人世·致学卷 | V63: =VLOOKUP(U63,$D$31:$E$60,2,0) -> #N/A
T64: 100142 | U64: 人世·无迹卷 | V64: =VLOOKUP(U64,$D$31:$E$60,2,0) -> #N/A
T65: 100143 | U65: 人世·百草卷 | V65: =VLOOKUP(U65,$D$31:$E$60,2,0) -> #N/A
T66: 100144 | U66: 人世·药蛊卷 | V66: =VLOOKUP(U66,$D$31:$E$60,2,0) -> #N/A
T67: 100148 | U67: 人世·丹霞卷 | V67: =VLOOKUP(U67,$D$31:$E$60,2,0) -> #N/A
... T73: 100139 | U73: 人世·断肠卷 | V73: =VLOOKUP(U73,$D$31:$E$60,2,0) -> #N/A

Sheet Sheet2
J1: 道具名 | K1: id
A2: 100101 | B2: 天衍·夕落卷 | C2: 太和 | J2: 千锻拳势 | K2: 95101011 | N2: 悲鸣 | O2: 1 | Q2: 长雁 | R2: =VLOOKUP(Q2,$N:$O,2,0) -> 1
A3: 100102 | B3: 天衍·裂石卷 | C3: 太和 | J3: 千锻拳势 | K3: 95101012 | N3: 随风 | O3: 1 | Q3: 返鸾 | R3: =VLOOKUP(Q3,$N:$O,2,0) -> 1
A4: 100101 | B4: 天衍·夕落卷 | C4: #N/A | J4: 千锻拳势 | K4: 95101013 | N4: 飘零 | O4: 1 | Q4: 鸳折 | R4: =VLOOKUP(Q4,$N:$O,2,0) -> 1
A5: 100102 | B5: 天衍·裂石卷 | C5: 五圣 | J5: 千锻拳势 | K5: 95101014 | N5: 罡破 | O5: 1 | Q5: 悲鸣 | R5: =VLOOKUP(Q5,$N:$O,2,0) -> 1
A6: 100103 | B6: 天衍·破军卷 | C6: #N/A | J6: 千锻拳势 | K6: 95101015 | N6: 栖隙 | O6: 1 | Q6: 随风 | R6: =VLOOKUP(Q6,$N:$O,2,0) -> 1
A7: 100104 | B7: 天衍·桃花卷 | C7: 海阁 | J7: =J6 -> 千锻拳势 | K7: =K6+1 -> 95101016 | N7: 无涯 | O7: 1 | Q7: 飘零 | R7: =VLOOKUP(Q7,$N:$O,2,0) -> 1
A8: 100105 | B8: 天衍·摘星卷 | C8: 太和 | J8: =J7 -> 千锻拳势 | K8: =K7+1 -> 95101017 | N8: 壁岩 | O8: 1 | Q8: 罡破 | R8: =VLOOKUP(Q8,$N:$O,2,0) -> 1
A9: 100106 | B9: 天衍·须佐卷 | C9: 太和 | J9: =J6&"（上册）" -> 千锻拳势（上册） | K9: =K8+1 -> 95101018 | N9: 赤心 | O9: 1 | Q9: 栖隙 | R9: =VLOOKUP(Q9,$N:$O,2,0) -> 1
A10: 100107 | B10: 天衍·望山卷 | C10: #N/A | J10: =J6&"（下册）" -> 千锻拳势（下册） | K10: =K9+1 -> 95101019 | N10: 万凿 | O10: 1 | Q10: 无涯 | R10: =VLOOKUP(Q10,$N:$O,2,0) -> 1
A11: 100108 | B11: 天衍·凌云卷 | C11: #N/A | J11: =J6&"（全本）" -> 千锻拳势（全本） | K11: =K10+1 -> 95101020 | N11: 转寰 | O11: 1 | Q11: 壁岩 | R11: =VLOOKUP(Q11,$N:$O,2,0) -> 1
A12: 100109 | B12: 天衍·西风卷 | C12: 海阁 | J12: 伏阳开碑拳 | K12: 95101021 | N12: 朝闻 | O12: 1 | Q12: 赤心 | R12: =VLOOKUP(Q12,$N:$O,2,0) -> 1
A13: 100110 | B13: 天衍·相思卷 | C13: 五圣 | J13: 伏阳开碑拳 | K13: 95101022 | N13: 无我 | O13: 1 | Q13: 万凿 | R13: =VLOOKUP(Q13,$N:$O,2,0) -> 1
A14: 100111 | B14: 天衍·建御卷 | C14: 太和 | J14: 伏阳开碑拳 | K14: 95101023 | N14: 昭赤 | O14: 1 | Q14: 敛英 | R14: =VLOOKUP(Q14,$N:$O,2,0) -> #N/A
A15: 100112 | B15: 天衍·泄玉卷 | C15: 太和 | J15: 伏阳开碑拳 | K15: 95101024 | N15: 镇晷 | O15: 1 | Q15: 銮客 | R15: =VLOOKUP(Q15,$N:$O,2,0) -> #N/A
A16: 100113 | B16: 天衍·狮搏卷 | C16: #N/A | J16: 伏阳开碑拳 | K16: 95101025 | N16: 旱临 | O16: 1 | Q16: 放词 | R16: =VLOOKUP(Q16,$N:$O,2,0) -> #N/A
A17: 100114 | B17: 天衍·敛瀑卷 | C17: #N/A | J17: =J16 -> 伏阳开碑拳 | K17: =K16+1 -> 95101026 | N17: 烈轮 | O17: 1 | Q17: 凌散 | R17: =VLOOKUP(Q17,$N:$O,2,0) -> #N/A
A18: 100116 | B18: 天衍·震乾卷 | C18: #N/A | J18: =J17 -> 伏阳开碑拳 | K18: =K17+1 -> 95101027 | N18: 长虹 | O18: 1 | Q18: 风骨 | R18: =VLOOKUP(Q18,$N:$O,2,0) -> #N/A
A19: 100117 | B19: 天衍·镇厌卷 | C19: 太和 | J19: =J16&"（上册）" -> 伏阳开碑拳（上册） | K19: =K18+1 -> 95101028 | N19: 盈亏 | O19: 1 | Q19: 肆宴 | R19: =VLOOKUP(Q19,$N:$O,2,0) -> #N/A
A20: 100120 | B20: 天衍·喋喰卷 | C20: #N/A | J20: =J16&"（下册）" -> 伏阳开碑拳（下册） | K20: =K19+1 -> 95101029 | N20: 气清 | O20: 1 | Q20: 知秋 | R20: =VLOOKUP(Q20,$N:$O,2,0) -> #N/A
A21: 100121 | B21: 地覆·混元卷 | C21: 海阁 | J21: =J16&"（全本）" -> 伏阳开碑拳（全本） | K21: =K20+1 -> 95101030 | N21: 万化 | O21: 1 | Q21: 摧岳 | R21: =VLOOKUP(Q21,$N:$O,2,0) -> 1
A22: 100125 | B22: 地覆·诸御卷 | C22: #N/A | J22: 太极拳 | K22: 95101031 | N22: 凌虚 | O22: 1 | Q22: 百炼 | R22: =VLOOKUP(Q22,$N:$O,2,0) -> 1
A23: 100126 | B23: 地覆·万钟卷 | C23: #N/A | J23: 太极拳 | K23: 95101032 | N23: 太玄 | O23: 1 | Q23: 昭烈 | R23: =VLOOKUP(Q23,$N:$O,2,0) -> 1
A24: 100127 | B24: 地覆·固源卷 | C24: #N/A | J24: 太极拳 | K24: 95101033 | N24: 矢志 | O24: 1 | Q24: 飞将 | R24: =VLOOKUP(Q24,$N:$O,2,0) -> 1
A25: 100129 | B25: 地覆·骄子卷 | C25: 五圣 | J25: 太极拳 | K25: 95101034 | N25: 复烬 | O25: 1 | Q25: 痴缠 | R25: =VLOOKUP(Q25,$N:$O,2,0) -> 1
A26: 100131 | B26: 地覆·触石卷 | C26: 太和 | J26: 太极拳 | K26: 95101035 | N26: 浑旋 | O26: 1 | Q26: 雨绻 | R26: =VLOOKUP(Q26,$N:$O,2,0) -> 1
A27: 100132 | B27: 地覆·睚眦卷 | C27: #N/A | J27: =J26 -> 太极拳 | K27: =K26+1 -> 95101036 | N27: 里剑术 | O27: 1 | Q27: 绸缪 | R27: =VLOOKUP(Q27,$N:$O,2,0) -> 1
A28: 100133 | B28: 地覆·坤玖卷 | C28: #N/A | J28: =J27 -> 太极拳 | K28: =K27+1 -> 95101037 | N28: 断空流 | O28: 1 | Q28: 梅雨 | R28: =VLOOKUP(Q28,$N:$O,2,0) -> 1
A29: 100134 | B29: 人世·诛邪卷 | C29: #N/A | J29: =J26&"（上册）" -> 太极拳（上册） | K29: =K28+1 -> 95101038 | N29: 逆袈裟 | O29: 1 | Q29: 漫堤 | R29: =VLOOKUP(Q29,$N:$O,2,0) -> 1
A30: 100135 | B30: 人世·撼岳卷 | C30: #N/A | J30: =J26&"（下册）" -> 太极拳（下册） | K30: =K29+1 -> 95101039 | N30: 落樱花 | O30: 1 | Q30: 炼血 | R30: =VLOOKUP(Q30,$N:$O,2,0) -> #N/A
A31: 100136 | B31: 人世·孤鸾卷 | C31: #N/A | J31: =J26&"（全本）" -> 太极拳（全本） | K31: =K30+1 -> 95101040 | N31: 风后 | O31: 1 | Q31: 残筋 | R31: =VLOOKUP(Q31,$N:$O,2,0) -> #N/A
A32: 100137 | B32: 人世·天照卷 | C32: #N/A | J32: 凌鸿剑势 | K32: 95102011 | N32: 分野 | O32: 1 | Q32: 化始 | R32: =VLOOKUP(Q32,$N:$O,2,0) -> #N/A
A33: 100138 | B33: 人世·寒鹊卷 | C33: #N/A | J33: 凌鸿剑势 | K33: 95102012 | N33: 独觉 | O33: 1 | Q33: 转寰 | R33: =VLOOKUP(Q33,$N:$O,2,0) -> 1
A34: 100139 | B34: 人世·断肠卷 | C34: 太和 | J34: 凌鸿剑势 | K34: 95102013 | N34: 三生 | O34: 1 | Q34: 朝闻 | R34: =VLOOKUP(Q34,$N:$O,2,0) -> 1
A35: 100141 | B35: 人世·致学卷 | C35: 海阁 | J35: 凌鸿剑势 | K35: 95102014 | N35: 破障 | O35: 1 | Q35: 无我 | R35: =VLOOKUP(Q35,$N:$O,2,0) -> 1
A36: 100142 | B36: 人世·无迹卷 | C36: 五圣 | J36: 凌鸿剑势 | K36: 95102015 | N36: 腾龙 | O36: 1 | Q36: 斗转 | R36: =VLOOKUP(Q36,$N:$O,2,0) -> #N/A
A37: 100143 | B37: 人世·百草卷 | C37: 太和 | J37: =J36 -> 凌鸿剑势 | K37: =K36+1 -> 95102016 | N37: 降世 | O37: 1 | Q37: 昭赤 | R37: =VLOOKUP(Q37,$N:$O,2,0) -> 1
A38: 100144 | B38: 人世·药蛊卷 | C38: #N/A | J38: =J37 -> 凌鸿剑势 | K38: =K37+1 -> 95102017 | N38: 鸿渐 | O38: 1 | Q38: 镇晷 | R38: =VLOOKUP(Q38,$N:$O,2,0) -> 1
A39: 100148 | B39: 人世·丹霞卷 | C39: #N/A | J39: =J36&"（上册）" -> 凌鸿剑势（上册） | K39: =K38+1 -> 95102018 | N39: 时乘 | O39: 1 | Q39: 旱临 | R39: =VLOOKUP(Q39,$N:$O,2,0) -> 1
A40: 100134 | B40: 人世·诛邪卷 | C40: #N/A | J40: =J36&"（下册）" -> 凌鸿剑势（下册） | K40: =K39+1 -> 95102019 | N40: 不息 | O40: 1 | Q40: 烈轮 | R40: =VLOOKUP(Q40,$N:$O,2,0) -> 1
A41: 100135 | B41: 人世·撼岳卷 | C41: #N/A | J41: =J36&"（全本）" -> 凌鸿剑势（全本） | K41: =K40+1 -> 95102020 | N41: 长雁 | O41: 1 | Q41: 至旭 | R41: =VLOOKUP(Q41,$N:$O,2,0) -> 1
A42: 100136 | B42: 人世·孤鸾卷 | C42: #N/A | J42: 清风剑法 | K42: 95102021 | N42: 返鸾 | O42: 1 | Q42: 束发 | R42: =VLOOKUP(Q42,$N:$O,2,0) -> #N/A
A43: 100137 | B43: 人世·天照卷 | C43: #N/A | J43: 清风剑法 | K43: 95102022 | N43: 鸳折 | O43: 1 | Q43: 寥落 | R43: =VLOOKUP(Q43,$N:$O,2,0) -> #N/A
A44: 100138 | B44: 人世·寒鹊卷 | J44: 清风剑法 | K44: 95102023 | N44: 摧岳 | O44: 1 | Q44: 长虹 | R44: =VLOOKUP(Q44,$N:$O,2,0) -> 1
A45: 100139 | B45: 人世·断肠卷 | J45: 清风剑法 | K45: 95102024 | N45: 百炼 | O45: 1 | Q45: 盈亏 | R45: =VLOOKUP(Q45,$N:$O,2,0) -> 1
J46: 清风剑法 | K46: 95102025 | N46: 昭烈 | O46: 1 | Q46: 气清 | R46: =VLOOKUP(Q46,$N:$O,2,0) -> 1
J47: =J46 -> 清风剑法 | K47: =K46+1 -> 95102026 | N47: 飞将 | O47: 1 | Q47: 万化 | R47: =VLOOKUP(Q47,$N:$O,2,0) -> 1
J48: =J47 -> 清风剑法 | K48: =K47+1 -> 95102027 | N48: 痴缠 | O48: 1 | Q48: 凌虚 | R48: =VLOOKUP(Q48,$N:$O,2,0) -> 1
J49: =J46&"（上册）" -> 清风剑法（上册） | K49: =K48+1 -> 95102028 | N49: 雨绻 | O49: 1 | Q49: 魅身 | R49: =VLOOKUP(Q49,$N:$O,2,0) -> 1
J50: =J46&"（下册）" -> 清风剑法（下册） | K50: =K49+1 -> 95102029 | N50: 绸缪 | O50: 1 | Q50: 矢志 | R50: =VLOOKUP(Q50,$N:$O,2,0) -> 1
J51: =J46&"（全本）" -> 清风剑法（全本） | K51: =K50+1 -> 95102030 | N51: 梅雨 | O51: 1 | Q51: 复烬 | R51: =VLOOKUP(Q51,$N:$O,2,0) -> 1
J52: 沧海观澜刀法 | K52: 95102031 | N52: 漫堤 | O52: 1 | Q52: 浑旋 | R52: =VLOOKUP(Q52,$N:$O,2,0) -> 1
J53: 沧海观澜刀法 | K53: 95102032 | N53: 至旭 | O53: 1 | Q53: 里剑术 | R53: =VLOOKUP(Q53,$N:$O,2,0) -> 1
J54: 沧海观澜刀法 | K54: 95102033 | N54: 魅身 | O54: 1 | Q54: 断空流 | R54: =VLOOKUP(Q54,$N:$O,2,0) -> 1
J55: 沧海观澜刀法 | K55: 95102034 | N55: 刑天 | O55: 1 | Q55: 逆袈裟 | R55: =VLOOKUP(Q55,$N:$O,2,0) -> 1
J56: 沧海观澜刀法 | K56: 95102035 | N56: 鼎湖 | O56: 1 | Q56: 落樱花 | R56: =VLOOKUP(Q56,$N:$O,2,0) -> 1
J57: =J56 -> 沧海观澜刀法 | K57: =K56+1 -> 95102036 | N57: 搦战 | O57: 1 | Q57: 刑天 | R57: =VLOOKUP(Q57,$N:$O,2,0) -> 1
J58: =J57 -> 沧海观澜刀法 | K58: =K57+1 -> 95102037 | N58: 孤胆 | O58: 1 | Q58: 风后 | R58: =VLOOKUP(Q58,$N:$O,2,0) -> 1
J59: =J56&"（上册）" -> 沧海观澜刀法（上册） | K59: =K58+1 -> 95102038 | N59: 不破 | O59: 1 | Q59: 分野 | R59: =VLOOKUP(Q59,$N:$O,2,0) -> 1
J60: =J56&"（下册）" -> 沧海观澜刀法（下册） | K60: =K59+1 -> 95102039 | N60: 众覆 | O60: 1 | Q60: 鼎湖 | R60: =VLOOKUP(Q60,$N:$O,2,0) -> 1
J61: =J56&"（全本）" -> 沧海观澜刀法（全本） | K61: =K60+1 -> 95102040 | N61: 杀势 | O61: 1 | Q61: 搦战 | R61: =VLOOKUP(Q61,$N:$O,2,0) -> 1
J62: 两仪剑法 | K62: 95102051 | N62: 尘劫 | O62: 1 | Q62: 孤胆 | R62: =VLOOKUP(Q62,$N:$O,2,0) -> 1
J63: 两仪剑法 | K63: 95102052 | N63: 不垢 | O63: 1 | Q63: 不破 | R63: =VLOOKUP(Q63,$N:$O,2,0) -> 1
J64: 两仪剑法 | K64: 95102053 | N64: 御 | O64: 1 | Q64: 众覆 | R64: =VLOOKUP(Q64,$N:$O,2,0) -> 1
J65: 两仪剑法 | K65: 95102054 | N65: 转瞬 | O65: 1 | Q65: 杀势 | R65: =VLOOKUP(Q65,$N:$O,2,0) -> 1
J66: 两仪剑法 | K66: 95102055 | N66: 须臾 | O66: 1 | Q66: 独觉 | R66: =VLOOKUP(Q66,$N:$O,2,0) -> 1
J67: =J66 -> 两仪剑法 | K67: =K66+1 -> 95102056 | N67: 游散 | O67: 1 | Q67: 尘劫 | R67: =VLOOKUP(Q67,$N:$O,2,0) -> 1
J68: =J67 -> 两仪剑法 | K68: =K67+1 -> 95102057 | N68: 激灼 | O68: 1 | Q68: 三生 | R68: =VLOOKUP(Q68,$N:$O,2,0) -> 1
J69: =J66&"（上册）" -> 两仪剑法（上册） | K69: =K68+1 -> 95102058 | N69: 扬尘 | O69: 1 | Q69: 破障 | R69: =VLOOKUP(Q69,$N:$O,2,0) -> 1
J70: =J66&"（下册）" -> 两仪剑法（下册） | K70: =K69+1 -> 95102059 | N70: 散星 | O70: 1 | Q70: 不垢 | R70: =VLOOKUP(Q70,$N:$O,2,0) -> 1
J71: =J66&"（全本）" -> 两仪剑法（全本） | K71: =K70+1 -> 95102060 | N71: 势 | O71: 1 | Q71: 御 | R71: =VLOOKUP(Q71,$N:$O,2,0) -> 1
J72: 浮萍剑诀 | K72: 95102061 | N72: 返 | O72: 1 | Q72: 腾龙 | R72: =VLOOKUP(Q72,$N:$O,2,0) -> 1
J73: 浮萍剑诀 | K73: 95102062 | N73: 苍 | O73: 1 | Q73: 降世 | R73: =VLOOKUP(Q73,$N:$O,2,0) -> 1
J74: 浮萍剑诀 | K74: 95102063 | N74: 蓄机 | O74: 1 | Q74: 鸿渐 | R74: =VLOOKUP(Q74,$N:$O,2,0) -> 1
J75: 浮萍剑诀 | K75: 95102064 | N75: 流构 | O75: 1 | Q75: 时乘 | R75: =VLOOKUP(Q75,$N:$O,2,0) -> 1
J76: 浮萍剑诀 | K76: 95102065 | N76: 扩匣 | O76: 1 | Q76: 不息 | R76: =VLOOKUP(Q76,$N:$O,2,0) -> 1
J77: 浮萍剑诀 | K77: =K76+1 -> 95102066 | N77: 复始 | O77: 1 | Q77: 晦朔 | R77: =VLOOKUP(Q77,$N:$O,2,0) -> #N/A
J78: =J77 -> 浮萍剑诀 | K78: =K77+1 -> 95102067 | N78: 注化 | O78: 1 | Q78: 蛇影 | R78: =VLOOKUP(Q78,$N:$O,2,0) -> #N/A
J79: =J76&"（上册）" -> 浮萍剑诀（上册） | K79: =K78+1 -> 95102068 | N79: 红月 | O79: 1 | Q79: 星居 | R79: =VLOOKUP(Q79,$N:$O,2,0) -> #N/A
J80: =J76&"（下册）" -> 浮萍剑诀（下册） | K80: =K79+1 -> 95102069 | N80: 清辉 | O80: 1 | Q80: 渺渺然 | R80: =VLOOKUP(Q80,$N:$O,2,0) -> #N/A
J81: =J76&"（全本）" -> 浮萍剑诀（全本） | K81: =K80+1 -> 95102070 | N81: 寒玉 | O81: 1 | Q81: 归骨地 | R81: =VLOOKUP(Q81,$N:$O,2,0) -> #N/A
J82: 斩铁无锋卷 | K82: 95103011 | N82: 破云 | O82: 1 | Q82: 灵犀 | R82: =VLOOKUP(Q82,$N:$O,2,0) -> #N/A
J83: 斩铁无锋卷 | K83: 95103012 | N83: 返日 | O83: 1 | Q83: 祭礼 | R83: =VLOOKUP(Q83,$N:$O,2,0) -> #N/A
J84: 斩铁无锋卷 | K84: 95103013 | N84: 掠风 | O84: 1 | Q84: 百足 | R84: =VLOOKUP(Q84,$N:$O,2,0) -> #N/A
J85: 斩铁无锋卷 | K85: 95103014 | Q85: 转瞬 | R85: =VLOOKUP(Q85,$N:$O,2,0) -> 1
J86: 斩铁无锋卷 | K86: 95103015 | Q86: 须臾 | R86: =VLOOKUP(Q86,$N:$O,2,0) -> 1
J87: =J86 -> 斩铁无锋卷 | K87: =K86+1 -> 95103016 | Q87: 游散 | R87: =VLOOKUP(Q87,$N:$O,2,0) -> 1
J88: =J87 -> 斩铁无锋卷 | K88: =K87+1 -> 95103017 | Q88: 激灼 | R88: =VLOOKUP(Q88,$N:$O,2,0) -> 1
J89: =J86&"（上册）" -> 斩铁无锋卷（上册） | K89: =K88+1 -> 95103018 | Q89: 扬尘 | R89: =VLOOKUP(Q89,$N:$O,2,0) -> 1
J90: =J86&"（下册）" -> 斩铁无锋卷（下册） | K90: =K89+1 -> 95103019 | Q90: 散星 | R90: =VLOOKUP(Q90,$N:$O,2,0) -> 1
J91: =J86&"（全本）" -> 斩铁无锋卷（全本） | K91: =K90+1 -> 95103020 | Q91: 势 | R91: =VLOOKUP(Q91,$N:$O,2,0) -> 1
J92: 北顾枪法 | K92: 95104011 | Q92: 返 | R92: =VLOOKUP(Q92,$N:$O,2,0) -> 1
J93: 北顾枪法 | K93: 95104012 | Q93: 苍 | R93: =VLOOKUP(Q93,$N:$O,2,0) -> 1
J94: 北顾枪法 | K94: 95104013 | Q94: 断绳 | R94: =VLOOKUP(Q94,$N:$O,2,0) -> #N/A
J95: 北顾枪法 | K95: 95104014 | Q95: 刀取 | R95: =VLOOKUP(Q95,$N:$O,2,0) -> #N/A
J96: 北顾枪法 | K96: 95104015 | Q96: 守土 | R96: =VLOOKUP(Q96,$N:$O,2,0) -> #N/A
J97: =J96 -> 北顾枪法 | K97: =K96+1 -> 95104016 | Q97: 开疆 | R97: =VLOOKUP(Q97,$N:$O,2,0) -> #N/A
J98: =J97 -> 北顾枪法 | K98: =K97+1 -> 95104017 | Q98: 蓄机 | R98: =VLOOKUP(Q98,$N:$O,2,0) -> 1
J99: =J96&"（上册）" -> 北顾枪法（上册） | K99: =K98+1 -> 95104018 | Q99: 流构 | R99: =VLOOKUP(Q99,$N:$O,2,0) -> 1
J100: =J96&"（下册）" -> 北顾枪法（下册） | K100: =K99+1 -> 95104019 | Q100: 扩匣 | R100: =VLOOKUP(Q100,$N:$O,2,0) -> 1
...
